InventoryID,Description,Live Description,Current ItemClass,Live ItemClass,Proposed ItemClass,Warehouses,QtyOnHand Status,Current Vendor,Proposed VendorID,Proposed VendorName,Vendor Confidence,Vendor Match Reason,Spreadsheet VendorID,API Status,AuditStatus
1234,Cartridge,Cartridge,APLS-LOT,APLS-LOT,APLS-RCVD,(no WarehouseDetails rows),ELIGIBLE,,,,NONE,No current VendorDetails row and no deterministic existing StockItem pattern met the audit threshold.,,FOUND,VENDOR_REVIEW_REQUIRED
DGC7880CTS,"VitroLine 30"" Xxl Combi Steam M-Touch - Clean Touch Steel","VitroLine 30"" Xxl Combi Steam M-Touch - Clean Touch Steel",APLS-LOT,APLS-LOT,APLS-RCVD,(no WarehouseDetails rows),ELIGIBLE,,,,NONE,No current VendorDetails row and no deterministic existing StockItem pattern met the audit threshold.,,FOUND,VENDOR_REVIEW_REQUIRED
H7880BPCTS,"VitroLine 30"" Single Oven M-Touch - Clean Touch Steel","VitroLine 30"" Single Oven M-Touch - Clean Touch Steel",APLS-LOT,APLS-LOT,APLS-RCVD,SALT LAKE APPLIANCES=0,ELIGIBLE,,,,NONE,No current VendorDetails row and no deterministic existing StockItem pattern met the audit threshold.,,FOUND,VENDOR_REVIEW_REQUIRED
JAMES TEST 2,Item Description,Item Description,APLS-LOT,APLS-LOT,APLS-RCVD,(no WarehouseDetails rows),ELIGIBLE,,,,NONE,No current VendorDetails row and no deterministic existing StockItem pattern met the audit threshold.,,FOUND,VENDOR_REVIEW_REQUIRED
KM7745FL,"Miele 36"" Induction Cooktop Frameless - Black SKU 12074230","Miele 36"" Induction Cooktop Frameless - Black SKU 12074230",APLS-LOT,APLS-LOT,APLS-RCVD,SALT LAKE APPLIANCES=1,SKIP_QTY_ON_HAND,BA0000784 Miele,BA0000784,Miele,HIGH,Current StockItem VendorDetails contains 1 vendor row(s); selected first active VendorID BA0000784.,,FOUND,SKIP_QTY_ON_HAND
RF170WDRX5 N,"32"" Bottom Mount Refrigerator Freezer, 17 Cu Ft, Stainless Steel, Non Ice & Water, Right Hinge, Counter Depth Contemporary","32"" Bottom Mount Refrigerator Freezer, 17 Cu Ft, Stainless Steel, Non Ice & Water, Right Hinge, Counter Depth Contemporary",APLS-LOT,APLS-LOT,APLS-RCVD,(no WarehouseDetails rows),ELIGIBLE,,,,NONE,No current VendorDetails row and no deterministic existing StockItem pattern met the audit threshold.,,FOUND,VENDOR_REVIEW_REQUIRED
CVA7845CTS,"Miele 24"" PureLine Coffee Plumbed MTouch (Clean Touch Steel) -SKU: 11733840","Miele 24"" PureLine Coffee Plumbed MTouch (Clean Touch Steel) -SKU: 11733840",APLS-RCVD,APLS-RCVD,,SALT LAKE SHOWROOM=1; BOISE WAREHOUSE=0; SALT LAKE APPLIANCES=0,SKIP_QTY_ON_HAND,BA0000784 Miele,BA0000784,Miele,HIGH,Current StockItem VendorDetails contains 2 vendor row(s); selected default active VendorID BA0000784.,,FOUND,SKIP_QTY_ON_HAND
DD24DCTX9 N,"Stainless Steel Double Dishdrawer, Full Size, Recessed Handle","Stainless Steel Double Dishdrawer, Full Size, Recessed Handle",APLS-RCVD,APLS-RCVD,,(no WarehouseDetails rows),ELIGIBLE,,BA0000773,Fisher & Paykel,HIGH,prefix DD24 maps to BA0000773 in 27/27 existing vendor-populated StockItems.,,FOUND,UNKNOWN_ITEM_CLASS
G5051SCVIACTIVE,"Miele 24"" Dishwasher ADA Panel Ready Top Control (Stainless Steel) -SKU: 11636710","Miele 24"" Dishwasher ADA Panel Ready Top Control (Stainless Steel) -SKU: 11636710",APLS-RCVD,APLS-RCVD,,BOISE WAREHOUSE=0,ELIGIBLE,BA0000784 Miele,BA0000784,Miele,HIGH,Current StockItem VendorDetails contains 1 vendor row(s); selected first active VendorID BA0000784.,,FOUND,UNKNOWN_ITEM_CLASS
G5056SCVI,"Miele 24"" Dishwasher Top Control - Panel Ready","Miele 24"" Dishwasher Top Control - Panel Ready",APLS-RCVD,APLS-RCVD,,BOISE WAREHOUSE=2,SKIP_QTY_ON_HAND,BA0000784 Miele,BA0000784,Miele,HIGH,Current StockItem VendorDetails contains 1 vendor row(s); selected first active VendorID BA0000784.,,FOUND,SKIP_QTY_ON_HAND
G5056SCVISF,"PureLine 24"" Dishwasher Handle Top Control - Clean Touch Steel","PureLine 24"" Dishwasher Handle Top Control - Clean Touch Steel",APLS-RCVD,APLS-RCVD,,BOISE WAREHOUSE=0; SALT LAKE APPLIANCES=0,ELIGIBLE,BA0000784 Miele,BA0000784,Miele,HIGH,Current StockItem VendorDetails contains 2 vendor row(s); selected first active VendorID BA0000784.,,FOUND,UNKNOWN_ITEM_CLASS
G7266SCVI,"24"" Dishwasher Top Control - Panel Ready","24"" Dishwasher Top Control - Panel Ready",APLS-RCVD,APLS-RCVD,,BOISE WAREHOUSE=0; SALT LAKE APPLIANCES=0,ELIGIBLE,BA0000784 Miele,BA0000784,Miele,HIGH,Current StockItem VendorDetails contains 2 vendor row(s); selected first active VendorID BA0000784.,,FOUND,UNKNOWN_ITEM_CLASS
H2780BP,"ContourLine 30"" Single Oven Directselect - Clean Touch Steel","ContourLine 30"" Single Oven Directselect - Clean Touch Steel",APLS-RCVD,APLS-RCVD,,(no WarehouseDetails rows),ELIGIBLE,,,,NONE,No current VendorDetails row and no deterministic existing StockItem pattern met the audit threshold.,,FOUND,UNKNOWN_ITEM_CLASS
KCGK936TSS,"36"" 6 Burner Gas Rangetop","36"" 6 Burner Gas Rangetop",APLS-RCVD,APLS-RCVD,,BOISE WAREHOUSE=0,ELIGIBLE,,,,NONE,No current VendorDetails row and no deterministic existing StockItem pattern met the audit threshold.,,FOUND,UNKNOWN_ITEM_CLASS
KMBT730SPS,Built In More In One convection Microwave Oven - PrintShield Stainless Steel,Built In More In One convection Microwave Oven - PrintShield Stainless Steel,APLS-RCVD,APLS-RCVD,,BOISE WAREHOUSE=1,SKIP_QTY_ON_HAND,BA0022552 Whirlpool - 4002092150 - MLD ID - TRESIDIO HOMES,BA0022552,Whirlpool - 4002092150 - MLD ID - TRESIDIO HOMES,HIGH,Current StockItem VendorDetails contains 1 vendor row(s); selected first active VendorID BA0022552.,,FOUND,SKIP_QTY_ON_HAND
KMR1354-3GEDST/CLST,"48"" Rangetop 8 Burner Natural Gas Directselect - Stainless Steel","48"" Rangetop 8 Burner Natural Gas Directselect - Stainless Steel",APLS-RCVD,APLS-RCVD,,BOISE WAREHOUSE=0,ELIGIBLE,BA0000784 Miele,BA0000784,Miele,HIGH,Current StockItem VendorDetails contains 1 vendor row(s); selected first active VendorID BA0000784.,,FOUND,UNKNOWN_ITEM_CLASS
MLFZ224-IS01A,"Marvel Classic 24"" Freezer, Solid Door, Reversible Door - Panel Ready","Marvel Classic 24"" Freezer, Solid Door, Reversible Door - Panel Ready",APLS-RCVD,APLS-RCVD,,BOISE WAREHOUSE=1,SKIP_QTY_ON_HAND,BA0000785 MILESTONE DISTRIBUTORS,BA0000785,MILESTONE DISTRIBUTORS,HIGH,Current StockItem VendorDetails contains 1 vendor row(s); selected first active VendorID BA0000785.,,FOUND,SKIP_QTY_ON_HAND
RVA466600,"Door Direction Change Kit 24""","Door Direction Change Kit 24""",APLS-RCVD,APLS-RCVD,,SALT LAKE APPLIANCES=0,ELIGIBLE,BA0000001 BSH Home Appliances,BA0000001,BSH Home Appliances,HIGH,Current StockItem VendorDetails contains 1 vendor row(s); selected first active VendorID BA0000001.,,FOUND,UNKNOWN_ITEM_CLASS
WXR860WCSTDOS&INTENSEWASH,"24"" W1 Washer Tdos And Intensewash M-Touch Control - Lotus White","24"" W1 Washer Tdos And Intensewash M-Touch Control - Lotus White",APLS-RCVD,APLS-RCVD,,SALT LAKE APPLIANCES=0,ELIGIBLE,,BA0000784,Miele,HIGH,brand-token MIELE maps to BA0000784 in 17/17 existing vendor-populated StockItems.,,FOUND,UNKNOWN_ITEM_CLASS
H7640BMAM,"PureLine 24"" Speed Oven M-Touch - Clean Touch Steel","PureLine 24"" Speed Oven M-Touch - Clean Touch Steel",APLS-USED,APLS-USED,APLS-RCVD,SALT LAKE APPLIANCES=0,ELIGIBLE,,,,NONE,No current VendorDetails row and no deterministic existing StockItem pattern met the audit threshold.,,FOUND,VENDOR_REVIEW_REQUIRED
4LTEPROCTCV,"LTE Pro 32"" 4 Burner On Cart Gas Grill Cover","LTE Pro 32"" 4 Burner On Cart Gas Grill Cover",APPLIANCE,APPLIANCE,APLS-RCVD,SALT LAKE APPLIANCES=1; SALT LAKE PLUMBING=0,SKIP_QTY_ON_HAND,"BA0000004 Tri-State Distributors, INC.",BA0000004,"Tri-State Distributors, INC.",HIGH,Current StockItem VendorDetails contains 1 vendor row(s); selected first active VendorID BA0000004.,,FOUND,SKIP_QTY_ON_HAND
9044757,"Classic 42"" Pro Louvered Grille 84"" Finished Height - Stainless Steel","Classic 42"" Pro Louvered Grille 84"" Finished Height - Stainless Steel",APPLIANCE,APPLIANCE,APLS-RCVD,(no WarehouseDetails rows),ELIGIBLE,,,,NONE,No current VendorDetails row and no deterministic existing StockItem pattern met the audit threshold.,,FOUND,VENDOR_REVIEW_REQUIRED
9066983,"36"" Induction Range Knob Kit - Brushed Stainless","36"" Induction Range Knob Kit - Brushed Stainless",APPLIANCE,APPLIANCE,APLS-RCVD,BOISE WAREHOUSE=0,ELIGIBLE,,,,NONE,No current VendorDetails row and no deterministic existing StockItem pattern met the audit threshold.,,FOUND,VENDOR_REVIEW_REQUIRED
9067439,"30"" Bezel Kit - Brushed Brass","30"" Bezel Kit - Brushed Brass",APPLIANCE,APPLIANCE,APLS-RCVD,SALT LAKE APPLIANCES=1,SKIP_QTY_ON_HAND,BA0000002 Roth Living,BA0000002,Roth Living,HIGH,Current StockItem VendorDetails contains 1 vendor row(s); selected first active VendorID BA0000002.,,FOUND,SKIP_QTY_ON_HAND
9067459,"36"" Gas Range Knobs No Charge - Brushed Brass","36"" Gas Range Knobs No Charge - Brushed Brass",APPLIANCE,APPLIANCE,APLS-RCVD,BOISE WAREHOUSE=0,ELIGIBLE,,,,NONE,No current VendorDetails row and no deterministic existing StockItem pattern met the audit threshold.,,FOUND,VENDOR_REVIEW_REQUIRED
9067529,Brushed Gray Knobs,Brushed Gray Knobs,APPLIANCE,APPLIANCE,APLS-RCVD,BOISE WAREHOUSE=0; SALT LAKE APPLIANCES=0,ELIGIBLE,,BA0000002,Roth Living,MEDIUM,brand-token WOLF suggests BA0000002 in 18/18 existing vendor-populated StockItems; manual review required.,,FOUND,VENDOR_REVIEW_REQUIRED
9071215,"60"" Range Skirt - Black","60"" Range Skirt - Black",APPLIANCE,APPLIANCE,APLS-RCVD,SALT LAKE SHOWROOM=1; SALT LAKE APPLIANCES=0,SKIP_QTY_ON_HAND,BA0000002 Roth Living,BA0000002,Roth Living,HIGH,Current StockItem VendorDetails contains 2 vendor row(s); selected first active VendorID BA0000002.,,FOUND,SKIP_QTY_ON_HAND
9071219,"60"" Range Skirt - White","60"" Range Skirt - White",APPLIANCE,APPLIANCE,APLS-RCVD,SALT LAKE APPLIANCES=0,ELIGIBLE,,,,NONE,No current VendorDetails row and no deterministic existing StockItem pattern met the audit threshold.,,FOUND,VENDOR_REVIEW_REQUIRED
ADFD2D24PNR,"24"" Wide 2 Drawer All Freezer, Ada Compliant - Stainless Steel / Panel Ready","24"" Wide 2 Drawer All Freezer, Ada Compliant - Stainless Steel / Panel Ready",APPLIANCE,APPLIANCE,APLS-RCVD,(no WarehouseDetails rows),ELIGIBLE,,,,NONE,No current VendorDetails row and no deterministic existing StockItem pattern met the audit threshold.,,FOUND,VENDOR_REVIEW_REQUIRED
AEL361DFSS,"Elise 36"" Dual Fuel Range - Stainless Steel","Elise 36"" Dual Fuel Range - Stainless Steel",APPLIANCE,APPLIANCE,APLS-RCVD,SALT LAKE APPLIANCES=0,ELIGIBLE,,,,NONE,No current VendorDetails row and no deterministic existing StockItem pattern met the audit threshold.,,FOUND,VENDOR_REVIEW_REQUIRED
BH234PSLD SS,"34 3/8"" 600 Cfm Wall Mount Liner Insert - Stainless Steel","34 3/8"" 600 Cfm Wall Mount Liner Insert - Stainless Steel",APPLIANCE,APPLIANCE,APLS-RCVD,BOISE WAREHOUSE=0,ELIGIBLE,,BA0000787,Mode Distributing LLC,HIGH,prefix BH234 maps to BA0000787 in 6/6 existing vendor-populated StockItems.,,FOUND,READY
BH234SLD SS,"34 3/8"" 600 Cfm Wall Mount Liner Insert - Stainless Steel","34 3/8"" 600 Cfm Wall Mount Liner Insert - Stainless Steel",APPLIANCE,APPLIANCE,APLS-RCVD,(no WarehouseDetails rows),ELIGIBLE,,BA0000787,Mode Distributing LLC,HIGH,prefix BH234 maps to BA0000787 in 6/6 existing vendor-populated StockItems.,,FOUND,READY
BH240SLD SS,"40 3/8"" 600 Cfm Wall Mount Liner Insert - Stainless Steel","40 3/8"" 600 Cfm Wall Mount Liner Insert - Stainless Steel",APPLIANCE,APPLIANCE,APLS-RCVD,SALT LAKE HARDWARE=0; SALT LAKE APPLIANCES=0,ELIGIBLE,BA0000787 Mode Distributing LLC,BA0000787,Mode Distributing LLC,HIGH,Current StockItem VendorDetails contains 1 vendor row(s); selected first active VendorID BA0000787.,,FOUND,READY
BH246SLD SS,"46 3/8"" 600 Cfm Wall Mount Liner Insert - Stainless Steel","46 3/8"" 600 Cfm Wall Mount Liner Insert - Stainless Steel",APPLIANCE,APPLIANCE,APLS-RCVD,(no WarehouseDetails rows),ELIGIBLE,,,,NONE,No current VendorDetails row and no deterministic existing StockItem pattern met the audit threshold.,,FOUND,VENDOR_REVIEW_REQUIRED
BH346SLD SS,"Vent-A-Hood Wall Mounted Hood Liner Insert with 4-Speeds, 900 CFM, 6 3/8"" W x 19 1/4"" D - Stainless Steel","Vent-A-Hood Wall Mounted Hood Liner Insert with 4-Speeds, 900 CFM, 6 3/8"" W x 19 1/4"" D - Stainless Steel",APPLIANCE,APPLIANCE,APLS-RCVD,SALT LAKE APPLIANCES=0,ELIGIBLE,BA0000787 Mode Distributing LLC,BA0000787,Mode Distributing LLC,HIGH,Current StockItem VendorDetails contains 1 vendor row(s); selected first active VendorID BA0000787.,,FOUND,READY
BLZ-4LTEPRO-CART-LTSC,"LTE Pro 32"" 4 Burner Gas Grill Cart","LTE Pro 32"" 4 Burner Gas Grill Cart",APPLIANCE,APPLIANCE,APLS-RCVD,SALT LAKE SHOWROOM=1; SALT LAKE APPLIANCES=1; SALT LAKE PLUMBING=0,SKIP_QTY_ON_HAND,"BA0000004 Tri-State Distributors, INC.",BA0000004,"Tri-State Distributors, INC.",HIGH,Current StockItem VendorDetails contains 1 vendor row(s); selected first active VendorID BA0000004.,,FOUND,SKIP_QTY_ON_HAND
CL3050W/O/R,"Classic 30"" Wine Storage - Panel Ready","Classic 30"" Wine Storage - Panel Ready",APPLIANCE,APPLIANCE,APLS-RCVD,(no WarehouseDetails rows),ELIGIBLE,,,,NONE,No current VendorDetails row and no deterministic existing StockItem pattern met the audit threshold.,,FOUND,VENDOR_REVIEW_REQUIRED
CTD90DP2ZS1,"Professional Series 30"" Smart Built In Convection Double Wall Oven - Stainless Steel","Professional Series 30"" Smart Built In Convection Double Wall Oven - Stainless Steel",APPLIANCE,APPLIANCE,APLS-RCVD,SALT LAKE APPLIANCES=1,SKIP_QTY_ON_HAND,BA0000774 G.E. / General Electric,BA0000774,G.E. / General Electric,HIGH,Current StockItem VendorDetails contains 1 vendor row(s); selected first active VendorID BA0000774.,,FOUND,SKIP_QTY_ON_HAND
CTD90FP2ZS1,"Professional Series 30"" Smart Built In Convection French Door Double Wall Oven - Stainless Steel","Professional Series 30"" Smart Built In Convection French Door Double Wall Oven - Stainless Steel",APPLIANCE,APPLIANCE,APLS-RCVD,BOISE WAREHOUSE=0; SOUTHWEST WAREHOUSE=0,ELIGIBLE,BA0000774 G.E. / General Electric,BA0000774,G.E. / General Electric,HIGH,Current StockItem VendorDetails contains 1 vendor row(s); selected first active VendorID BA0000774.,,FOUND,READY
CVA7775,"ContourLine 30"" Coffee Plumbed M-Touch - Clean Touch Steel","ContourLine 30"" Coffee Plumbed M-Touch - Clean Touch Steel",APPLIANCE,APPLIANCE,APLS-RCVD,(no WarehouseDetails rows),ELIGIBLE,,,,NONE,No current VendorDetails row and no deterministic existing StockItem pattern met the audit threshold.,,FOUND,VENDOR_REVIEW_REQUIRED
DD24DTI9 N,"Integrated Double Dishdrawer, Full Size, Panel Ready","Integrated Double Dishdrawer, Full Size, Panel Ready",APPLIANCE,APPLIANCE,APLS-RCVD,(no WarehouseDetails rows),ELIGIBLE,,BA0000773,Fisher & Paykel,HIGH,prefix DD24 maps to BA0000773 in 27/27 existing vendor-populated StockItems.,,FOUND,READY
DF30450/BK/P/LP,"30"" Dual Fuel Range, 4 Burners, Liquid Propane - Black","30"" Dual Fuel Range, 4 Burners, Liquid Propane - Black",APPLIANCE,APPLIANCE,APLS-RCVD,(no WarehouseDetails rows),ELIGIBLE,,,,NONE,No current VendorDetails row and no deterministic existing StockItem pattern met the audit threshold.,,FOUND,VENDOR_REVIEW_REQUIRED
DGC7580,"ContourLine 30"" Xxl Combi Steam M-Touch - Clean Touch Steel","ContourLine 30"" Xxl Combi Steam M-Touch - Clean Touch Steel",APPLIANCE,APPLIANCE,APLS-RCVD,SALT LAKE APPLIANCES=0,ELIGIBLE,,,,NONE,No current VendorDetails row and no deterministic existing StockItem pattern met the audit threshold.,,FOUND,VENDOR_REVIEW_REQUIRED
DGC7860AMGRG,"VitroLine 24"" Xxl Combi Steam M-Touch - Graphite Grey","VitroLine 24"" Xxl Combi Steam M-Touch - Graphite Grey",APPLIANCE,APPLIANCE,APLS-RCVD,(no WarehouseDetails rows),ELIGIBLE,,,,NONE,No current VendorDetails row and no deterministic existing StockItem pattern met the audit threshold.,,FOUND,VENDOR_REVIEW_REQUIRED
DGC7880GRG,"VitroLine 30"" Xxl Combi Steam M-Touch - Graphite Grey","VitroLine 30"" Xxl Combi Steam M-Touch - Graphite Grey",APPLIANCE,APPLIANCE,APLS-RCVD,SALT LAKE APPLIANCES=0,ELIGIBLE,,,,NONE,No current VendorDetails row and no deterministic existing StockItem pattern met the audit threshold.,,FOUND,VENDOR_REVIEW_REQUIRED
DRR30980RAP/DA,"30"" Column Fridge, Right - Panel Ready","30"" Column Fridge, Right - Panel Ready",APPLIANCE,APPLIANCE,APLS-RCVD,SALT LAKE HARDWARE=0; SALT LAKE APPLIANCES=1,SKIP_QTY_ON_HAND,BA0022832 SAMSUNG - Dacor Preferred Builder Pricing,BA0022832,SAMSUNG - Dacor Preferred Builder Pricing,HIGH,Current StockItem VendorDetails contains 1 vendor row(s); selected first active VendorID BA0022832.,,FOUND,SKIP_QTY_ON_HAND
DRZ30980LAP/DA,"30"" Column Freezer, Left - Panel Ready","30"" Column Freezer, Left - Panel Ready",APPLIANCE,APPLIANCE,APLS-RCVD,SALT LAKE HARDWARE=0; SALT LAKE APPLIANCES=1,SKIP_QTY_ON_HAND,BA0022833 SAMSUNG - Dacor Sommet Blanc Q-31255-1,BA0022833,SAMSUNG - Dacor Sommet Blanc Q-31255-1,HIGH,Current StockItem VendorDetails contains 2 vendor row(s); selected first active VendorID BA0022833.,,FOUND,SKIP_QTY_ON_HAND
EXTKIT12HBE,Wall Hood Chimney Extension Kit - Black Ore,Wall Hood Chimney Extension Kit - Black Ore,APPLIANCE,APPLIANCE,APLS-RCVD,SALT LAKE APPLIANCES=1,SKIP_QTY_ON_HAND,BA0021533 Whirlpool - 4002091136 _4001335559 - Arive Homes,BA0021533,Whirlpool - 4002091136 _4001335559 - Arive Homes,HIGH,Current StockItem VendorDetails contains 1 vendor row(s); selected first active VendorID BA0021533.,,FOUND,SKIP_QTY_ON_HAND
FBUI5242G,"24” Beverage Center, Glass - Panel Ready","24” Beverage Center, Glass - Panel Ready",APPLIANCE,APPLIANCE,APLS-RCVD,(no WarehouseDetails rows),ELIGIBLE,,,,NONE,No current VendorDetails row and no deterministic existing StockItem pattern met the audit threshold.,,FOUND,VENDOR_REVIEW_REQUIRED
G5266SCVI,"Miele 24"" Dishwasher Active Panel Ready Top Control (Stainless Steel) -SKU: 11636740","Miele 24"" Dishwasher Active Panel Ready Top Control (Stainless Steel) -SKU: 11636740",APPLIANCE,APPLIANCE,APLS-RCVD,BOISE WAREHOUSE=0; SALT LAKE APPLIANCES=0,ELIGIBLE,BA0000784 Miele,BA0000784,Miele,HIGH,Current StockItem VendorDetails contains 1 vendor row(s); selected first active VendorID BA0000784.,,FOUND,READY
G7186SCVI,"Miele 24"" Dishwasher Top Control Autodos - Panel Ready","Miele 24"" Dishwasher Top Control Autodos - Panel Ready",APPLIANCE,APPLIANCE,APLS-RCVD,BOISE WAREHOUSE=1; SALT LAKE APPLIANCES=0,SKIP_QTY_ON_HAND,BA0000784 Miele,BA0000784,Miele,HIGH,Current StockItem VendorDetails contains 1 vendor row(s); selected first active VendorID BA0000784.,,FOUND,SKIP_QTY_ON_HAND
G7766SCVI,"24"" Dishwasher Top Control Autodos - Panel Ready","24"" Dishwasher Top Control Autodos - Panel Ready",APPLIANCE,APPLIANCE,APLS-RCVD,SALT LAKE APPLIANCES=0,ELIGIBLE,,,,NONE,No current VendorDetails row and no deterministic existing StockItem pattern met the audit threshold.,,FOUND,VENDOR_REVIEW_REQUIRED
G7791SCVIK2O(ADA),"24"" Fully Integrated Panel-Ready Dishwasher K2O Top Control (Ada) - Obsidian Black","24"" Fully Integrated Panel-Ready Dishwasher K2O Top Control (Ada) - Obsidian Black",APPLIANCE,APPLIANCE,APLS-RCVD,SALT LAKE APPLIANCES=0,ELIGIBLE,,,,NONE,No current VendorDetails row and no deterministic existing StockItem pattern met the audit threshold.,,FOUND,VENDOR_REVIEW_REQUIRED
GW483720,"Expressive Series Culinary Warming Drawer 30"", Push To Open","Expressive Series Culinary Warming Drawer 30"", Push To Open",APPLIANCE,APPLIANCE,APLS-RCVD,(no WarehouseDetails rows),ELIGIBLE,,,,NONE,No current VendorDetails row and no deterministic existing StockItem pattern met the audit threshold.,,FOUND,VENDOR_REVIEW_REQUIRED
H7280BPGRG,"VitroLine 30"" Single Oven Directsensor - Graphite Grey","VitroLine 30"" Single Oven Directsensor - Graphite Grey",APPLIANCE,APPLIANCE,APLS-RCVD,SALT LAKE APPLIANCES=0,ELIGIBLE,,,,NONE,No current VendorDetails row and no deterministic existing StockItem pattern met the audit threshold.,,FOUND,VENDOR_REVIEW_REQUIRED
H7580BP,"ContourLine 30"" Single Oven M-Touch - Clean Touch Steel","ContourLine 30"" Single Oven M-Touch - Clean Touch Steel",APPLIANCE,APPLIANCE,APLS-RCVD,SALT LAKE APPLIANCES=0,ELIGIBLE,,,,NONE,No current VendorDetails row and no deterministic existing StockItem pattern met the audit threshold.,,FOUND,VENDOR_REVIEW_REQUIRED
HA15CU-W,"15"" Ada Height Compliant Cubelet Ice Maker With Pump, Solid Door, Hinge Reversible, R290 - Panel Ready","15"" Ada Height Compliant Cubelet Ice Maker With Pump, Solid Door, Hinge Reversible, R290 - Panel Ready",APPLIANCE,APPLIANCE,APLS-RCVD,(no WarehouseDetails rows),ELIGIBLE,,,,NONE,No current VendorDetails row and no deterministic existing StockItem pattern met the audit threshold.,,FOUND,VENDOR_REVIEW_REQUIRED
HBN536212SS,"36-inch Built-in Range Hood With True Iq Blower System, 1240 Truecfm, 23-1/2"" Depth - Stainless Steel","36-inch Built-in Range Hood With True Iq Blower System, 1240 Truecfm, 23-1/2"" Depth - Stainless Steel",APPLIANCE,APPLIANCE,APLS-RCVD,SALT LAKE APPLIANCES=0,ELIGIBLE,,,,NONE,No current VendorDetails row and no deterministic existing StockItem pattern met the audit threshold.,,FOUND,VENDOR_REVIEW_REQUIRED
HIF5050MU,"500 Series 30"" Range Induction - Stainless Steel","500 Series 30"" Range Induction - Stainless Steel",APPLIANCE,APPLIANCE,APLS-RCVD,SALT LAKE APPLIANCES=1,SKIP_QTY_ON_HAND,BA0015645 BSH SLC MC - Trapper Ridge - 2364035048,BA0015645,BSH SLC MC - Trapper Ridge - 2364035048,HIGH,Current StockItem VendorDetails contains 1 vendor row(s); selected first active VendorID BA0015645.,,FOUND,SKIP_QTY_ON_HAND
HP15CU-W,"Signature Series 15"" Cubelet Ice Maker With Pump, Solid Door, Hinge Reversible, R290 - Panel Ready","Signature Series 15"" Cubelet Ice Maker With Pump, Solid Door, Hinge Reversible, R290 - Panel Ready",APPLIANCE,APPLIANCE,APLS-RCVD,(no WarehouseDetails rows),ELIGIBLE,,,,NONE,No current VendorDetails row and no deterministic existing StockItem pattern met the audit threshold.,,FOUND,VENDOR_REVIEW_REQUIRED
HPB4819-12 N,"Series 9 48"" Integrated Insert Range Hood - Stainless Steel","Series 9 48"" Integrated Insert Range Hood - Stainless Steel",APPLIANCE,APPLIANCE,APLS-RCVD,(no WarehouseDetails rows),ELIGIBLE,,,,NONE,No current VendorDetails row and no deterministic existing StockItem pattern met the audit threshold.,,FOUND,VENDOR_REVIEW_REQUIRED
JBZFR24IGX,"24"" Built In Column Freezer, Right Swing - Panel Ready","24"" Built In Column Freezer, Right Swing - Panel Ready",APPLIANCE,APPLIANCE,APLS-RCVD,BOISE WAREHOUSE=0,ELIGIBLE,BA0022556 Whirlpool - 4002095720 - MLD ID - AVIMOR - PHASE 2,BA0022556,Whirlpool - 4002095720 - MLD ID - AVIMOR - PHASE 2,HIGH,Current StockItem VendorDetails contains 1 vendor row(s); selected first active VendorID BA0022556.,,FOUND,READY
L701R-NG,"Sedona 42"" Built In Grill With Rotisserie, 3 Tube Burners - Stainless Steel","Sedona 42"" Built In Grill With Rotisserie, 3 Tube Burners - Stainless Steel",APPLIANCE,APPLIANCE,APLS-RCVD,(no WarehouseDetails rows),ELIGIBLE,,,,NONE,No current VendorDetails row and no deterministic existing StockItem pattern met the audit threshold.,,FOUND,VENDOR_REVIEW_REQUIRED
LDNTH862S,"Top Control Flush Depth,  New Handle, 39 dB, Smart Wi-Fi, Auto Open Door, Dynamic Heat Dry, True Steam, Adjustable 3rd Rack, Glide Rail, Wheel Bearing, LED Tub Light - Print Proof Stainless Steel","Top Control Flush Depth,  New Handle, 39 dB, Smart Wi-Fi, Auto Open Door, Dynamic Heat Dry, True Steam, Adjustable 3rd Rack, Glide Rail, Wheel Bearing, LED Tub Light - Print Proof Stainless Steel",APPLIANCE,APPLIANCE,APLS-RCVD,BOISE WAREHOUSE=0,ELIGIBLE,"BA0000779 LG Electronics U.S.A., Inc.",BA0000779,"LG Electronics U.S.A., Inc.",HIGH,Current StockItem VendorDetails contains 1 vendor row(s); selected first active VendorID BA0000779.,,FOUND,READY
LYNX-GBFD-42,"Outdoor Color Collection 42"" Grill Base Cabinet - Stainless Steel","Outdoor Color Collection 42"" Grill Base Cabinet - Stainless Steel",APPLIANCE,APPLIANCE,APLS-RCVD,SALT LAKE HARDWARE=0,ELIGIBLE,,,,NONE,No current VendorDetails row and no deterministic existing StockItem pattern met the audit threshold.,,FOUND,VENDOR_REVIEW_REQUIRED
LYNX-P-RSE-FEP-28.25,1”W End Panel 28-1/4”D,1”W End Panel 28-1/4”D,APPLIANCE,APPLIANCE,APLS-RCVD,SALT LAKE HARDWARE=0,ELIGIBLE,,,,NONE,No current VendorDetails row and no deterministic existing StockItem pattern met the audit threshold.,,FOUND,VENDOR_REVIEW_REQUIRED
LYNX-P-RSE-FRP-66,66”W Flat Rear Panel,66”W Flat Rear Panel,APPLIANCE,APPLIANCE,APLS-RCVD,SALT LAKE HARDWARE=0,ELIGIBLE,,,,NONE,No current VendorDetails row and no deterministic existing StockItem pattern met the audit threshold.,,FOUND,VENDOR_REVIEW_REQUIRED
MACP215-SS01B,"Low Profile 15"" Low Profile Clear Ice Machine, Pump, Solid Door, Reversible Door - Stainless Steel","Low Profile 15"" Low Profile Clear Ice Machine, Pump, Solid Door, Reversible Door - Stainless Steel",APPLIANCE,APPLIANCE,APLS-RCVD,(no WarehouseDetails rows),ELIGIBLE,,,,NONE,No current VendorDetails row and no deterministic existing StockItem pattern met the audit threshold.,,FOUND,VENDOR_REVIEW_REQUIRED
MGD7020RW,"27"" 7.4 Cubic Feet Front Load Gas Dryer - White","27"" 7.4 Cubic Feet Front Load Gas Dryer - White",APPLIANCE,APPLIANCE,APLS-RCVD,SALT LAKE APPLIANCES=0; SALT LAKE PLUMBING=0,ELIGIBLE,,,,NONE,No current VendorDetails row and no deterministic existing StockItem pattern met the audit threshold.,,FOUND,VENDOR_REVIEW_REQUIRED
MO24SS-3 Y,"Fisher & Paykel Contemporary 24"" Contemporary Microwave, 5 Cooking Modes","Fisher & Paykel Contemporary 24"" Contemporary Microwave, 5 Cooking Modes",APPLIANCE,APPLIANCE,APLS-RCVD,SALT LAKE APPLIANCES=0,ELIGIBLE,BA0013728 Fisher & Paykel - Arive Homes 2026 - Q-59281,BA0013728,Fisher & Paykel - Arive Homes 2026 - Q-59281,HIGH,Current StockItem VendorDetails contains 1 vendor row(s); selected first active VendorID BA0013728.,,FOUND,READY
MRBV224-IG31A,"Essential 24"" Beverage Center, Glass Door, Reversible Hinge Lock - Panel Ready","Essential 24"" Beverage Center, Glass Door, Reversible Hinge Lock - Panel Ready",APPLIANCE,APPLIANCE,APLS-RCVD,BOISE WAREHOUSE=0,ELIGIBLE,BA0021883 Milestone - Boise / Copper Canyon Homes - PPFL-14973,BA0021883,Milestone - Boise / Copper Canyon Homes - PPFL-14973,HIGH,Current StockItem VendorDetails contains 2 vendor row(s); selected first active VendorID BA0021883.,,FOUND,READY
MRWC224-IG31A,"Essential 24"" Wine Refrigerator, Glass Door, Reversible Hinge Lock - Panel Ready","Essential 24"" Wine Refrigerator, Glass Door, Reversible Hinge Lock - Panel Ready",APPLIANCE,APPLIANCE,APLS-RCVD,BOISE WAREHOUSE=0,ELIGIBLE,BA0021883 Milestone - Boise / Copper Canyon Homes - PPFL-14973,BA0021883,Milestone - Boise / Copper Canyon Homes - PPFL-14973,HIGH,Current StockItem VendorDetails contains 1 vendor row(s); selected first active VendorID BA0021883.,,FOUND,READY
MVMSP6301SS,"30"" Speed Oven - Stainless Steel","30"" Speed Oven - Stainless Steel",APPLIANCE,APPLIANCE,APLS-RCVD,(no WarehouseDetails rows),ELIGIBLE,,,,NONE,No current VendorDetails row and no deterministic existing StockItem pattern met the audit threshold.,,FOUND,VENDOR_REVIEW_REQUIRED
MVSOE6301SS,"30"" W Single Electric Thermal Convection Oven - Stainless Steel","30"" W Single Electric Thermal Convection Oven - Stainless Steel",APPLIANCE,APPLIANCE,APLS-RCVD,(no WarehouseDetails rows),ELIGIBLE,,,,NONE,No current VendorDetails row and no deterministic existing StockItem pattern met the audit threshold.,,FOUND,VENDOR_REVIEW_REQUIRED
NIT5663UC,"Bosch 500 Series 36"" Induction Cooktop, Frameless, Home Connect - Black","Bosch 500 Series 36"" Induction Cooktop, Frameless, Home Connect - Black",APPLIANCE,APPLIANCE,APLS-RCVD,SALT LAKE APPLIANCES=0,ELIGIBLE,BA0000001 BSH Home Appliances,BA0000001,BSH Home Appliances,HIGH,Current StockItem VendorDetails contains 1 vendor row(s); selected first active VendorID BA0000001.,,FOUND,READY
P7236-12,"36"" Internal 1200 CFM, 10"" Start Collar, Duct Cover To 10' Ceilings","36"" Internal 1200 CFM, 10"" Start Collar, Duct Cover To 10' Ceilings",APPLIANCE,APPLIANCE,APLS-RCVD,(no WarehouseDetails rows),ELIGIBLE,,,,NONE,No current VendorDetails row and no deterministic existing StockItem pattern met the audit threshold.,,FOUND,VENDOR_REVIEW_REQUIRED
PBD-1200B,"Blower, Dual Internal With 1 Blower","Blower, Dual Internal With 1 Blower",APPLIANCE,APPLIANCE,APLS-RCVD,(no WarehouseDetails rows),ELIGIBLE,,,,NONE,No current VendorDetails row and no deterministic existing StockItem pattern met the audit threshold.,,FOUND,VENDOR_REVIEW_REQUIRED
PCFD3670AF,"36"" Dual Fuel Freestanding Range - Stainless Steel","36"" Dual Fuel Freestanding Range - Stainless Steel",APPLIANCE,APPLIANCE,APLS-RCVD,(no WarehouseDetails rows),ELIGIBLE,,,,NONE,No current VendorDetails row and no deterministic existing StockItem pattern met the audit threshold.,,FOUND,VENDOR_REVIEW_REQUIRED
PDPUG524SS,"24"" Panel, Glass Door With Handle For 24"" Frui/Fbui/Fwui5242G - Stainless Steel","24"" Panel, Glass Door With Handle For 24"" Frui/Fbui/Fwui5242G - Stainless Steel",APPLIANCE,APPLIANCE,APLS-RCVD,(no WarehouseDetails rows),ELIGIBLE,,,,NONE,No current VendorDetails row and no deterministic existing StockItem pattern met the audit threshold.,,FOUND,VENDOR_REVIEW_REQUIRED
PRO244IFEMXB,"Professional Series 24"" Range Induction, Manual Clean Oven, 4 Burners - Stainless Steel","Professional Series 24"" Range Induction, Manual Clean Oven, 4 Burners - Stainless Steel",APPLIANCE,APPLIANCE,APLS-RCVD,SALT LAKE APPLIANCES=1,SKIP_QTY_ON_HAND,BA0022048 MILESTONE - PPFL-14408 - SLC RC Dent Construction,BA0022048,MILESTONE - PPFL-14408 - SLC RC Dent Construction,HIGH,Current StockItem VendorDetails contains 1 vendor row(s); selected first active VendorID BA0022048.,,FOUND,SKIP_QTY_ON_HAND
RAC00CPAAAA/DA,Install Kit To Pair Column Built In Refrigeration,Install Kit To Pair Column Built In Refrigeration,APPLIANCE,APPLIANCE,APLS-RCVD,SALT LAKE HARDWARE=0; SALT LAKE APPLIANCES=0,ELIGIBLE,,,,NONE,No current VendorDetails row and no deterministic existing StockItem pattern met the audit threshold.,,FOUND,VENDOR_REVIEW_REQUIRED
RS36A72J1 N,"36"" Integrated Panel Ready French Door Ice -- 72"" H","36"" Integrated Panel Ready French Door Ice -- 72"" H",APPLIANCE,APPLIANCE,APLS-RCVD,BOISE WAREHOUSE=0; SALT LAKE APPLIANCES=0; SALT LAKE PLUMBING=0,ELIGIBLE,,BA0000773,Fisher & Paykel,HIGH,prefix RS36A maps to BA0000773 in 5/5 existing vendor-populated StockItems.,,FOUND,READY
RS36A80J1 N,"36"" Integrated Panel Ready French Door Ice -- 80"" H","36"" Integrated Panel Ready French Door Ice -- 80"" H",APPLIANCE,APPLIANCE,APLS-RCVD,(no WarehouseDetails rows),ELIGIBLE,,BA0000773,Fisher & Paykel,HIGH,prefix RS36A maps to BA0000773 in 5/5 existing vendor-populated StockItems.,,FOUND,READY
RS36W80RJ1 N,"Integrated 36"" Single Door Bottom Mount 80"" H Panel Ready Right Hinge","Integrated 36"" Single Door Bottom Mount 80"" H Panel Ready Right Hinge",APPLIANCE,APPLIANCE,APLS-RCVD,SALT LAKE APPLIANCES=0; SALT LAKE PLUMBING=0,ELIGIBLE,BA0009113 Fisher & Paykel - PTP,BA0009113,Fisher & Paykel - PTP,HIGH,Current StockItem VendorDetails contains 1 vendor row(s); selected first active VendorID BA0009113.,,FOUND,READY
RVA466700,"Door Direction Change Kit 30""","Door Direction Change Kit 30""",APPLIANCE,APPLIANCE,APLS-RCVD,(no WarehouseDetails rows),ELIGIBLE,,,,NONE,No current VendorDetails row and no deterministic existing StockItem pattern met the audit threshold.,,FOUND,VENDOR_REVIEW_REQUIRED
RVC467790,"Expressive Series 24"" Refrigeration Column - Panel Ready","Expressive Series 24"" Refrigeration Column - Panel Ready",APPLIANCE,APPLIANCE,APLS-RCVD,SALT LAKE APPLIANCES=0,ELIGIBLE,BA0000001 BSH Home Appliances,BA0000001,BSH Home Appliances,HIGH,Current StockItem VendorDetails contains 1 vendor row(s); selected first active VendorID BA0000001.,,FOUND,READY
RVF477790,Vario 30'' Cooling Expressive Series Freezer - Panel Ready,Vario 30'' Cooling Expressive Series Freezer - Panel Ready,APPLIANCE,APPLIANCE,APLS-RCVD,SALT LAKE APPLIANCES=0,ELIGIBLE,BA0009150 BSH - Preferred Builder,BA0009150,BSH - Preferred Builder,HIGH,Current StockItem VendorDetails contains 1 vendor row(s); selected first active VendorID BA0009150.,,FOUND,READY
RVIR3304BSS,"30"" W / 24"" D Induction Range 4 Elements - Stainless Steel","30"" W / 24"" D Induction Range 4 Elements - Stainless Steel",APPLIANCE,APPLIANCE,APLS-RCVD,(no WarehouseDetails rows),ELIGIBLE,,,,NONE,No current VendorDetails row and no deterministic existing StockItem pattern met the audit threshold.,,FOUND,VENDOR_REVIEW_REQUIRED
SEPIH18-242,"Euro Style 42"" 550 Cfm Island Range Hood - Base Painted","Euro Style 42"" 550 Cfm Island Range Hood - Base Painted",APPLIANCE,APPLIANCE,APLS-RCVD,SALT LAKE APPLIANCES=0,ELIGIBLE,,,,NONE,No current VendorDetails row and no deterministic existing StockItem pattern met the audit threshold.,,FOUND,VENDOR_REVIEW_REQUIRED
SHV53EM3N,"300 Series 24"" Dishwasher With Zone Wash, PureDry, 46 dBA - Custom Panel","300 Series 24"" Dishwasher With Zone Wash, PureDry, 46 dBA - Custom Panel",APPLIANCE,APPLIANCE,APLS-RCVD,BOISE WAREHOUSE=0,ELIGIBLE,,,,NONE,No current VendorDetails row and no deterministic existing StockItem pattern met the audit threshold.,,FOUND,VENDOR_REVIEW_REQUIRED
TUR24RSSC,"24"" Stainless Solid Door Undercounter Refrigerator - Right Hinge","24"" Stainless Solid Door Undercounter Refrigerator - Right Hinge",APPLIANCE,APPLIANCE,APLS-RCVD,(no WarehouseDetails rows),ELIGIBLE,,,,NONE,No current VendorDetails row and no deterministic existing StockItem pattern met the audit threshold.,,FOUND,VENDOR_REVIEW_REQUIRED
TWD360WPLW,"24"" T1 Series Heat Pump Dryer - Lotus White","24"" T1 Series Heat Pump Dryer - Lotus White",APPLIANCE,APPLIANCE,APLS-RCVD,SALT LAKE APPLIANCES=0,ELIGIBLE,,BA0000784,Miele,HIGH,brand-token MIELE maps to BA0000784 in 17/17 existing vendor-populated StockItems.,,FOUND,READY
TXI680WPECO&STEAM,"24"" T1 Dryer Heat Pump Sensortronic Glass Door Wifi - Lotus White","24"" T1 Dryer Heat Pump Sensortronic Glass Door Wifi - Lotus White",APPLIANCE,APPLIANCE,APLS-RCVD,(no WarehouseDetails rows),ELIGIBLE,,,,NONE,No current VendorDetails row and no deterministic existing StockItem pattern met the audit threshold.,,FOUND,VENDOR_REVIEW_REQUIRED
TXR860WPECO&STEAM,"24"" T1 Dryer Heat Pump Glass Door And Steam Wifi M-Touch Control - Lotus White","24"" T1 Dryer Heat Pump Glass Door And Steam Wifi M-Touch Control - Lotus White",APPLIANCE,APPLIANCE,APLS-RCVD,SALT LAKE APPLIANCES=0,ELIGIBLE,BA0000784 Miele,BA0000784,Miele,HIGH,Current StockItem VendorDetails contains 1 vendor row(s); selected first active VendorID BA0000784.,,FOUND,READY
UVM9125STSS,GE Profile 1.2 Cubic Feet Over The Range Low Profile Sensor Microwave Oven - Stainless Steel,GE Profile 1.2 Cubic Feet Over The Range Low Profile Sensor Microwave Oven - Stainless Steel,APPLIANCE,APPLIANCE,APLS-RCVD,(no WarehouseDetails rows),ELIGIBLE,,,,NONE,No current VendorDetails row and no deterministic existing StockItem pattern met the audit threshold.,,FOUND,VENDOR_REVIEW_REQUIRED
UXWORXR30,"30"" Never Scrub Heavy Duty Roller Rack Accessory - Silver","30"" Never Scrub Heavy Duty Roller Rack Accessory - Silver",APPLIANCE,APPLIANCE,APLS-RCVD,BOISE WAREHOUSE=0,ELIGIBLE,BA0000774 G.E. / General Electric,BA0000774,G.E. / General Electric,HIGH,Current StockItem VendorDetails contains 1 vendor row(s); selected first active VendorID BA0000774.,,FOUND,READY
VC701,L701 Vinyl Cover Built In,L701 Vinyl Cover Built In,APPLIANCE,APPLIANCE,APLS-RCVD,SALT LAKE SHOWROOM=0,ELIGIBLE,"BA0000799 Viking Range-M, LLC",BA0000799,"Viking Range-M, LLC",HIGH,Current StockItem VendorDetails contains 1 vendor row(s); selected first active VendorID BA0000799.,,FOUND,READY
W117,"36"" Rangetop brass Knob Kit","36"" Rangetop brass Knob Kit",APPLIANCE,APPLIANCE,APLS-RCVD,(no WarehouseDetails rows),ELIGIBLE,,BA0000003,Whirlpool Corporation,HIGH,prefix W117 maps to BA0000003 in 18/18 existing vendor-populated StockItems.,,FOUND,READY
W11774418,"Handle And Knob Hardware Accessory Kit For Kitchenaid 30"" Double Wall Oven & Microwave Combo - Brass","Handle And Knob Hardware Accessory Kit For Kitchenaid 30"" Double Wall Oven & Microwave Combo - Brass",APPLIANCE,APPLIANCE,APLS-RCVD,(no WarehouseDetails rows),ELIGIBLE,,BA0000003,Whirlpool Corporation,HIGH,prefix W117 maps to BA0000003 in 18/18 existing vendor-populated StockItems.,,FOUND,READY
WEF5727TR,Smart Energy Star Front Load Laundry Tower With UV Clean Technology & FreshFlowTM Vent System 4.5 Cubic Feet Washer & 7.4 Cubic Feet Electric Dryer - Radient Silver,Smart Energy Star Front Load Laundry Tower With UV Clean Technology & FreshFlowTM Vent System 4.5 Cubic Feet Washer & 7.4 Cubic Feet Electric Dryer - Radient Silver,APPLIANCE,APPLIANCE,APLS-RCVD,SALT LAKE SHOWROOM=1; PROVO SHOWROOM=0; SALT LAKE APPLIANCES=0,SKIP_QTY_ON_HAND,BA0000003 Whirlpool Corporation,BA0000003,Whirlpool Corporation,HIGH,Current StockItem VendorDetails contains 1 vendor row(s); selected first active VendorID BA0000003.,,FOUND,SKIP_QTY_ON_HAND
WFH5424SW,"Ventless Heat Pump Laudry Tower, 2.7 Cubic Feet Washer And 4.3 Cubic Feet Electric Dryer - White","Ventless Heat Pump Laudry Tower, 2.7 Cubic Feet Washer And 4.3 Cubic Feet Electric Dryer - White",APPLIANCE,APPLIANCE,APLS-RCVD,SALT LAKE APPLIANCES=0,ELIGIBLE,BA0009091 Whirlpool - 4002081576 - MQ - MLD - UTAH/IDAHO BUILDERS,BA0009091,Whirlpool - 4002081576 - MQ - MLD - UTAH/IDAHO BUILDERS,HIGH,Current StockItem VendorDetails contains 1 vendor row(s); selected first active VendorID BA0009091.,,FOUND,READY
WMH31017AS,Whirlpool® 1.7 Cu. Ft. Microwave Hood Combination With 2-Speed Fan,Whirlpool® 1.7 Cu. Ft. Microwave Hood Combination With 2-Speed Fan,APPLIANCE,APPLIANCE,APLS-RCVD,SALT LAKE APPLIANCES=0,ELIGIBLE,,,,NONE,No current VendorDetails row and no deterministic existing StockItem pattern met the audit threshold.,,FOUND,VENDOR_REVIEW_REQUIRED
WRFC5036RZ,"36"" Wide French Door Refrigerator With In Door Water & Ice, 23 Cubic Feet - Stainless Steel","36"" Wide French Door Refrigerator With In Door Water & Ice, 23 Cubic Feet - Stainless Steel",APPLIANCE,APPLIANCE,APLS-RCVD,SALT LAKE APPLIANCES=0,ELIGIBLE,BA0009091 Whirlpool - 4002081576 - MQ - MLD - UTAH/IDAHO BUILDERS,BA0009091,Whirlpool - 4002081576 - MQ - MLD - UTAH/IDAHO BUILDERS,HIGH,Current StockItem VendorDetails contains 1 vendor row(s); selected first active VendorID BA0009091.,,FOUND,READY
WTV512,W1/T1 Drawer Stacking Kit - Lotus White,W1/T1 Drawer Stacking Kit - Lotus White,APPLIANCE,APPLIANCE,APLS-RCVD,SALT LAKE APPLIANCES=0,ELIGIBLE,BA0000784 Miele,BA0000784,Miele,HIGH,Current StockItem VendorDetails contains 1 vendor row(s); selected first active VendorID BA0000784.,,FOUND,READY
WWD160WCS,"24"" W1 Series Front Load Washer - Lotus White / Black","24"" W1 Series Front Load Washer - Lotus White / Black",APPLIANCE,APPLIANCE,APLS-RCVD,SALT LAKE APPLIANCES=0,ELIGIBLE,,BA0000784,Miele,HIGH,brand-token MIELE maps to BA0000784 in 17/17 existing vendor-populated StockItems.,,FOUND,READY
WXF660WCSTDOS,"24"" W1 Front Load Washer Tdos Wifi - Lotus White","24"" W1 Front Load Washer Tdos Wifi - Lotus White",APPLIANCE,APPLIANCE,APLS-RCVD,(no WarehouseDetails rows),ELIGIBLE,,,,NONE,No current VendorDetails row and no deterministic existing StockItem pattern met the audit threshold.,,FOUND,VENDOR_REVIEW_REQUIRED
ZDT900SSYSS,"Minimalist 24"" Premium Fully Integrated Dishwasher - Stainless Steel","Minimalist 24"" Premium Fully Integrated Dishwasher - Stainless Steel",APPLIANCE,APPLIANCE,APLS-RCVD,SALT LAKE APPLIANCES=0,ELIGIBLE,BA0000774 G.E. / General Electric,BA0000774,G.E. / General Electric,HIGH,Current StockItem VendorDetails contains 1 vendor row(s); selected first active VendorID BA0000774.,,FOUND,READY
ZK4SN360WSS,Refrigerator Accessories - Stainless Steel,Refrigerator Accessories - Stainless Steel,APPLIANCE,APPLIANCE,APLS-RCVD,BOISE WAREHOUSE=0,ELIGIBLE,BA0022763 G.E. / Boise - Ascent Broadway - 472879.5,BA0022763,G.E. / Boise - Ascent Broadway - 472879.5,HIGH,Current StockItem VendorDetails contains 1 vendor row(s); selected first active VendorID BA0022763.,,FOUND,READY
ZKD90DPSZSS,"Statement 27"" Double Wall Oven - Stainless Steel","Statement 27"" Double Wall Oven - Stainless Steel",APPLIANCE,APPLIANCE,APLS-RCVD,BOISE WAREHOUSE=0,ELIGIBLE,BA0000774 G.E. / General Electric,BA0000774,G.E. / General Electric,HIGH,Current StockItem VendorDetails contains 1 vendor row(s); selected first active VendorID BA0000774.,,FOUND,READY
ZPO-E36AS,"Core Collection Podesta Wall, 36"" - Stainless Steel","Core Collection Podesta Wall, 36"" - Stainless Steel",APPLIANCE,APPLIANCE,APLS-RCVD,BOISE WAREHOUSE=0; SALT LAKE APPLIANCES=0,ELIGIBLE,BA0000803 Zephyr,BA0000803,Zephyr,HIGH,Current StockItem VendorDetails contains 1 vendor row(s); selected first active VendorID BA0000803.,,FOUND,READY
ZTS90DPSZSS,"Statement 30"" Single Wall Oven - Stainless Steel","Statement 30"" Single Wall Oven - Stainless Steel",APPLIANCE,APPLIANCE,APLS-RCVD,SALT LAKE APPLIANCES=0; SOUTHWEST WAREHOUSE=1,SKIP_QTY_ON_HAND,BA0000774 G.E. / General Electric,BA0000774,G.E. / General Electric,HIGH,Current StockItem VendorDetails contains 1 vendor row(s); selected first active VendorID BA0000774.,,FOUND,SKIP_QTY_ON_HAND
C1-STP-LSG,California Faucet Trousdale Single Post Toilet Paper / Hand Towel Holder - Lifetime Satin Gold,California Faucet Trousdale Single Post Toilet Paper / Hand Towel Holder - Lifetime Satin Gold,BATHHARDWA,BATHHARDWA,,SALT LAKE HARDWARE=0; SALT LAKE APPLIANCES=0,ELIGIBLE,BA0000006 California Faucets,BA0000006,California Faucets,HIGH,Current StockItem VendorDetails contains 1 vendor row(s); selected default active VendorID BA0000006.,,FOUND,UNKNOWN_ITEM_CLASS
K256,Villa Double Towel Hook - Polished Chrome,Villa Double Towel Hook - Polished Chrome,BATHHARDWA,BATHHARDWA,,(no WarehouseDetails rows),ELIGIBLE,,,,NONE,No current VendorDetails row and no deterministic existing StockItem pattern met the audit threshold.,,FOUND,UNKNOWN_ITEM_CLASS
1090.031.I,Baldwin Estate 1090 Ball Tip - Non-laquered Brass,Baldwin Estate 1090 Ball Tip - Non-laquered Brass,HARD-LOT,HARD-LOT,,SALT LAKE HARDWARE=0; SALT LAKE APPLIANCES=0; JACKSON WAREHOUSE=10,SKIP_QTY_ON_HAND,BA0000643 Baldwin Hardware,BA0000643,Baldwin Hardware,HIGH,Current StockItem VendorDetails contains 1 vendor row(s); selected default active VendorID BA0000643.,,FOUND,SKIP_QTY_ON_HAND
18526RT,Classic Brass Flush Pull w/Ring Pull - Revere Tarnished,Classic Brass Flush Pull w/Ring Pull - Revere Tarnished,HARD-LOT,HARD-LOT,,SALT LAKE HARDWARE=0,ELIGIBLE,BA0000649 Classic Brass,BA0000649,Classic Brass,HIGH,Current StockItem VendorDetails contains 1 vendor row(s); selected default active VendorID BA0000649.,,FOUND,UNKNOWN_ITEM_CLASS
5030.031.IDM,"Baldwin Estate 5030 2-3/8"" Half Dummy Knob - Non-Laquered Brass","Baldwin Estate 5030 2-3/8"" Half Dummy Knob - Non-Laquered Brass",HARD-LOT,HARD-LOT,,SALT LAKE HARDWARE=0; SALT LAKE APPLIANCES=0; JACKSON WAREHOUSE=4,SKIP_QTY_ON_HAND,BA0000643 Baldwin Hardware,BA0000643,Baldwin Hardware,HIGH,Current StockItem VendorDetails contains 1 vendor row(s); selected default active VendorID BA0000643.,,FOUND,SKIP_QTY_ON_HAND
5030.031.PASS,"Baldwin Estate 5030 Knob With 5048 Rose, Passage, - Non Lacquered Brass","Baldwin Estate 5030 Knob With 5048 Rose, Passage, - Non Lacquered Brass",HARD-LOT,HARD-LOT,,SALT LAKE HARDWARE=0; SALT LAKE APPLIANCES=0; JACKSON WAREHOUSE=7,SKIP_QTY_ON_HAND,BA0000643 Baldwin Hardware,BA0000643,Baldwin Hardware,HIGH,Current StockItem VendorDetails contains 1 vendor row(s); selected default active VendorID BA0000643.,,FOUND,SKIP_QTY_ON_HAND
5030.031.PRIV,"Baldwin Estate 5030 Knob With 5048 Rose, Privacy, - Non Lacquered Brass","Baldwin Estate 5030 Knob With 5048 Rose, Privacy, - Non Lacquered Brass",HARD-LOT,HARD-LOT,,SALT LAKE HARDWARE=0; SALT LAKE APPLIANCES=0; JACKSON WAREHOUSE=12,SKIP_QTY_ON_HAND,BA0000643 Baldwin Hardware,BA0000643,Baldwin Hardware,HIGH,Current StockItem VendorDetails contains 1 vendor row(s); selected default active VendorID BA0000643.,,FOUND,SKIP_QTY_ON_HAND
5052SPKUS4,Brass Dummy Knobset With Modern Rectangular Rosette & Spoke Knob - Satin Brass,Brass Dummy Knobset With Modern Rectangular Rosette & Spoke Knob - Satin Brass,HARD-LOT,HARD-LOT,,SALT LAKE HARDWARE=0; SALT LAKE APPLIANCES=0,ELIGIBLE,"BA0000011 Emtek Products Group, LLC",BA0000011,"Emtek Products Group, LLC",HIGH,Current StockItem VendorDetails contains 1 vendor row(s); selected default active VendorID BA0000011.,,FOUND,UNKNOWN_ITEM_CLASS
5121HLOLHUS19,"Emtek Key In Lever, Helios Lever, Rectangular Rosette, LH - Flat Black","Emtek Key In Lever, Helios Lever, Rectangular Rosette, LH - Flat Black",HARD-LOT,HARD-LOT,,BOISE WAREHOUSE=1,SKIP_QTY_ON_HAND,"BA0000011 Emtek Products Group, LLC",BA0000011,"Emtek Products Group, LLC",HIGH,Current StockItem VendorDetails contains 1 vendor row(s); selected default active VendorID BA0000011.,,FOUND,SKIP_QTY_ON_HAND
5121HLORHUS19,"Emtek Key In Lever, Helios Lever, Rectangular Rosette, RH - Flat Black","Emtek Key In Lever, Helios Lever, Rectangular Rosette, RH - Flat Black",HARD-LOT,HARD-LOT,,BOISE WAREHOUSE=4,SKIP_QTY_ON_HAND,"BA0000011 Emtek Products Group, LLC",BA0000011,"Emtek Products Group, LLC",HIGH,Current StockItem VendorDetails contains 1 vendor row(s); selected default active VendorID BA0000011.,,FOUND,SKIP_QTY_ON_HAND
5212SPKUS4,Emtek Brass Privacy Knobset With Modern Rectangular Rosette & Spoke Knob - Satin Brass,Emtek Brass Privacy Knobset With Modern Rectangular Rosette & Spoke Knob - Satin Brass,HARD-LOT,HARD-LOT,,PROVO SHOWROOM=0; SALT LAKE HARDWARE=0; SALT LAKE APPLIANCES=0,ELIGIBLE,"BA0000011 Emtek Products Group, LLC",BA0000011,"Emtek Products Group, LLC",HIGH,Current StockItem VendorDetails contains 1 vendor row(s); selected default active VendorID BA0000011.,,FOUND,UNKNOWN_ITEM_CLASS
74-9-ORB,California Faucets Tamalpais 9 in Hand Towel Bar - Oil Rubbed Bronze,California Faucets Tamalpais 9 in Hand Towel Bar - Oil Rubbed Bronze,HARD-LOT,HARD-LOT,,SALT LAKE HARDWARE=0; SALT LAKE APPLIANCES=0,ELIGIBLE,BA0000006 California Faucets,BA0000006,California Faucets,HIGH,Current StockItem VendorDetails contains 1 vendor row(s); selected default active VendorID BA0000006.,,FOUND,UNKNOWN_ITEM_CLASS
8113US19.CCUS4.KNKUS19,"Emtek Select Passage, Sideplate Locksets Modern Non-Keyed 9 Conical Stem, Knurled Knob - Flat Black / Satin Brass","Emtek Select Passage, Sideplate Locksets Modern Non-Keyed 9 Conical Stem, Knurled Knob - Flat Black / Satin Brass",HARD-LOT,HARD-LOT,,SALT LAKE HARDWARE=0,ELIGIBLE,"BA0000011 Emtek Products Group, LLC",BA0000011,"Emtek Products Group, LLC",HIGH,Current StockItem VendorDetails contains 1 vendor row(s); selected default active VendorID BA0000011.,,FOUND,UNKNOWN_ITEM_CLASS
8213US19.CCUS4.KNKUS19,"Emtek Select Privacy, Sideplate Locksets Modern Non-Keyed 9 Conical Stem, Knurled Knob - Flat Black / Satin Brass","Emtek Select Privacy, Sideplate Locksets Modern Non-Keyed 9 Conical Stem, Knurled Knob - Flat Black / Satin Brass",HARD-LOT,HARD-LOT,,SALT LAKE HARDWARE=0,ELIGIBLE,"BA0000011 Emtek Products Group, LLC",BA0000011,"Emtek Products Group, LLC",HIGH,Current StockItem VendorDetails contains 1 vendor row(s); selected default active VendorID BA0000011.,,FOUND,UNKNOWN_ITEM_CLASS
84055.RECUS14.KNUS4,Emtek Select Cabinet Pull 6 (C-C) Rectangular Stem - Polished Nickel / Knurled Bar - Satin Brass,Emtek Select Cabinet Pull 6 (C-C) Rectangular Stem - Polished Nickel / Knurled Bar - Satin Brass,HARD-LOT,HARD-LOT,,SALT LAKE HARDWARE=0,ELIGIBLE,"BA0000011 Emtek Products Group, LLC",BA0000011,"Emtek Products Group, LLC",HIGH,Current StockItem VendorDetails contains 1 vendor row(s); selected default active VendorID BA0000011.,,FOUND,UNKNOWN_ITEM_CLASS
84056.RECUS14.KNUS4,Emtek Select Cabinet Pull 8 (C-C) Rectangular Stem - Polished Nickel / Knurled Bar - Satin Brass,Emtek Select Cabinet Pull 8 (C-C) Rectangular Stem - Polished Nickel / Knurled Bar - Satin Brass,HARD-LOT,HARD-LOT,,SALT LAKE HARDWARE=0,ELIGIBLE,"BA0000011 Emtek Products Group, LLC",BA0000011,"Emtek Products Group, LLC",HIGH,Current StockItem VendorDetails contains 1 vendor row(s); selected default active VendorID BA0000011.,,FOUND,UNKNOWN_ITEM_CLASS
84057.RECUS14.KNUS4,Emtek Select Cabinet Pull 10 in (C-C) Rectangular Stem - Polished Nickel / Knurled Bar - Satin Brass,Emtek Select Cabinet Pull 10 in (C-C) Rectangular Stem - Polished Nickel / Knurled Bar - Satin Brass,HARD-LOT,HARD-LOT,,SALT LAKE HARDWARE=0,ELIGIBLE,"BA0000011 Emtek Products Group, LLC",BA0000011,"Emtek Products Group, LLC",HIGH,Current StockItem VendorDetails contains 1 vendor row(s); selected default active VendorID BA0000011.,,FOUND,UNKNOWN_ITEM_CLASS
84070.RECUS14.KNUS4,Emtek Select Appliance Pull 12 (C-C) Rectangular Stem - Polished Nickel / Knurled Bar - Satin Brass,Emtek Select Appliance Pull 12 (C-C) Rectangular Stem - Polished Nickel / Knurled Bar - Satin Brass,HARD-LOT,HARD-LOT,,SALT LAKE HARDWARE=0,ELIGIBLE,"BA0000011 Emtek Products Group, LLC",BA0000011,"Emtek Products Group, LLC",HIGH,Current StockItem VendorDetails contains 1 vendor row(s); selected default active VendorID BA0000011.,,FOUND,UNKNOWN_ITEM_CLASS
84072.TRAUS4.KNUS4,"Emtek Select Appliance Pull 24 in (C-C) Transitional Stem, Knurled Bar - Satin Brass","Emtek Select Appliance Pull 24 in (C-C) Transitional Stem, Knurled Bar - Satin Brass",HARD-LOT,HARD-LOT,,SALT LAKE HARDWARE=0,ELIGIBLE,"BA0000011 Emtek Products Group, LLC",BA0000011,"Emtek Products Group, LLC",HIGH,Current StockItem VendorDetails contains 1 vendor row(s); selected default active VendorID BA0000011.,,FOUND,UNKNOWN_ITEM_CLASS
86633US4,Emtek Westridge Cabinet Pull 3-1/2 (C-C) - Satin Brass,Emtek Westridge Cabinet Pull 3-1/2 (C-C) - Satin Brass,HARD-LOT,HARD-LOT,,BOISE WAREHOUSE=0,ELIGIBLE,"BA0000011 Emtek Products Group, LLC",BA0000011,"Emtek Products Group, LLC",HIGH,Current StockItem VendorDetails contains 1 vendor row(s); selected default active VendorID BA0000011.,,FOUND,UNKNOWN_ITEM_CLASS
86636US4,Emtek Westridge Cabinet Pull 6 in (C-C) - Satin Brass,Emtek Westridge Cabinet Pull 6 in (C-C) - Satin Brass,HARD-LOT,HARD-LOT,,BOISE WAREHOUSE=0,ELIGIBLE,"BA0000011 Emtek Products Group, LLC",BA0000011,"Emtek Products Group, LLC",HIGH,Current StockItem VendorDetails contains 1 vendor row(s); selected default active VendorID BA0000011.,,FOUND,UNKNOWN_ITEM_CLASS
86637US4,Emtek Westridge Cabinet Pull 8 in (C-C) - Satin Brass,Emtek Westridge Cabinet Pull 8 in (C-C) - Satin Brass,HARD-LOT,HARD-LOT,,BOISE WAREHOUSE=0,ELIGIBLE,"BA0000011 Emtek Products Group, LLC",BA0000011,"Emtek Products Group, LLC",HIGH,Current StockItem VendorDetails contains 1 vendor row(s); selected default active VendorID BA0000011.,,FOUND,UNKNOWN_ITEM_CLASS
AW114PB,Modern Matter Backplate Collection Jones 1.90 in Backplate - Polished Brass,Modern Matter Backplate Collection Jones 1.90 in Backplate - Polished Brass,HARD-LOT,HARD-LOT,,SALT LAKE HARDWARE=0; SALT LAKE APPLIANCES=0,ELIGIBLE,BA0014995 Modern Matter,BA0014995,Modern Matter,HIGH,Current StockItem VendorDetails contains 1 vendor row(s); selected default active VendorID BA0014995.,,FOUND,UNKNOWN_ITEM_CLASS
BNHW13-DN,Waterworks Bond 4 in Concave Pull - Dark Nickel,Waterworks Bond 4 in Concave Pull - Dark Nickel,HARD-LOT,HARD-LOT,,SALT LAKE HARDWARE=20; SALT LAKE APPLIANCES=0,SKIP_QTY_ON_HAND,"BA0000008 Waterworks Operating Co., LLC",BA0000008,"Waterworks Operating Co., LLC",HIGH,Current StockItem VendorDetails contains 1 vendor row(s); selected default active VendorID BA0000008.,,FOUND,SKIP_QTY_ON_HAND
BRW/FLUSH/110/SNP,Armac Martin Bromwich 110Mm Flush Pull  - Satin Nickel Plate,Armac Martin Bromwich 110Mm Flush Pull  - Satin Nickel Plate,HARD-LOT,HARD-LOT,,SALT LAKE HARDWARE=0; JACKSON WAREHOUSE=0,ELIGIBLE,BA0004629 Armac Martin,BA0004629,Armac Martin,HIGH,Current StockItem VendorDetails contains 1 vendor row(s); selected default active VendorID BA0004629.,,FOUND,UNKNOWN_ITEM_CLASS
BWK/PULLONLY/PLAIN/160/SNP,Armac Martin Barwick 160Mm Pull Handle Plain  - Satin Nickel Plate,Armac Martin Barwick 160Mm Pull Handle Plain  - Satin Nickel Plate,HARD-LOT,HARD-LOT,,SALT LAKE HARDWARE=0; JACKSON WAREHOUSE=0,ELIGIBLE,BA0004629 Armac Martin,BA0004629,Armac Martin,HIGH,Current StockItem VendorDetails contains 1 vendor row(s); selected default active VendorID BA0004629.,,FOUND,UNKNOWN_ITEM_CLASS
BWK/SLIM/PULLONLY/APP/PLAIN/38,Armac Martin Barwick 384Mm Slim Appliance Pull Handle Plain - Satin Nickel Plate,Armac Martin Barwick 384Mm Slim Appliance Pull Handle Plain - Satin Nickel Plate,HARD-LOT,HARD-LOT,,SALT LAKE HARDWARE=0; JACKSON WAREHOUSE=0,ELIGIBLE,BA0004629 Armac Martin,BA0004629,Armac Martin,HIGH,Current StockItem VendorDetails contains 1 vendor row(s); selected default active VendorID BA0004629.,,FOUND,UNKNOWN_ITEM_CLASS
BWKK/KNOBONLY/PLAIN/25/SNP,Armarc Martin Barwick 25Mm Knob Plain  - Satin Nickel Plate,Armarc Martin Barwick 25Mm Knob Plain  - Satin Nickel Plate,HARD-LOT,HARD-LOT,,SALT LAKE HARDWARE=0; JACKSON WAREHOUSE=0,ELIGIBLE,BA0004629 Armac Martin,BA0004629,Armac Martin,HIGH,Current StockItem VendorDetails contains 1 vendor row(s); selected default active VendorID BA0004629.,,FOUND,UNKNOWN_ITEM_CLASS
BZ.MS.194.20,Ashley Norton Lucas Privacy - Dark Bronze,Ashley Norton Lucas Privacy - Dark Bronze,HARD-LOT,HARD-LOT,,SALT LAKE HARDWARE=7; SALT LAKE APPLIANCES=0; JACKSON WAREHOUSE=0,SKIP_QTY_ON_HAND,BA0000641 Ashley Norton Inc.,BA0000641,Ashley Norton Inc.,HIGH,Current StockItem VendorDetails contains 1 vendor row(s); selected default active VendorID BA0000641.,,FOUND,SKIP_QTY_ON_HAND
BZ.MS.194.30,Ashley Norton Lucas Passage - Dark Bronze,Ashley Norton Lucas Passage - Dark Bronze,HARD-LOT,HARD-LOT,,SALT LAKE HARDWARE=7; SALT LAKE APPLIANCES=0; JACKSON WAREHOUSE=0,SKIP_QTY_ON_HAND,BA0000641 Ashley Norton Inc.,BA0000641,Ashley Norton Inc.,HIGH,Current StockItem VendorDetails contains 1 vendor row(s); selected default active VendorID BA0000641.,,FOUND,SKIP_QTY_ON_HAND
BZ.MS.194.40,Ashley Norton Lucas Single Dummy - Dark Bronze,Ashley Norton Lucas Single Dummy - Dark Bronze,HARD-LOT,HARD-LOT,,SALT LAKE HARDWARE=6; SALT LAKE APPLIANCES=0; JACKSON WAREHOUSE=0,SKIP_QTY_ON_HAND,BA0000641 Ashley Norton Inc.,BA0000641,Ashley Norton Inc.,HIGH,Current StockItem VendorDetails contains 1 vendor row(s); selected default active VendorID BA0000641.,,FOUND,SKIP_QTY_ON_HAND
CH3,Rocky Mountain Hardware Small 2-prong Coat Hook,Rocky Mountain Hardware Small 2-prong Coat Hook,HARD-LOT,HARD-LOT,,BOISE WAREHOUSE=3,SKIP_QTY_ON_HAND,"BA0000009 Rocky Mountain Hardware, Inc.",BA0000009,"Rocky Mountain Hardware, Inc.",HIGH,Current StockItem VendorDetails contains 1 vendor row(s); selected default active VendorID BA0000009.,,FOUND,SKIP_QTY_ON_HAND
CS-150SD-S,Bevel Edge Collection Screen Door Passage Set - Silicon Bronze,Bevel Edge Collection Screen Door Passage Set - Silicon Bronze,HARD-LOT,HARD-LOT,,(no WarehouseDetails rows),ELIGIBLE,,,,NONE,No current VendorDetails row and no deterministic existing StockItem pattern met the audit threshold.,,FOUND,UNKNOWN_ITEM_CLASS
DS10FBL,Sure-Loc Heavy Duty Hinge Pin Door Stop - Flat Black,Sure-Loc Heavy Duty Hinge Pin Door Stop - Flat Black,HARD-LOT,HARD-LOT,,BOISE WAREHOUSE=7,SKIP_QTY_ON_HAND,"BA0000694 Sure-Loc Hardware, Inc.",BA0000694,"Sure-Loc Hardware, Inc.",HIGH,Current StockItem VendorDetails contains 1 vendor row(s); selected default active VendorID BA0000694.,,FOUND,SKIP_QTY_ON_HAND
E2020STULHUS19,"Emtek Modern Keypad Lever Set, Stuttgart Lever, Left Hand - Flat Black","Emtek Modern Keypad Lever Set, Stuttgart Lever, Left Hand - Flat Black",HARD-LOT,HARD-LOT,,SALT LAKE HARDWARE=0,ELIGIBLE,"BA0000011 Emtek Products Group, LLC",BA0000011,"Emtek Products Group, LLC",HIGH,Current StockItem VendorDetails contains 1 vendor row(s); selected default active VendorID BA0000011.,,FOUND,UNKNOWN_ITEM_CLASS
ER308PBCLR,Modern Matter Eddie Ross Edgewood Elliptical Knob - Polished Brass / Clear,Modern Matter Eddie Ross Edgewood Elliptical Knob - Polished Brass / Clear,HARD-LOT,HARD-LOT,,SALT LAKE HARDWARE=0; SALT LAKE APPLIANCES=0,ELIGIBLE,BA0014995 Modern Matter,BA0014995,Modern Matter,HIGH,Current StockItem VendorDetails contains 1 vendor row(s); selected default active VendorID BA0014995.,,FOUND,UNKNOWN_ITEM_CLASS
GFACH030PBL,Hendel & Hendel Farnham Coat Hook 30 X 130 X 45mm - Polished Brass Lacquered,Hendel & Hendel Farnham Coat Hook 30 X 130 X 45mm - Polished Brass Lacquered,HARD-LOT,HARD-LOT,,SALT LAKE HARDWARE=3; SALT LAKE APPLIANCES=0,SKIP_QTY_ON_HAND,BA0014941 Hendel & Hendel Inc.,BA0014941,Hendel & Hendel Inc.,HIGH,Current StockItem VendorDetails contains 1 vendor row(s); selected default active VendorID BA0014941.,,FOUND,SKIP_QTY_ON_HAND
HIN.3535.BZ,Ashley Norton 3.5 in x  3.5 in Hinge - Dark Bronze,Ashley Norton 3.5 in x  3.5 in Hinge - Dark Bronze,HARD-LOT,HARD-LOT,,SALT LAKE HARDWARE=24; SALT LAKE APPLIANCES=0; JACKSON WAREHOUSE=0,SKIP_QTY_ON_HAND,BA0000641 Ashley Norton Inc.,BA0000641,Ashley Norton Inc.,HIGH,Current StockItem VendorDetails contains 1 vendor row(s); selected default active VendorID BA0000641.,,FOUND,SKIP_QTY_ON_HAND
MS1238PB,Modern Matter Pixie Bin Pull 4 in (C-C) - Polished Brass,Modern Matter Pixie Bin Pull 4 in (C-C) - Polished Brass,HARD-LOT,HARD-LOT,,SALT LAKE HARDWARE=0; SALT LAKE APPLIANCES=0,ELIGIBLE,BA0014995 Modern Matter,BA0014995,Modern Matter,HIGH,Current StockItem VendorDetails contains 1 vendor row(s); selected default active VendorID BA0014995.,,FOUND,UNKNOWN_ITEM_CLASS
NB.1312 12,Ashley Norton Bauhaus 12 in Pull - Natural Bronze,Ashley Norton Bauhaus 12 in Pull - Natural Bronze,HARD-LOT,HARD-LOT,,BOISE WAREHOUSE=0,ELIGIBLE,BA0000641 Ashley Norton Inc.,BA0000641,Ashley Norton Inc.,HIGH,Current StockItem VendorDetails contains 1 vendor row(s); selected default active VendorID BA0000641.,,FOUND,UNKNOWN_ITEM_CLASS
PD006.031.FD,Baldwin Estate Pd006 Santa Monica Pocket Door Sm - Non-laquered Brass,Baldwin Estate Pd006 Santa Monica Pocket Door Sm - Non-laquered Brass,HARD-LOT,HARD-LOT,,SALT LAKE HARDWARE=0; SALT LAKE APPLIANCES=0; JACKSON WAREHOUSE=1,SKIP_QTY_ON_HAND,BA0000643 Baldwin Hardware,BA0000643,Baldwin Hardware,HIGH,Current StockItem VendorDetails contains 1 vendor row(s); selected default active VendorID BA0000643.,,FOUND,SKIP_QTY_ON_HAND
PD006.031.PASS,"Baldwin Estate Santa Monica Small Pocket Door Set, Passage, - Non Lacquered Brass","Baldwin Estate Santa Monica Small Pocket Door Set, Passage, - Non Lacquered Brass",HARD-LOT,HARD-LOT,,SALT LAKE HARDWARE=0; SALT LAKE APPLIANCES=0; JACKSON WAREHOUSE=4,SKIP_QTY_ON_HAND,BA0000643 Baldwin Hardware,BA0000643,Baldwin Hardware,HIGH,Current StockItem VendorDetails contains 1 vendor row(s); selected default active VendorID BA0000643.,,FOUND,SKIP_QTY_ON_HAND
PD006.031.PRIV,Baldwin Estate Pd006 Santa Monica Pocket Door Sm - Non-laquered Brass,Baldwin Estate Pd006 Santa Monica Pocket Door Sm - Non-laquered Brass,HARD-LOT,HARD-LOT,,SALT LAKE HARDWARE=0; SALT LAKE APPLIANCES=0; JACKSON WAREHOUSE=2,SKIP_QTY_ON_HAND,BA0000643 Baldwin Hardware,BA0000643,Baldwin Hardware,HIGH,Current StockItem VendorDetails contains 1 vendor row(s); selected default active VendorID BA0000643.,,FOUND,SKIP_QTY_ON_HAND
TK3432BSN,Top Knobs Pemberton Bayridge Pull 5-1/16 in (C-C) - Brushed Satin Nickel,Top Knobs Pemberton Bayridge Pull 5-1/16 in (C-C) - Brushed Satin Nickel,HARD-LOT,HARD-LOT,,SALT LAKE HARDWARE=0,ELIGIBLE,BA0000010 Top Knobs,BA0000010,Top Knobs,HIGH,Current StockItem VendorDetails contains 1 vendor row(s); selected default active VendorID BA0000010.,,FOUND,UNKNOWN_ITEM_CLASS
TK3434BSN,Top Knobs Pemberton Bayridge Pull 7-9/16 in (C-C) - Brushed Satin Nickel,Top Knobs Pemberton Bayridge Pull 7-9/16 in (C-C) - Brushed Satin Nickel,HARD-LOT,HARD-LOT,,SALT LAKE HARDWARE=0,ELIGIBLE,BA0000010 Top Knobs,BA0000010,Top Knobs,HIGH,Current StockItem VendorDetails contains 1 vendor row(s); selected default active VendorID BA0000010.,,FOUND,UNKNOWN_ITEM_CLASS
TK3435BSN,Top Knobs Pemberton Bayridge Pull 8-13/16 in (C-C) - Brushed Satin Nickel,Top Knobs Pemberton Bayridge Pull 8-13/16 in (C-C) - Brushed Satin Nickel,HARD-LOT,HARD-LOT,,SALT LAKE HARDWARE=0,ELIGIBLE,BA0000010 Top Knobs,BA0000010,Top Knobs,HIGH,Current StockItem VendorDetails contains 1 vendor row(s); selected default active VendorID BA0000010.,,FOUND,UNKNOWN_ITEM_CLASS
TK3436BSN,Top Knobs Pemberton Bayridge Pull 12 in (C-C) - Brushed Satin Nickel,Top Knobs Pemberton Bayridge Pull 12 in (C-C) - Brushed Satin Nickel,HARD-LOT,HARD-LOT,,SALT LAKE HARDWARE=0,ELIGIBLE,BA0000010 Top Knobs,BA0000010,Top Knobs,HIGH,Current StockItem VendorDetails contains 1 vendor row(s); selected default active VendorID BA0000010.,,FOUND,UNKNOWN_ITEM_CLASS
WS8500-EB,Water Street Brass Jamestown 1-1/4 in Knob - Ebony,Water Street Brass Jamestown 1-1/4 in Knob - Ebony,HARD-LOT,HARD-LOT,,BOISE WAREHOUSE=0,ELIGIBLE,BA0000700 Water Street Brass,BA0000700,Water Street Brass,HIGH,Current StockItem VendorDetails contains 1 vendor row(s); selected default active VendorID BA0000700.,,FOUND,UNKNOWN_ITEM_CLASS
2050,"2000 Series 20"" 500 Mm Economy Self Closing 3/4 Extension Side Mount Epoxy Slide, Builder Pack - Cream White","2000 Series 20"" 500 Mm Economy Self Closing 3/4 Extension Side Mount Epoxy Slide, Builder Pack - Cream White",HARDWARE,HARDWARE,HARD-LOT,(no WarehouseDetails rows),ELIGIBLE,,,,NONE,No current VendorDetails row and no deterministic existing StockItem pattern met the audit threshold.,,FOUND,VENDOR_REVIEW_REQUIRED
5052SPKUS19,Brass Dummy Knobset With Modern Rectangular Rosette & Spoke Knob - Flat Black,Brass Dummy Knobset With Modern Rectangular Rosette & Spoke Knob - Flat Black,HARDWARE,HARDWARE,HARD-LOT,SALT LAKE HARDWARE=0; SALT LAKE APPLIANCES=0,ELIGIBLE,,,,NONE,No current VendorDetails row and no deterministic existing StockItem pattern met the audit threshold.,,FOUND,VENDOR_REVIEW_REQUIRED
5104.102.MR,Estate 5104 Lever - Oil Rubbed Bronze,Estate 5104 Lever - Oil Rubbed Bronze,HARDWARE,HARDWARE,HARD-LOT,JACKSON WAREHOUSE=0,ELIGIBLE,,BA0000643,Baldwin Hardware,MEDIUM,brand-token ESTATE suggests BA0000643 in 7/7 existing vendor-populated StockItems; manual review required.,,FOUND,VENDOR_REVIEW_REQUIRED
5112SPKUS19,Brass Passage Knobset With Modern Rectangular Rosette & Spoke Knob - Flat Black,Brass Passage Knobset With Modern Rectangular Rosette & Spoke Knob - Flat Black,HARDWARE,HARDWARE,HARD-LOT,SALT LAKE HARDWARE=0; SALT LAKE APPLIANCES=0,ELIGIBLE,,,,NONE,No current VendorDetails row and no deterministic existing StockItem pattern met the audit threshold.,,FOUND,VENDOR_REVIEW_REQUIRED
6001.102.LLS,"Estate 6001 2.75"" Backset Entrance Mortise Lock - Oil Rubbed Bronze","Estate 6001 2.75"" Backset Entrance Mortise Lock - Oil Rubbed Bronze",HARDWARE,HARDWARE,HARD-LOT,JACKSON WAREHOUSE=0,ELIGIBLE,,BA0000649,Classic Brass,HIGH,prefix 6001 maps to BA0000649 in 5/5 existing vendor-populated StockItems.,,FOUND,READY
6001.102.RLS,"Estate 6001 2.75"" Backset Entrance Mortise Lock - Oil Rubbed Bronze","Estate 6001 2.75"" Backset Entrance Mortise Lock - Oil Rubbed Bronze",HARDWARE,HARDWARE,HARD-LOT,JACKSON WAREHOUSE=0,ELIGIBLE,,BA0000649,Classic Brass,HIGH,prefix 6001 maps to BA0000649 in 5/5 existing vendor-populated StockItems.,,FOUND,READY
6991.102.KC,Estate 6991 Bristol Barclay Escutcheon - Oil Rubbed Bronze,Estate 6991 Bristol Barclay Escutcheon - Oil Rubbed Bronze,HARDWARE,HARDWARE,HARD-LOT,JACKSON WAREHOUSE=0,ELIGIBLE,,BA0000714,Delta Faucet Company,HIGH,prefix 6991 maps to BA0000714 in 9/9 existing vendor-populated StockItems.,,FOUND,READY
6991.102.KT,Estate 6991 Bristol Barclay Escutcheon - Oil Rubbed Bronze,Estate 6991 Bristol Barclay Escutcheon - Oil Rubbed Bronze,HARDWARE,HARDWARE,HARD-LOT,JACKSON WAREHOUSE=0,ELIGIBLE,,BA0000714,Delta Faucet Company,HIGH,prefix 6991 maps to BA0000714 in 9/9 existing vendor-populated StockItems.,,FOUND,READY
8500MB,"Jamestown 1 1/4"" Knob - Matte Black","Jamestown 1 1/4"" Knob - Matte Black",HARDWARE,HARDWARE,HARD-LOT,(no WarehouseDetails rows),ELIGIBLE,,,,NONE,No current VendorDetails row and no deterministic existing StockItem pattern met the audit threshold.,,FOUND,VENDOR_REVIEW_REQUIRED
CK361,Lariat Cabinet Pull,Lariat Cabinet Pull,HARDWARE,HARDWARE,HARD-LOT,(no WarehouseDetails rows),ELIGIBLE,,BA0000011,"Emtek Products Group, LLC",MEDIUM,brand-token CABINET suggests BA0000011 in 6/6 existing vendor-populated StockItems; manual review required.,,FOUND,VENDOR_REVIEW_REQUIRED
DK400,"Round Door Knocker - 4""","Round Door Knocker - 4""",HARDWARE,HARDWARE,HARD-LOT,(no WarehouseDetails rows),ELIGIBLE,,,,NONE,No current VendorDetails row and no deterministic existing StockItem pattern met the audit threshold.,,FOUND,VENDOR_REVIEW_REQUIRED
G301/G609,"Stepped Entry Set - 2 3/4"" X 20""","Stepped Entry Set - 2 3/4"" X 20""",HARDWARE,HARDWARE,HARD-LOT,(no WarehouseDetails rows),ELIGIBLE,,,,NONE,No current VendorDetails row and no deterministic existing StockItem pattern met the audit threshold.,,FOUND,VENDOR_REVIEW_REQUIRED
G761/G762,"Arched Entry Set - 2 3/4"" X 20""","Arched Entry Set - 2 3/4"" X 20""",HARDWARE,HARDWARE,HARD-LOT,(no WarehouseDetails rows),ELIGIBLE,,,,NONE,No current VendorDetails row and no deterministic existing StockItem pattern met the audit threshold.,,FOUND,VENDOR_REVIEW_REQUIRED
NB.3312 8 5/8,"Bauhaus Pull 8"" Center To Center - Natural Bronze","Bauhaus Pull 8"" Center To Center - Natural Bronze",HARDWARE,HARDWARE,HARD-LOT,BOISE WAREHOUSE=0,ELIGIBLE,,,,NONE,No current VendorDetails row and no deterministic existing StockItem pattern met the audit threshold.,,FOUND,VENDOR_REVIEW_REQUIRED
WM.CL.880.20,Helios Privacy Pin - White Medium Bronze,Helios Privacy Pin - White Medium Bronze,HARDWARE,HARDWARE,HARD-LOT,SALT LAKE APPLIANCES=0,ELIGIBLE,,,,NONE,No current VendorDetails row and no deterministic existing StockItem pattern met the audit threshold.,,FOUND,VENDOR_REVIEW_REQUIRED
WM.CL.880.30,Helios Passage - White Medium Bronze,Helios Passage - White Medium Bronze,HARDWARE,HARDWARE,HARD-LOT,SALT LAKE APPLIANCES=0,ELIGIBLE,,,,NONE,No current VendorDetails row and no deterministic existing StockItem pattern met the audit threshold.,,FOUND,VENDOR_REVIEW_REQUIRED
WM.CVTUB.880.50,Helios Gxl Entry - White Medium Bronze,Helios Gxl Entry - White Medium Bronze,HARDWARE,HARDWARE,HARD-LOT,SALT LAKE APPLIANCES=0,ELIGIBLE,,,,NONE,No current VendorDetails row and no deterministic existing StockItem pattern met the audit threshold.,,FOUND,VENDOR_REVIEW_REQUIRED
003627,"Urbanedge Sink Undermount, Single 18X18X10 - Stainless Steel","Urbanedge Sink Undermount, Single 18X18X10 - Stainless Steel",PLUMBING,PLUMB-LOT,PLUMB-LOT,SALT LAKE PLUMBING=0,ELIGIBLE,,,,NONE,No current VendorDetails row and no deterministic existing StockItem pattern met the audit threshold.,,FOUND,VENDOR_REVIEW_REQUIRED
01034275,"Drip Tray, Design Range Font - Brushed Nickel","Drip Tray, Design Range Font - Brushed Nickel",PLUMBING,PLUMBING,PLUMB-LOT,(no WarehouseDetails rows),ELIGIBLE,,BA0014832,Zip Water,HIGH,prefix 0103 maps to BA0014832 in 4/4 existing vendor-populated StockItems.,,FOUND,READY
01034347,"2 X 1.5Lb Co2 Refillable / Recyclable Cylinders, Small","2 X 1.5Lb Co2 Refillable / Recyclable Cylinders, Small",PLUMBING,PLUMBING,PLUMB-LOT,(no WarehouseDetails rows),ELIGIBLE,,BA0014832,Zip Water,HIGH,prefix 0103 maps to BA0014832 in 4/4 existing vendor-populated StockItems.,,FOUND,READY
01034349,Zip Co2 Regulator,Zip Co2 Regulator,PLUMBING,PLUMBING,PLUMB-LOT,(no WarehouseDetails rows),ELIGIBLE,,BA0014832,Zip Water,HIGH,prefix 0103 maps to BA0014832 in 4/4 existing vendor-populated StockItems.,,FOUND,READY
01041881,"Drip Tray, Design Range Font - Gunmetal","Drip Tray, Design Range Font - Gunmetal",PLUMBING,PLUMBING,PLUMB-LOT,(no WarehouseDetails rows),ELIGIBLE,,,,NONE,No current VendorDetails row and no deterministic existing StockItem pattern met the audit threshold.,,FOUND,VENDOR_REVIEW_REQUIRED
01043466,"Boiling, Chilled, Sparkling For Residential And Small Commercial - Base Module","Boiling, Chilled, Sparkling For Residential And Small Commercial - Base Module",PLUMBING,PLUMBING,PLUMB-LOT,(no WarehouseDetails rows),ELIGIBLE,,,,NONE,No current VendorDetails row and no deterministic existing StockItem pattern met the audit threshold.,,FOUND,VENDOR_REVIEW_REQUIRED
01046202,"Arc Plus Boiling, Chilled, Sparkling For Residential And Small Commercial Applications With Tap, Tap Only - Matte Black","Arc Plus Boiling, Chilled, Sparkling For Residential And Small Commercial Applications With Tap, Tap Only - Matte Black",PLUMBING,PLUMBING,PLUMB-LOT,(no WarehouseDetails rows),ELIGIBLE,,,,NONE,No current VendorDetails row and no deterministic existing StockItem pattern met the audit threshold.,,FOUND,VENDOR_REVIEW_REQUIRED
01046205,"Arc Plus Boiling, Chilled, Sparkling For Residential And Small Commercial Applications With Tap, Tap Only - Gunmetal","Arc Plus Boiling, Chilled, Sparkling For Residential And Small Commercial Applications With Tap, Tap Only - Gunmetal",PLUMBING,PLUMBING,PLUMB-LOT,(no WarehouseDetails rows),ELIGIBLE,,,,NONE,No current VendorDetails row and no deterministic existing StockItem pattern met the audit threshold.,,FOUND,VENDOR_REVIEW_REQUIRED
01048498,"Boiling, Chilled, Sparkling For Residential And Small Commercial, Kitted Base Module With 5 Lb Co2 And Regulator","Boiling, Chilled, Sparkling For Residential And Small Commercial, Kitted Base Module With 5 Lb Co2 And Regulator",PLUMBING,PLUMBING,PLUMB-LOT,(no WarehouseDetails rows),ELIGIBLE,,,,NONE,No current VendorDetails row and no deterministic existing StockItem pattern met the audit threshold.,,FOUND,VENDOR_REVIEW_REQUIRED
0127DOFULB,Push Drain With Overflow - Unlacquered Brass,Push Drain With Overflow - Unlacquered Brass,PLUMBING,PLUMBING,PLUMB-LOT,(no WarehouseDetails rows),ELIGIBLE,,,,NONE,No current VendorDetails row and no deterministic existing StockItem pattern met the audit threshold.,,FOUND,VENDOR_REVIEW_REQUIRED
016-HV0D,Pfister Havenridge Diverter Trim - Polished Nickel,Pfister Havenridge Diverter Trim - Polished Nickel,PLUMBING,PLUMBING,PLUMB-LOT,SALT LAKE APPLIANCES=0; SALT LAKE PLUMBING=0,ELIGIBLE,,,,NONE,No current VendorDetails row and no deterministic existing StockItem pattern met the audit threshold.,,FOUND,VENDOR_REVIEW_REQUIRED
04823670,"Hansgrohe Locarno Showerhead 240 1 Jet, 2.5 GPM - Matte Black","Hansgrohe Locarno Showerhead 240 1 Jet, 2.5 GPM - Matte Black",PLUMBING,PLUMBING,PLUMB-LOT,SALT LAKE APPLIANCES=0; SALT LAKE PLUMBING=0,ELIGIBLE,BA0000005 Hansgrohe,BA0000005,Hansgrohe,HIGH,Current StockItem VendorDetails contains 1 vendor row(s); selected first active VendorID BA0000005.,,FOUND,READY
04913820,"Raindance Select S Handshower Set 120 3 Jet PowderRain, 2.5 GPM - Brushed Nickel","Raindance Select S Handshower Set 120 3 Jet PowderRain, 2.5 GPM - Brushed Nickel",PLUMBING,PLUMBING,PLUMB-LOT,SALT LAKE APPLIANCES=0,ELIGIBLE,,,,NONE,No current VendorDetails row and no deterministic existing StockItem pattern met the audit threshold.,,FOUND,VENDOR_REVIEW_REQUIRED
04953000,"Hansgrohe Vernis Blend Pressure Balance Shower Set, 1.75 GPM - Chrome","Hansgrohe Vernis Blend Pressure Balance Shower Set, 1.75 GPM - Chrome",PLUMBING,PLUMBING,PLUMB-LOT,SALT LAKE APPLIANCES=0; SALT LAKE PLUMBING=0; JACKSON WAREHOUSE=0,ELIGIBLE,,BA0000005,Hansgrohe,HIGH,brand-token HANSGROHE maps to BA0000005 in 11/11 existing vendor-populated StockItems.,,FOUND,READY
04956000,"Vernis Blend Pressure Balance Tub / Shower Set, 1.75 GPM - Chrome","Vernis Blend Pressure Balance Tub / Shower Set, 1.75 GPM - Chrome",PLUMBING,PLUMBING,PLUMB-LOT,SALT LAKE APPLIANCES=0; SALT LAKE PLUMBING=1; JACKSON WAREHOUSE=0,SKIP_QTY_ON_HAND,BA0000005 Hansgrohe,BA0000005,Hansgrohe,HIGH,Current StockItem VendorDetails contains 1 vendor row(s); selected first active VendorID BA0000005.,,FOUND,SKIP_QTY_ON_HAND
05-24483-70890,"Henry Chronos 8"" Wall Mounted 45 Degree Shower Arm With Flange - Dark Brass","Henry Chronos 8"" Wall Mounted 45 Degree Shower Arm With Flange - Dark Brass",PLUMBING,PLUMBING,PLUMB-LOT,(no WarehouseDetails rows),ELIGIBLE,,BA0000008,"Waterworks Operating Co., LLC",MEDIUM,brand-token HENRY suggests BA0000008 in 53/53 existing vendor-populated StockItems; manual review required.,,FOUND,VENDOR_REVIEW_REQUIRED
05-68735-43308,Henry Handshower On Hook - Brass,Henry Handshower On Hook - Brass,PLUMBING,PLUMBING,PLUMB-LOT,(no WarehouseDetails rows),ELIGIBLE,,BA0000008,"Waterworks Operating Co., LLC",MEDIUM,brand-token HENRY suggests BA0000008 in 53/53 existing vendor-populated StockItems; manual review required.,,FOUND,VENDOR_REVIEW_REQUIRED
07-85449-61660,Riverun Wall Mounted Lavatory Faucet With Lever Handles - Burnished Brass,Riverun Wall Mounted Lavatory Faucet With Lever Handles - Burnished Brass,PLUMBING,PLUMBING,PLUMB-LOT,(no WarehouseDetails rows),ELIGIBLE,,,,NONE,No current VendorDetails row and no deterministic existing StockItem pattern met the audit threshold.,,FOUND,VENDOR_REVIEW_REQUIRED
07-97400-67866,Dash Wall Mounted Lavatory Faucet With Lever Handles - Vintage Brass,Dash Wall Mounted Lavatory Faucet With Lever Handles - Vintage Brass,PLUMBING,PLUMBING,PLUMB-LOT,SALT LAKE PLUMBING=0,ELIGIBLE,,,,NONE,No current VendorDetails row and no deterministic existing StockItem pattern met the audit threshold.,,FOUND,VENDOR_REVIEW_REQUIRED
09-05246-85637,Ludlow Floor Mounted Exposed Tub Filler With Handshower And Lever Handles - Chrome,Ludlow Floor Mounted Exposed Tub Filler With Handshower And Lever Handles - Chrome,PLUMBING,PLUMBING,PLUMB-LOT,SALT LAKE PLUMBING=0,ELIGIBLE,,BA0000008,"Waterworks Operating Co., LLC",MEDIUM,brand-token LUDLOW suggests BA0000008 in 40/40 existing vendor-populated StockItems; manual review required.,,FOUND,VENDOR_REVIEW_REQUIRED
091103080-08,Connection 35 X 135 Mm - Platinum,Connection 35 X 135 Mm - Platinum,PLUMBING,PLUMBING,PLUMB-LOT,SALT LAKE APPLIANCES=0; SALT LAKE PLUMBING=0,ELIGIBLE,,,,NONE,No current VendorDetails row and no deterministic existing StockItem pattern met the audit threshold.,,FOUND,VENDOR_REVIEW_REQUIRED
09-75272-27186,Henry Concealed Tub Filler With Handshower And Lever Handles - Nickel,Henry Concealed Tub Filler With Handshower And Lever Handles - Nickel,PLUMBING,PLUMBING,PLUMB-LOT,(no WarehouseDetails rows),ELIGIBLE,,BA0000008,"Waterworks Operating Co., LLC",MEDIUM,brand-token HENRY suggests BA0000008 in 53/53 existing vendor-populated StockItems; manual review required.,,FOUND,VENDOR_REVIEW_REQUIRED
1006-004-0125,"Scala Undermount Sink Fireclay 21.75"" With Overflow - Matte Black","Scala Undermount Sink Fireclay 21.75"" With Overflow - Matte Black",PLUMBING,PLUMBING,PLUMB-LOT,BOISE WAREHOUSE=0,ELIGIBLE,BA0008642 BOCCHI - Sanikey USA Inc.,BA0008642,BOCCHI - Sanikey USA Inc.,HIGH,Current StockItem VendorDetails contains 1 vendor row(s); selected default active VendorID BA0008642.,,FOUND,READY
1030-5463-03N,Newport Brass Chesterfield Kitchen Bridge Pull Down Faucet - Uncoated Polished Brass,Newport Brass Chesterfield Kitchen Bridge Pull Down Faucet - Uncoated Polished Brass,PLUMBING,PLUMBING,PLUMB-LOT,SALT LAKE PLUMBING=0,ELIGIBLE,BA0000714 Delta Faucet Company,BA0000714,Delta Faucet Company,HIGH,Current StockItem VendorDetails contains 1 vendor row(s); selected first active VendorID BA0000714.,,FOUND,READY
103693-N,"Euro-Style Push-Touch Drain With ""Waterworks"" Engraved Logo - Nickel","Euro-Style Push-Touch Drain With ""Waterworks"" Engraved Logo - Nickel",PLUMBING,PLUMBING,PLUMB-LOT,(no WarehouseDetails rows),ELIGIBLE,,,,NONE,No current VendorDetails row and no deterministic existing StockItem pattern met the audit threshold.,,FOUND,VENDOR_REVIEW_REQUIRED
104515MB,"Designer 3"" Steamhead With AromaTherapy Reservoir, Round - Matte Black","Designer 3"" Steamhead With AromaTherapy Reservoir, Round - Matte Black",PLUMBING,PLUMBING,PLUMB-LOT,SALT LAKE APPLIANCES=0; SALT LAKE PLUMBING=0,ELIGIBLE,BA0000753 Atmos Project LLC DBA Mr. Steam,BA0000753,Atmos Project LLC DBA Mr. Steam,HIGH,Current StockItem VendorDetails contains 1 vendor row(s); selected first active VendorID BA0000753.,,FOUND,READY
1049956,"Happyhour 49"" X 20"" Undermount Sink - Gunmetal","Happyhour 49"" X 20"" Undermount Sink - Gunmetal",PLUMBING,PLUMBING,PLUMB-LOT,SALT LAKE CLOSEOUT=0; SALT LAKE PLUMBING=0,ELIGIBLE,,,,NONE,No current VendorDetails row and no deterministic existing StockItem pattern met the audit threshold.,,FOUND,VENDOR_REVIEW_REQUIRED
106C-10B,Newport Brass East Linear Cold Water Dispenser - Oil Rubbed Bronze,Newport Brass East Linear Cold Water Dispenser - Oil Rubbed Bronze,PLUMBING,PLUMBING,PLUMB-LOT,SALT LAKE PLUMBING=0,ELIGIBLE,BA0000714 Delta Faucet Company,BA0000714,Delta Faucet Company,HIGH,Current StockItem VendorDetails contains 1 vendor row(s); selected first active VendorID BA0000714.,,FOUND,READY
10SW109,"Marina 71"" Dado Bathtub, Internal Overflow - Matte White","Marina 71"" Dado Bathtub, Internal Overflow - Matte White",PLUMBING,PLUMBING,PLUMB-LOT,BOISE WAREHOUSE=1,SKIP_QTY_ON_HAND,BA0023232 Casale Luxury Homewares Inc,BA0023232,Casale Luxury Homewares Inc,HIGH,Current StockItem VendorDetails contains 1 vendor row(s); selected first active VendorID BA0023232.,,FOUND,SKIP_QTY_ON_HAND
10SW116,"Marina 59"" Dado Bathtub, Internal Overflow - Matte White","Marina 59"" Dado Bathtub, Internal Overflow - Matte White",PLUMBING,PLUMBING,PLUMB-LOT,BOISE WAREHOUSE=1,SKIP_QTY_ON_HAND,BA0023232 Casale Luxury Homewares Inc,BA0023232,Casale Luxury Homewares Inc,HIGH,Current StockItem VendorDetails contains 1 vendor row(s); selected first active VendorID BA0023232.,,FOUND,SKIP_QTY_ON_HAND
11,Utility Sink 17 X 20 - White,Utility Sink 17 X 20 - White,PLUMBING,PLUMBING,PLUMB-LOT,BOISE WAREHOUSE=15; BOISE PROJECT=0,SKIP_QTY_ON_HAND,BA0000676 The Lovell Company,BA0000676,The Lovell Company,HIGH,Current StockItem VendorDetails contains 1 vendor row(s); selected first active VendorID BA0000676.,,FOUND,SKIP_QTY_ON_HAND
111.012.00.2,"Duofix Element For Wall Hung Water Closet, 82 Cm With Omega Concealed Cistern 12 Cm","Duofix Element For Wall Hung Water Closet, 82 Cm With Omega Concealed Cistern 12 Cm",PLUMBING,PLUMBING,PLUMB-LOT,(no WarehouseDetails rows),ELIGIBLE,,,,NONE,No current VendorDetails row and no deterministic existing StockItem pattern met the audit threshold.,,FOUND,VENDOR_REVIEW_REQUIRED
111-03N,Newport Brass East Linear Air Activated Disposer Switch - Uncoated Polished Brass,Newport Brass East Linear Air Activated Disposer Switch - Uncoated Polished Brass,PLUMBING,PLUMBING,PLUMB-LOT,BOISE WAREHOUSE=1,SKIP_QTY_ON_HAND,BA0000714 Delta Faucet Company,BA0000714,Delta Faucet Company,HIGH,Current StockItem VendorDetails contains 1 vendor row(s); selected first active VendorID BA0000714.,,FOUND,SKIP_QTY_ON_HAND
111-1.101-SP4-UPB,Sutton Deck Mounted Monoblock Lavatory Mixer - Polished Natural Brass,Sutton Deck Mounted Monoblock Lavatory Mixer - Polished Natural Brass,PLUMBING,PLUMBING,PLUMB-LOT,SALT LAKE APPLIANCES=0; SALT LAKE PLUMBING=0,ELIGIBLE,,BA0000006,California Faucets,MEDIUM,prefix 1111 suggests BA0000006 in 14/15 existing vendor-populated StockItems; manual review required.,,FOUND,VENDOR_REVIEW_REQUIRED
1111-52.20-ANF,"Asilomar Contemporary Single Hole Floor Mount Tub Filler, Arc Spout - Antique Nickel Flat","Asilomar Contemporary Single Hole Floor Mount Tub Filler, Arc Spout - Antique Nickel Flat",PLUMBING,PLUMBING,PLUMB-LOT,(no WarehouseDetails rows),ELIGIBLE,,BA0000006,California Faucets,MEDIUM,brand-token ASILOMAR suggests BA0000006 in 10/10 existing vendor-populated StockItems; manual review required.,,FOUND,VENDOR_REVIEW_REQUIRED
111-HAF.1-UPB,"Watermark Sutton Wall Mounted Shower Head, 8"" Diameter With 14"" Arm And Flange - Polished Natural Brass","Watermark Sutton Wall Mounted Shower Head, 8"" Diameter With 14"" Arm And Flange - Polished Natural Brass",PLUMBING,PLUMBING,PLUMB-LOT,SALT LAKE PLUMBING=2,SKIP_QTY_ON_HAND,BA0000760 Watermark,BA0000760,Watermark,HIGH,Current StockItem VendorDetails contains 1 vendor row(s); selected first active VendorID BA0000760.,,FOUND,SKIP_QTY_ON_HAND
11207/047,"Phylrich 12"" Straight Shower Arm - Antique Brass","Phylrich 12"" Straight Shower Arm - Antique Brass",PLUMBING,PLUMBING,PLUMB-LOT,BOISE WAREHOUSE=1,SKIP_QTY_ON_HAND,BA0016237 Phylrich,BA0016237,Phylrich,HIGH,Current StockItem VendorDetails contains 1 vendor row(s); selected first active VendorID BA0016237.,,FOUND,SKIP_QTY_ON_HAND
112A-03N,Brasstech Garbage Disposer Flange - Uncoated Polished Brass,Brasstech Garbage Disposer Flange - Uncoated Polished Brass,PLUMBING,PLUMBING,PLUMB-LOT,SALT LAKE PLUMBING=0,ELIGIBLE,BA0000714 Delta Faucet Company,BA0000714,Delta Faucet Company,HIGH,Current StockItem VendorDetails contains 1 vendor row(s); selected first active VendorID BA0000714.,,FOUND,READY
113-03N,Brasstech Garbage Disposer Stopper - Uncoated Polished Brass,Brasstech Garbage Disposer Stopper - Uncoated Polished Brass,PLUMBING,PLUMBING,PLUMB-LOT,SALT LAKE PLUMBING=0,ELIGIBLE,BA0000714 Delta Faucet Company,BA0000714,Delta Faucet Company,HIGH,Current StockItem VendorDetails contains 1 vendor row(s); selected first active VendorID BA0000714.,,FOUND,READY
1-135,"3/4"" 2019 Thermostatic Valve (34Therm)","3/4"" 2019 Thermostatic Valve (34Therm)",PLUMBING,PLUMBING,PLUMB-LOT,SALT LAKE PLUMBING=0,ELIGIBLE,,,,NONE,No current VendorDetails row and no deterministic existing StockItem pattern met the audit threshold.,,FOUND,VENDOR_REVIEW_REQUIRED
1-137,"3/4"" 2018 Thermostatic Valve With 3 Way Diverter","3/4"" 2018 Thermostatic Valve With 3 Way Diverter",PLUMBING,PLUMBING,PLUMB-LOT,(no WarehouseDetails rows),ELIGIBLE,,,,NONE,No current VendorDetails row and no deterministic existing StockItem pattern met the audit threshold.,,FOUND,VENDOR_REVIEW_REQUIRED
1200-03N,Newport Brass Metropole Widespread Lavatory Faucet - Uncoated Polished Brass,Newport Brass Metropole Widespread Lavatory Faucet - Uncoated Polished Brass,PLUMBING,PLUMBING,PLUMB-LOT,SALT LAKE PLUMBING=0,ELIGIBLE,BA0000714 Delta Faucet Company,BA0000714,Delta Faucet Company,HIGH,Current StockItem VendorDetails contains 1 vendor row(s); selected first active VendorID BA0000714.,,FOUND,READY
1200-10B,Metropole Widespread Lavatory Faucet - Oil Rubbed Bronze,Metropole Widespread Lavatory Faucet - Oil Rubbed Bronze,PLUMBING,PLUMBING,PLUMB-LOT,SALT LAKE PLUMBING=0,ELIGIBLE,BA0000714 Delta Faucet Company,BA0000714,Delta Faucet Company,HIGH,Current StockItem VendorDetails contains 1 vendor row(s); selected first active VendorID BA0000714.,,FOUND,READY
120-02/008,Phylrich Transition Widespread Faucet Lever Handle High Spout - Architectural Bronze,Phylrich Transition Widespread Faucet Lever Handle High Spout - Architectural Bronze,PLUMBING,PLUMBING,PLUMB-LOT,SALT LAKE PLUMBING=0,ELIGIBLE,BA0016237 Phylrich,BA0016237,Phylrich,HIGH,Current StockItem VendorDetails contains 1 vendor row(s); selected first active VendorID BA0016237.,,FOUND,READY
120-04/15G,"Phylrich Transition Widespread Faucet, Low Spout, Lever Handles - Gun Metal Grey","Phylrich Transition Widespread Faucet, Low Spout, Lever Handles - Gun Metal Grey",PLUMBING,PLUMBING,PLUMB-LOT,BOISE WAREHOUSE=0,ELIGIBLE,BA0016237 Phylrich,BA0016237,Phylrich,HIGH,Current StockItem VendorDetails contains 1 vendor row(s); selected first active VendorID BA0016237.,,FOUND,READY
1200-5103-10,Metropole Pull Down Kitchen Faucet - Satin Bronze PVD,Metropole Pull Down Kitchen Faucet - Satin Bronze PVD,PLUMBING,PLUMBING,PLUMB-LOT,SALT LAKE PLUMBING=0,ELIGIBLE,,BA0000714,Delta Faucet Company,MEDIUM,brand-token METROPOLE suggests BA0000714 in 5/5 existing vendor-populated StockItems; manual review required.,,FOUND,VENDOR_REVIEW_REQUIRED
1200-5103-15,Metropole Pull Down Kitchen Faucet - Polished Nickel,Metropole Pull Down Kitchen Faucet - Polished Nickel,PLUMBING,PLUMBING,PLUMB-LOT,SALT LAKE PLUMBING=0,ELIGIBLE,,BA0000714,Delta Faucet Company,MEDIUM,brand-token METROPOLE suggests BA0000714 in 5/5 existing vendor-populated StockItems; manual review required.,,FOUND,VENDOR_REVIEW_REQUIRED
1200-5503-15,"Metropole Pot Filler, Wall Mount - Polished Nickel","Metropole Pot Filler, Wall Mount - Polished Nickel",PLUMBING,PLUMBING,PLUMB-LOT,SALT LAKE PLUMBING=0,ELIGIBLE,,BA0000714,Delta Faucet Company,MEDIUM,brand-token METROPOLE suggests BA0000714 in 5/5 existing vendor-populated StockItems; manual review required.,,FOUND,VENDOR_REVIEW_REQUIRED
1200-5623-15,Metropole Cold Water Dispenser - Polished Nickel,Metropole Cold Water Dispenser - Polished Nickel,PLUMBING,PLUMBING,PLUMB-LOT,SALT LAKE PLUMBING=0,ELIGIBLE,,BA0000714,Delta Faucet Company,MEDIUM,brand-token METROPOLE suggests BA0000714 in 5/5 existing vendor-populated StockItems; manual review required.,,FOUND,VENDOR_REVIEW_REQUIRED
1200E4000,"Affinity Elongated Plastic Toilet Seat Featuring Stay Tite Seat Fastening System, Whisper Close, Easy Clean, Precision Fit, And Super Grip Bumpers - White","Affinity Elongated Plastic Toilet Seat Featuring Stay Tite Seat Fastening System, Whisper Close, Easy Clean, Precision Fit, And Super Grip Bumpers - White",PLUMBING,PLUMBING,PLUMB-LOT,BOISE WAREHOUSE=0,ELIGIBLE,,,,NONE,No current VendorDetails row and no deterministic existing StockItem pattern met the audit threshold.,,FOUND,VENDOR_REVIEW_REQUIRED
120-45-01/15G,"Phylrich Floor Mounted Tub Filler Lever Handle With Handshower, Tall - Gun Metal Grey","Phylrich Floor Mounted Tub Filler Lever Handle With Handshower, Tall - Gun Metal Grey",PLUMBING,PLUMBING,PLUMB-LOT,BOISE WAREHOUSE=0,ELIGIBLE,BA0016237 Phylrich,BA0016237,Phylrich,HIGH,Current StockItem VendorDetails contains 1 vendor row(s); selected first active VendorID BA0016237.,,FOUND,READY
120-70/008,"Transition 18"" Towel Bar - Architectural Bronze","Transition 18"" Towel Bar - Architectural Bronze",PLUMBING,PLUMBING,PLUMB-LOT,BOISE WAREHOUSE=0,ELIGIBLE,BA0016237 Phylrich,BA0016237,Phylrich,HIGH,Current StockItem VendorDetails contains 1 vendor row(s); selected first active VendorID BA0016237.,,FOUND,READY
120-73-047,"Transition 12"" Towel Bar - Antique Brass","Transition 12"" Towel Bar - Antique Brass",PLUMBING,PLUMBING,PLUMB-LOT,SALT LAKE APPLIANCES=0,ELIGIBLE,,BA0016237,Phylrich,HIGH,brand-token PHYLRICH maps to BA0016237 in 104/104 existing vendor-populated StockItems.,,FOUND,READY
120-74/008,Transition Single Post Paper Holder - Architectural Bronze,Transition Single Post Paper Holder - Architectural Bronze,PLUMBING,PLUMBING,PLUMB-LOT,BOISE WAREHOUSE=0,ELIGIBLE,BA0016237 Phylrich,BA0016237,Phylrich,HIGH,Current StockItem VendorDetails contains 1 vendor row(s); selected first active VendorID BA0016237.,,FOUND,READY
120-74/047,Transition Single Post Paper Holder - Antique Brass,Transition Single Post Paper Holder - Antique Brass,PLUMBING,PLUMBING,PLUMB-LOT,SALT LAKE APPLIANCES=0,ELIGIBLE,,BA0016237,Phylrich,HIGH,brand-token PHYLRICH maps to BA0016237 in 104/104 existing vendor-populated StockItems.,,FOUND,READY
120-76/008,Transition Robe Hook - Architectural Bronze,Transition Robe Hook - Architectural Bronze,PLUMBING,PLUMBING,PLUMB-LOT,BOISE WAREHOUSE=0,ELIGIBLE,BA0016237 Phylrich,BA0016237,Phylrich,HIGH,Current StockItem VendorDetails contains 1 vendor row(s); selected first active VendorID BA0016237.,,FOUND,READY
120-76/047,Transition Robe Hook - Antique Brass,Transition Robe Hook - Antique Brass,PLUMBING,PLUMBING,PLUMB-LOT,SALT LAKE APPLIANCES=0,ELIGIBLE,,BA0016237,Phylrich,HIGH,brand-token PHYLRICH maps to BA0016237 in 104/104 existing vendor-populated StockItems.,,FOUND,READY
122LS-10B,Brasstech Large Basket Strainer Set - Oil Rubbed Bronze,Brasstech Large Basket Strainer Set - Oil Rubbed Bronze,PLUMBING,PLUMBING,PLUMB-LOT,SALT LAKE PLUMBING=0,ELIGIBLE,BA0000714 Delta Faucet Company,BA0000714,Delta Faucet Company,HIGH,Current StockItem VendorDetails contains 1 vendor row(s); selected first active VendorID BA0000714.,,FOUND,READY
1296-WH-1/575-SB,NUO 2 CONSOLE SATIN BRASS LEGS,NUO 2 CONSOLE SATIN BRASS LEGS,PLUMBING,PLUMBING,PLUMB-LOT,BOISE WAREHOUSE=0,ELIGIBLE,,,,NONE,No current VendorDetails row and no deterministic existing StockItem pattern met the audit threshold.,,FOUND,VENDOR_REVIEW_REQUIRED
1336660,"Canova 19"" X 20"" Undermount Sink - Satin Stainless Steel","Canova 19"" X 20"" Undermount Sink - Satin Stainless Steel",PLUMBING,PLUMBING,PLUMB-LOT,SALT LAKE PLUMBING=0,ELIGIBLE,,,,NONE,No current VendorDetails row and no deterministic existing StockItem pattern met the audit threshold.,,FOUND,VENDOR_REVIEW_REQUIRED
13716882-990010,"Lavatory Spout, Deck Mounted Without Drain - Brushed Dark Platinum","Lavatory Spout, Deck Mounted Without Drain - Brushed Dark Platinum",PLUMBING,PLUMBING,PLUMB-LOT,(no WarehouseDetails rows),ELIGIBLE,,,,NONE,No current VendorDetails row and no deterministic existing StockItem pattern met the audit threshold.,,FOUND,VENDOR_REVIEW_REQUIRED
13801782-06,Mem Tub Spout For Wall Mounted Installation - Brushed Platinum,Mem Tub Spout For Wall Mounted Installation - Brushed Platinum,PLUMBING,PLUMBING,PLUMB-LOT,SALT LAKE PLUMBING=0,ELIGIBLE,,,,NONE,No current VendorDetails row and no deterministic existing StockItem pattern met the audit threshold.,,FOUND,VENDOR_REVIEW_REQUIRED
1400-4261-24A,"East Square Exposed Tub And Hand Shower Set, Free Standing - French Gold PVD","East Square Exposed Tub And Hand Shower Set, Free Standing - French Gold PVD",PLUMBING,PLUMBING,PLUMB-LOT,SALT LAKE PLUMBING=0,ELIGIBLE,,BA0000714,Delta Faucet Company,MEDIUM,brand-token EAST suggests BA0000714 in 20/20 existing vendor-populated StockItems; manual review required.,,FOUND,VENDOR_REVIEW_REQUIRED
1400-4263-24A,Newport Brass East Square Exposed Tub And Hand Shower Set With Risers - French Gold PVD,Newport Brass East Square Exposed Tub And Hand Shower Set With Risers - French Gold PVD,PLUMBING,PLUMBING,PLUMB-LOT,SALT LAKE PLUMBING=0,ELIGIBLE,BA0000714 Delta Faucet Company,BA0000714,Delta Faucet Company,HIGH,Current StockItem VendorDetails contains 1 vendor row(s); selected first active VendorID BA0000714.,,FOUND,READY
142749-SS,Nicoli Monitor 14 Series H2Okinetic Shower - Stainless,Nicoli Monitor 14 Series H2Okinetic Shower - Stainless,PLUMBING,PLUMBING,PLUMB-LOT,SALT LAKE PLUMBING=0,ELIGIBLE,,,,NONE,No current VendorDetails row and no deterministic existing StockItem pattern met the audit threshold.,,FOUND,VENDOR_REVIEW_REQUIRED
144749-CZ,Delta Nicoli Monitor 14 Series H2Okinetic Tub And Shower - Champagne Bronze,Delta Nicoli Monitor 14 Series H2Okinetic Tub And Shower - Champagne Bronze,PLUMBING,PLUMBING,PLUMB-LOT,BOISE WAREHOUSE=1; SALT LAKE PLUMBING=0,SKIP_QTY_ON_HAND,BA0000714 Delta Faucet Company,BA0000714,Delta Faucet Company,HIGH,Current StockItem VendorDetails contains 1 vendor row(s); selected first active VendorID BA0000714.,,FOUND,SKIP_QTY_ON_HAND
1500-5113-03N,Newport Brass East Linear Pull Down Kitchen Faucet - Uncoated Polished Brass,Newport Brass East Linear Pull Down Kitchen Faucet - Uncoated Polished Brass,PLUMBING,PLUMBING,PLUMB-LOT,BOISE WAREHOUSE=1; SALT LAKE PLUMBING=0,SKIP_QTY_ON_HAND,BA0000714 Delta Faucet Company,BA0000714,Delta Faucet Company,HIGH,Current StockItem VendorDetails contains 1 vendor row(s); selected first active VendorID BA0000714.,,FOUND,SKIP_QTY_ON_HAND
1500-5123-10B,Newport Brass East Linear Pull Down Kitchen Faucet - Oil Rubbed Bronze,Newport Brass East Linear Pull Down Kitchen Faucet - Oil Rubbed Bronze,PLUMBING,PLUMBING,PLUMB-LOT,SALT LAKE PLUMBING=0,ELIGIBLE,BA0000714 Delta Faucet Company,BA0000714,Delta Faucet Company,HIGH,Current StockItem VendorDetails contains 1 vendor row(s); selected first active VendorID BA0000714.,,FOUND,READY
1500-5811-06,Newport Brass East Linear Air Activated Disposer Switch - Antique Brass,Newport Brass East Linear Air Activated Disposer Switch - Antique Brass,PLUMBING,PLUMBING,PLUMB-LOT,SALT LAKE PLUMBING=1,SKIP_QTY_ON_HAND,BA0000714 Delta Faucet Company,BA0000714,Delta Faucet Company,HIGH,Current StockItem VendorDetails contains 1 vendor row(s); selected first active VendorID BA0000714.,,FOUND,SKIP_QTY_ON_HAND
15849LF-CZ,Nicoli Single Handle Bathroom Faucet - Champagne Bronze,Nicoli Single Handle Bathroom Faucet - Champagne Bronze,PLUMBING,PLUMBING,PLUMB-LOT,BOISE WAREHOUSE=0; SALT LAKE PLUMBING=0,ELIGIBLE,BA0000714 Delta Faucet Company,BA0000714,Delta Faucet Company,HIGH,Current StockItem VendorDetails contains 1 vendor row(s); selected first active VendorID BA0000714.,,FOUND,READY
161-12/008,Phylrich Henri Wall Mount Lavatory Trim - Architectural Bronze,Phylrich Henri Wall Mount Lavatory Trim - Architectural Bronze,PLUMBING,PLUMBING,PLUMB-LOT,BOISE WAREHOUSE=0,ELIGIBLE,BA0016237 Phylrich,BA0016237,Phylrich,HIGH,Current StockItem VendorDetails contains 1 vendor row(s); selected first active VendorID BA0016237.,,FOUND,READY
17-59-PN,"Crosswater Taos 7"" Towel Bar - Polished Nickel","Crosswater Taos 7"" Towel Bar - Polished Nickel",PLUMBING,PLUMBING,PLUMB-LOT,SALT LAKE PLUMBING=0,ELIGIBLE,"BA0000712 Forte Brands, LLC",BA0000712,"Forte Brands, LLC",HIGH,Current StockItem VendorDetails contains 1 vendor row(s); selected first active VendorID BA0000712.,,FOUND,READY
17861625-08,Meta Square Hot & Cold Water Dispenser - Platinum,Meta Square Hot & Cold Water Dispenser - Platinum,PLUMBING,PLUMBING,PLUMB-LOT,(no WarehouseDetails rows),ELIGIBLE,,,,NONE,No current VendorDetails row and no deterministic existing StockItem pattern met the audit threshold.,,FOUND,VENDOR_REVIEW_REQUIRED
17881875-99,Tara Ultra Hot & Cold Water Dispenser - Brushed Dark Platinum,Tara Ultra Hot & Cold Water Dispenser - Brushed Dark Platinum,PLUMBING,PLUMBING,PLUMB-LOT,SALT LAKE PLUMBING=0,ELIGIBLE,,BA0000715,Dornbracht GmbH & Co. KG,MEDIUM,brand-token TARA suggests BA0000715 in 12/12 existing vendor-populated StockItems; manual review required.,,FOUND,VENDOR_REVIEW_REQUIRED
17881888-06,Tara Hot & Cold Water Dispenser - Brushed Platinum,Tara Hot & Cold Water Dispenser - Brushed Platinum,PLUMBING,PLUMBING,PLUMB-LOT,SALT LAKE PLUMBING=0,ELIGIBLE,,BA0000715,Dornbracht GmbH & Co. KG,MEDIUM,brand-token TARA suggests BA0000715 in 12/12 existing vendor-populated StockItems; manual review required.,,FOUND,VENDOR_REVIEW_REQUIRED
19802Z-CZ-DST,Delta Lenta Single Handle Pull Down Kitchen Faucet - Champagne Bronze,Delta Lenta Single Handle Pull Down Kitchen Faucet - Champagne Bronze,PLUMBING,PLUMBING,PLUMB-LOT,BOISE WAREHOUSE=2,SKIP_QTY_ON_HAND,BA0000714 Delta Faucet Company,BA0000714,Delta Faucet Company,HIGH,Current StockItem VendorDetails contains 1 vendor row(s); selected first active VendorID BA0000714.,,FOUND,SKIP_QTY_ON_HAND
19867LF,Delta Nicoli Single Handle Pull Down Kitchen Faucet - Chrome,Delta Nicoli Single Handle Pull Down Kitchen Faucet - Chrome,PLUMBING,PLUMBING,PLUMB-LOT,SALT LAKE PLUMBING=1,SKIP_QTY_ON_HAND,BA0000714 Delta Faucet Company,BA0000714,Delta Faucet Company,HIGH,Current StockItem VendorDetails contains 1 vendor row(s); selected first active VendorID BA0000714.,,FOUND,SKIP_QTY_ON_HAND
19868LF-CZ,Nicoli Single Handle Pull Down Kitchen Faucet - Champagne Bronze,Nicoli Single Handle Pull Down Kitchen Faucet - Champagne Bronze,PLUMBING,PLUMBING,PLUMB-LOT,BOISE WAREHOUSE=0; SALT LAKE PLUMBING=0,ELIGIBLE,BA0000714 Delta Faucet Company,BA0000714,Delta Faucet Company,HIGH,Current StockItem VendorDetails contains 1 vendor row(s); selected first active VendorID BA0000714.,,FOUND,READY
19868LF-SS,Delta Nicoli Single Handle Pull Down Kitchen Faucet - Stainless,Delta Nicoli Single Handle Pull Down Kitchen Faucet - Stainless,PLUMBING,PLUMBING,PLUMB-LOT,BOISE WAREHOUSE=0,ELIGIBLE,BA0000677 Mountain West Marketing,BA0000677,Mountain West Marketing,HIGH,Current StockItem VendorDetails contains 1 vendor row(s); selected first active VendorID BA0000677.,,FOUND,READY
2000T560AU,Aboutwater Shower Column Rough,Aboutwater Shower Column Rough,PLUMBING,PLUMBING,PLUMB-LOT,BOISE WAREHOUSE=0,ELIGIBLE,"BA0010852 Fantini USA, Inc",BA0010852,"Fantini USA, Inc",HIGH,Current StockItem VendorDetails contains 1 vendor row(s); selected default active VendorID BA0010852.,,FOUND,READY
200-1001-15S,"12"" Shower Arm - Satin Nickel","12"" Shower Arm - Satin Nickel",PLUMBING,PLUMBING,PLUMB-LOT,(no WarehouseDetails rows),ELIGIBLE,,,,NONE,No current VendorDetails row and no deterministic existing StockItem pattern met the audit threshold.,,FOUND,VENDOR_REVIEW_REQUIRED
200-10B,"6"" Shower Arm - Oil Rubbed Bronze","6"" Shower Arm - Oil Rubbed Bronze",PLUMBING,PLUMBING,PLUMB-LOT,SALT LAKE PLUMBING=0,ELIGIBLE,BA0000714 Delta Faucet Company,BA0000714,Delta Faucet Company,HIGH,Current StockItem VendorDetails contains 1 vendor row(s); selected first active VendorID BA0000714.,,FOUND,READY
200-15A,"6"" Shower Arm - Antique Nickel","6"" Shower Arm - Antique Nickel",PLUMBING,PLUMBING,PLUMB-LOT,(no WarehouseDetails rows),ELIGIBLE,,,,NONE,No current VendorDetails row and no deterministic existing StockItem pattern met the audit threshold.,,FOUND,VENDOR_REVIEW_REQUIRED
200-24A,"Newport Brass 6"" Shower Arm - French Gold PVD","Newport Brass 6"" Shower Arm - French Gold PVD",PLUMBING,PLUMBING,PLUMB-LOT,SALT LAKE PLUMBING=4,SKIP_QTY_ON_HAND,BA0000714 Delta Faucet Company,BA0000714,Delta Faucet Company,HIGH,Current StockItem VendorDetails contains 1 vendor row(s); selected first active VendorID BA0000714.,,FOUND,SKIP_QTY_ON_HAND
201-1-24A,"8"" Shower Arm - French Gold PVD","8"" Shower Arm - French Gold PVD",PLUMBING,PLUMBING,PLUMB-LOT,SALT LAKE PLUMBING=0,ELIGIBLE,,BA0000635,Accurate Lock & Hardware,HIGH,prefix 2011 maps to BA0000635 in 3/3 existing vendor-populated StockItems.,,FOUND,READY
201-15S,"8"" Shower Arm - Satin Nickel","8"" Shower Arm - Satin Nickel",PLUMBING,PLUMBING,PLUMB-LOT,(no WarehouseDetails rows),ELIGIBLE,,BA0000635,Accurate Lock & Hardware,HIGH,prefix 2011 maps to BA0000635 in 3/3 existing vendor-populated StockItems.,,FOUND,READY
2020-1200-15S,"Newport Brass Skylar 8"" Towel Bar - Satin Nickel","Newport Brass Skylar 8"" Towel Bar - Satin Nickel",PLUMBING,PLUMBING,PLUMB-LOT,SALT LAKE PLUMBING=5,SKIP_QTY_ON_HAND,BA0000714 Delta Faucet Company,BA0000714,Delta Faucet Company,HIGH,Current StockItem VendorDetails contains 1 vendor row(s); selected first active VendorID BA0000714.,,FOUND,SKIP_QTY_ON_HAND
2020-1500-15S,Newport Brass Skylar Double Post Toilet Tissue Holder - Satin Nickel,Newport Brass Skylar Double Post Toilet Tissue Holder - Satin Nickel,PLUMBING,PLUMBING,PLUMB-LOT,SALT LAKE PLUMBING=3,SKIP_QTY_ON_HAND,BA0000714 Delta Faucet Company,BA0000714,Delta Faucet Company,HIGH,Current StockItem VendorDetails contains 1 vendor row(s); selected first active VendorID BA0000714.,,FOUND,SKIP_QTY_ON_HAND
2020-1650-15S,Newport Brass Skylar Single Robe Hook - Satin Nickel,Newport Brass Skylar Single Robe Hook - Satin Nickel,PLUMBING,PLUMBING,PLUMB-LOT,SALT LAKE PLUMBING=5,SKIP_QTY_ON_HAND,BA0000714 Delta Faucet Company,BA0000714,Delta Faucet Company,HIGH,Current StockItem VendorDetails contains 1 vendor row(s); selected first active VendorID BA0000714.,,FOUND,SKIP_QTY_ON_HAND
203-034,"10"" Shower Arm - Aged Brass","10"" Shower Arm - Aged Brass",PLUMBING,PLUMBING,PLUMB-LOT,(no WarehouseDetails rows),ELIGIBLE,,,,NONE,No current VendorDetails row and no deterministic existing StockItem pattern met the audit threshold.,,FOUND,VENDOR_REVIEW_REQUIRED
206-10B,Shower Arm Flange - Oil Rubbed Bronze,Shower Arm Flange - Oil Rubbed Bronze,PLUMBING,PLUMBING,PLUMB-LOT,SALT LAKE PLUMBING=0,ELIGIBLE,BA0000714 Delta Faucet Company,BA0000714,Delta Faucet Company,HIGH,Current StockItem VendorDetails contains 1 vendor row(s); selected first active VendorID BA0000714.,,FOUND,READY
206-15A,Shower Arm Flange - Antique Nickel,Shower Arm Flange - Antique Nickel,PLUMBING,PLUMBING,PLUMB-LOT,(no WarehouseDetails rows),ELIGIBLE,,,,NONE,No current VendorDetails row and no deterministic existing StockItem pattern met the audit threshold.,,FOUND,VENDOR_REVIEW_REQUIRED
206-24A,Newport Brass Shower Arm Flange - French Gold PVD,Newport Brass Shower Arm Flange - French Gold PVD,PLUMBING,PLUMBING,PLUMB-LOT,SALT LAKE PLUMBING=4,SKIP_QTY_ON_HAND,BA0000714 Delta Faucet Company,BA0000714,Delta Faucet Company,HIGH,Current StockItem VendorDetails contains 1 vendor row(s); selected first active VendorID BA0000714.,,FOUND,SKIP_QTY_ON_HAND
20705782-060010,Mem Three-Hole Lavatory Mixer With Drain - Brushed Platinum,Mem Three-Hole Lavatory Mixer With Drain - Brushed Platinum,PLUMBING,PLUMBING,PLUMB-LOT,SALT LAKE PLUMBING=0,ELIGIBLE,,,,NONE,No current VendorDetails row and no deterministic existing StockItem pattern met the audit threshold.,,FOUND,VENDOR_REVIEW_REQUIRED
20710882-080010,Dornbracht Tara Three-Hole Lavatory Mixer With Drain - Platinum,Dornbracht Tara Three-Hole Lavatory Mixer With Drain - Platinum,PLUMBING,PLUMBING,PLUMB-LOT,SALT LAKE APPLIANCES=0; SALT LAKE PLUMBING=0,ELIGIBLE,BA0000715 Dornbracht GmbH & Co. KG,BA0000715,Dornbracht GmbH & Co. KG,HIGH,Current StockItem VendorDetails contains 1 vendor row(s); selected first active VendorID BA0000715.,,FOUND,READY
2093T560BUO9,Aboutwater Shower Column - Brushed Stainless Steel / Red,Aboutwater Shower Column - Brushed Stainless Steel / Red,PLUMBING,PLUMBING,PLUMB-LOT,BOISE WAREHOUSE=0,ELIGIBLE,"BA0010852 Fantini USA, Inc",BA0010852,"Fantini USA, Inc",HIGH,Current StockItem VendorDetails contains 1 vendor row(s); selected default active VendorID BA0010852.,,FOUND,READY
211-10B,Single Function Shower Head - Oil Rubbed Bronze,Single Function Shower Head - Oil Rubbed Bronze,PLUMBING,PLUMBING,PLUMB-LOT,SALT LAKE PLUMBING=0,ELIGIBLE,BA0000714 Delta Faucet Company,BA0000714,Delta Faucet Company,HIGH,Current StockItem VendorDetails contains 1 vendor row(s); selected first active VendorID BA0000714.,,FOUND,READY
21-2-E1BA-AB/AB/AB,Elements Deck Mounted 3 Hole Lavatory Set - Antique Brass,Elements Deck Mounted 3 Hole Lavatory Set - Antique Brass,PLUMBING,PLUMBING,PLUMB-LOT,SALT LAKE APPLIANCES=0,ELIGIBLE,,,,NONE,No current VendorDetails row and no deterministic existing StockItem pattern met the audit threshold.,,FOUND,VENDOR_REVIEW_REQUIRED
2-144-10B,Astor Tub Spout - Oil Rubbed Bronze,Astor Tub Spout - Oil Rubbed Bronze,PLUMBING,PLUMBING,PLUMB-LOT,SALT LAKE PLUMBING=0,ELIGIBLE,BA0000714 Delta Faucet Company,BA0000714,Delta Faucet Company,HIGH,Current StockItem VendorDetails contains 1 vendor row(s); selected first active VendorID BA0000714.,,FOUND,READY
2-144-15S,Astor Tub Spout - Satin Nickel,Astor Tub Spout - Satin Nickel,PLUMBING,PLUMBING,PLUMB-LOT,(no WarehouseDetails rows),ELIGIBLE,,,,NONE,No current VendorDetails row and no deterministic existing StockItem pattern met the audit threshold.,,FOUND,VENDOR_REVIEW_REQUIRED
2144-24A,Newport Brass Multi Function Showerhead - French Gold PVD,Newport Brass Multi Function Showerhead - French Gold PVD,PLUMBING,PLUMBING,PLUMB-LOT,SALT LAKE PLUMBING=4,SKIP_QTY_ON_HAND,BA0000714 Delta Faucet Company,BA0000714,Delta Faucet Company,HIGH,Current StockItem VendorDetails contains 1 vendor row(s); selected first active VendorID BA0000714.,,FOUND,SKIP_QTY_ON_HAND
2152-24A,Newport Brass Rainfall Shower Head - French Gold PVD,Newport Brass Rainfall Shower Head - French Gold PVD,PLUMBING,PLUMBING,PLUMB-LOT,SALT LAKE PLUMBING=0,ELIGIBLE,BA0000714 Delta Faucet Company,BA0000714,Delta Faucet Company,HIGH,Current StockItem VendorDetails contains 1 vendor row(s); selected first active VendorID BA0000714.,,FOUND,READY
2157-15S,Luxnetic Multi Function Showerhead - Satin Nickel,Luxnetic Multi Function Showerhead - Satin Nickel,PLUMBING,PLUMBING,PLUMB-LOT,(no WarehouseDetails rows),ELIGIBLE,,,,NONE,No current VendorDetails row and no deterministic existing StockItem pattern met the audit threshold.,,FOUND,VENDOR_REVIEW_REQUIRED
2158-06,Newport Brass Luxnetic Multi Function Showerhead - Antique Brass,Newport Brass Luxnetic Multi Function Showerhead - Antique Brass,PLUMBING,PLUMBING,PLUMB-LOT,SALT LAKE PLUMBING=0,ELIGIBLE,BA0000714 Delta Faucet Company,BA0000714,Delta Faucet Company,HIGH,Current StockItem VendorDetails contains 1 vendor row(s); selected first active VendorID BA0000714.,,FOUND,READY
2158-15A,Luxnetic Multi Function Showerhead - Antique Nickel,Luxnetic Multi Function Showerhead - Antique Nickel,PLUMBING,PLUMBING,PLUMB-LOT,(no WarehouseDetails rows),ELIGIBLE,,,,NONE,No current VendorDetails row and no deterministic existing StockItem pattern met the audit threshold.,,FOUND,VENDOR_REVIEW_REQUIRED
2158-24A,Luxnetic Multi Function Showerhead - French Gold PVD,Luxnetic Multi Function Showerhead - French Gold PVD,PLUMBING,PLUMBING,PLUMB-LOT,SALT LAKE PLUMBING=0,ELIGIBLE,,,,NONE,No current VendorDetails row and no deterministic existing StockItem pattern met the audit threshold.,,FOUND,VENDOR_REVIEW_REQUIRED
22-0.1B-AB,"Titanium 30"" Wall Mounted Towel Bar - Antique Brass","Titanium 30"" Wall Mounted Towel Bar - Antique Brass",PLUMBING,PLUMBING,PLUMB-LOT,SALT LAKE PLUMBING=0,ELIGIBLE,,,,NONE,No current VendorDetails row and no deterministic existing StockItem pattern met the audit threshold.,,FOUND,VENDOR_REVIEW_REQUIRED
22-0.1B-GM,"Titanium 30"" Wall Mounted Towel Bar - Gun Metal","Titanium 30"" Wall Mounted Towel Bar - Gun Metal",PLUMBING,PLUMBING,PLUMB-LOT,SALT LAKE PLUMBING=0,ELIGIBLE,,,,NONE,No current VendorDetails row and no deterministic existing StockItem pattern met the audit threshold.,,FOUND,VENDOR_REVIEW_REQUIRED
220-03/014,"Phylrich Works Widespread Faucet, Low Spout - Polished Nickel","Phylrich Works Widespread Faucet, Low Spout - Polished Nickel",PLUMBING,PLUMBING,PLUMB-LOT,SALT LAKE APPLIANCES=0; SALT LAKE PLUMBING=0,ELIGIBLE,BA0016237 Phylrich,BA0016237,Phylrich,HIGH,Current StockItem VendorDetails contains 1 vendor row(s); selected first active VendorID BA0016237.,,FOUND,READY
220-03/024,"Works Widespread Faucet, Low Spout - Satin Gold","Works Widespread Faucet, Low Spout - Satin Gold",PLUMBING,PLUMBING,PLUMB-LOT,BOISE WAREHOUSE=0,ELIGIBLE,,,,NONE,No current VendorDetails row and no deterministic existing StockItem pattern met the audit threshold.,,FOUND,VENDOR_REVIEW_REQUIRED
220-21/014,"Phylrich Works Pressure Balance Shower Set, Cross Handle - Polished Nickel","Phylrich Works Pressure Balance Shower Set, Cross Handle - Polished Nickel",PLUMBING,PLUMBING,PLUMB-LOT,SALT LAKE APPLIANCES=0; SALT LAKE PLUMBING=1,SKIP_QTY_ON_HAND,BA0016237 Phylrich,BA0016237,Phylrich,HIGH,Current StockItem VendorDetails contains 1 vendor row(s); selected first active VendorID BA0016237.,,FOUND,SKIP_QTY_ON_HAND
220-26/014,"Phylrich Works Pressure Balance Tub And Shower Set, Cross Handle - Polished Nickel","Phylrich Works Pressure Balance Tub And Shower Set, Cross Handle - Polished Nickel",PLUMBING,PLUMBING,PLUMB-LOT,SALT LAKE APPLIANCES=0; SALT LAKE PLUMBING=1,SKIP_QTY_ON_HAND,BA0016237 Phylrich,BA0016237,Phylrich,HIGH,Current StockItem VendorDetails contains 1 vendor row(s); selected first active VendorID BA0016237.,,FOUND,SKIP_QTY_ON_HAND
220-35/026,"Works Volume Control / Diverter Trim, Cross Handle, Volume Engraved - Polished Chrome","Works Volume Control / Diverter Trim, Cross Handle, Volume Engraved - Polished Chrome",PLUMBING,PLUMBING,PLUMB-LOT,SALT LAKE PLUMBING=0,ELIGIBLE,,,,NONE,No current VendorDetails row and no deterministic existing StockItem pattern met the audit threshold.,,FOUND,VENDOR_REVIEW_REQUIRED
220-71/014,"Works 24"" Towel Bar - Polished Nickel","Works 24"" Towel Bar - Polished Nickel",PLUMBING,PLUMBING,PLUMB-LOT,SALT LAKE APPLIANCES=0,ELIGIBLE,,BA0016237,Phylrich,HIGH,brand-token PHYLRICH maps to BA0016237 in 104/104 existing vendor-populated StockItems.,,FOUND,READY
220-72/014,"Works 30"" Towel Bar - Polished Nickel","Works 30"" Towel Bar - Polished Nickel",PLUMBING,PLUMBING,PLUMB-LOT,SALT LAKE APPLIANCES=0,ELIGIBLE,,BA0016237,Phylrich,HIGH,brand-token PHYLRICH maps to BA0016237 in 104/104 existing vendor-populated StockItems.,,FOUND,READY
220-74/014,Works Single Post Paper Holder - Polished Nickel,Works Single Post Paper Holder - Polished Nickel,PLUMBING,PLUMBING,PLUMB-LOT,SALT LAKE APPLIANCES=0,ELIGIBLE,,BA0016237,Phylrich,HIGH,brand-token PHYLRICH maps to BA0016237 in 104/104 existing vendor-populated StockItems.,,FOUND,READY
220-76/014,Works Towel Ring - Polished Nickel,Works Towel Ring - Polished Nickel,PLUMBING,PLUMBING,PLUMB-LOT,SALT LAKE APPLIANCES=0,ELIGIBLE,,BA0016237,Phylrich,HIGH,brand-token PHYLRICH maps to BA0016237 in 104/104 existing vendor-populated StockItems.,,FOUND,READY
220-77/014,Works Robe Hook - Polished Nickel,Works Robe Hook - Polished Nickel,PLUMBING,PLUMBING,PLUMB-LOT,SALT LAKE APPLIANCES=0,ELIGIBLE,,BA0016237,Phylrich,HIGH,brand-token PHYLRICH maps to BA0016237 in 104/104 existing vendor-populated StockItems.,,FOUND,READY
220-77/040,Phylrich Works Robe Hook - Matte Black,Phylrich Works Robe Hook - Matte Black,PLUMBING,PLUMBING,PLUMB-LOT,BOISE WAREHOUSE=0,ELIGIBLE,BA0016237 Phylrich,BA0016237,Phylrich,HIGH,Current StockItem VendorDetails contains 1 vendor row(s); selected default active VendorID BA0016237.,,FOUND,READY
221014,"Precis Grid Large Single 21""","Precis Grid Large Single 21""",PLUMBING,PLUMBING,PLUMB-LOT,SALT LAKE PLUMBING=0,ELIGIBLE,,,,NONE,No current VendorDetails row and no deterministic existing StockItem pattern met the audit threshold.,,FOUND,VENDOR_REVIEW_REQUIRED
22-7.1.3GA-TICV-AB,"Titanium Deck Mounted 3 Hole Gooseneck Kitchen Set, Includes Side Spray - Antique Brass","Titanium Deck Mounted 3 Hole Gooseneck Kitchen Set, Includes Side Spray - Antique Brass",PLUMBING,PLUMBING,PLUMB-LOT,SALT LAKE APPLIANCES=0; SALT LAKE PLUMBING=0,ELIGIBLE,,,,NONE,No current VendorDetails row and no deterministic existing StockItem pattern met the audit threshold.,,FOUND,VENDOR_REVIEW_REQUIRED
22-7.1.3G-TICV-AB,Titanium Deck Mounted 2 Hole Gooseneck Kitchen Faucet - Antique Brass,Titanium Deck Mounted 2 Hole Gooseneck Kitchen Faucet - Antique Brass,PLUMBING,PLUMBING,PLUMB-LOT,SALT LAKE APPLIANCES=0; SALT LAKE PLUMBING=0,ELIGIBLE,,,,NONE,No current VendorDetails row and no deterministic existing StockItem pattern met the audit threshold.,,FOUND,VENDOR_REVIEW_REQUIRED
22-7.1.3PG2-TICV-AB,Titanium Deck Mounted 2 Hole Gooseneck Kitchen Faucet With Pull Down Spray - Antique Brass,Titanium Deck Mounted 2 Hole Gooseneck Kitchen Faucet With Pull Down Spray - Antique Brass,PLUMBING,PLUMBING,PLUMB-LOT,SALT LAKE APPLIANCES=0; SALT LAKE PLUMBING=0,ELIGIBLE,,,,NONE,No current VendorDetails row and no deterministic existing StockItem pattern met the audit threshold.,,FOUND,VENDOR_REVIEW_REQUIRED
22-9PG4-TIA-PT,Titanium Deck Mounted 3 Hole Gooseneck Prep Faucet With Pull Down Spray - Pewter,Titanium Deck Mounted 3 Hole Gooseneck Prep Faucet With Pull Down Spray - Pewter,PLUMBING,PLUMBING,PLUMB-LOT,(no WarehouseDetails rows),ELIGIBLE,,,,NONE,No current VendorDetails row and no deterministic existing StockItem pattern met the audit threshold.,,FOUND,VENDOR_REVIEW_REQUIRED
22-HSPB2-AB,"Titanium Positioning Bar Shower Kit With Volume Hand Shower And 69"" Hose - Antique Brass","Titanium Positioning Bar Shower Kit With Volume Hand Shower And 69"" Hose - Antique Brass",PLUMBING,PLUMBING,PLUMB-LOT,SALT LAKE APPLIANCES=0; SALT LAKE PLUMBING=0,ELIGIBLE,,,,NONE,No current VendorDetails row and no deterministic existing StockItem pattern met the audit threshold.,,FOUND,VENDOR_REVIEW_REQUIRED
230-01/040,Basic Ii Widespread Faucet - Matte Black,Basic Ii Widespread Faucet - Matte Black,PLUMBING,PLUMBING,PLUMB-LOT,BOISE WAREHOUSE=0,ELIGIBLE,,BA0016237,Phylrich,MEDIUM,brand-token BASIC suggests BA0016237 in 25/26 existing vendor-populated StockItems; manual review required.,,FOUND,VENDOR_REVIEW_REQUIRED
230-01/15G,Phylrich Basic Ii Widespread Faucet - Gun Metal Grey,Phylrich Basic Ii Widespread Faucet - Gun Metal Grey,PLUMBING,PLUMBING,PLUMB-LOT,BOISE WAREHOUSE=0,ELIGIBLE,BA0016237 Phylrich,BA0016237,Phylrich,HIGH,Current StockItem VendorDetails contains 1 vendor row(s); selected first active VendorID BA0016237.,,FOUND,READY
230-02/047,Phylrich Basic Ii Widespread Faucet - Antique Brass,Phylrich Basic Ii Widespread Faucet - Antique Brass,PLUMBING,PLUMBING,PLUMB-LOT,BOISE WAREHOUSE=3,SKIP_QTY_ON_HAND,BA0016237 Phylrich,BA0016237,Phylrich,HIGH,Current StockItem VendorDetails contains 1 vendor row(s); selected first active VendorID BA0016237.,,FOUND,SKIP_QTY_ON_HAND
230-09/15G,"Phylrich Basic Ii Single Hole Lavatory Faucet, Lever Handle - Gun Metal Grey","Phylrich Basic Ii Single Hole Lavatory Faucet, Lever Handle - Gun Metal Grey",PLUMBING,PLUMBING,PLUMB-LOT,BOISE WAREHOUSE=0,ELIGIBLE,BA0016237 Phylrich,BA0016237,Phylrich,HIGH,Current StockItem VendorDetails contains 1 vendor row(s); selected first active VendorID BA0016237.,,FOUND,READY
230-11-10-047,"Phylrich Basic II 10"" Wall Lavatory Set - Knurled Handles 230-11-10","Phylrich Basic II 10"" Wall Lavatory Set - Knurled Handles 230-11-10",PLUMBING,PLUMBING,PLUMB-LOT,BOISE WAREHOUSE=1,SKIP_QTY_ON_HAND,BA0016237 Phylrich,BA0016237,Phylrich,HIGH,Current StockItem VendorDetails contains 1 vendor row(s); selected first active VendorID BA0016237.,,FOUND,SKIP_QTY_ON_HAND
230-14/015,Basic Ii Wall Lavatory Set - Satin Nickel,Basic Ii Wall Lavatory Set - Satin Nickel,PLUMBING,PLUMBING,PLUMB-LOT,SALT LAKE APPLIANCES=0,ELIGIBLE,,BA0016237,Phylrich,MEDIUM,brand-token BASIC suggests BA0016237 in 25/26 existing vendor-populated StockItems; manual review required.,,FOUND,VENDOR_REVIEW_REQUIRED
230-46-01/047,"Phylrich Floor Mounted Tub Filler Smooth Handle With Handshower, Tall - Antique Brass","Phylrich Floor Mounted Tub Filler Smooth Handle With Handshower, Tall - Antique Brass",PLUMBING,PLUMBING,PLUMB-LOT,BOISE WAREHOUSE=1,SKIP_QTY_ON_HAND,BA0016237 Phylrich,BA0016237,Phylrich,HIGH,Current StockItem VendorDetails contains 1 vendor row(s); selected first active VendorID BA0016237.,,FOUND,SKIP_QTY_ON_HAND
230-59/040,Phylrich Basic Ii Wall Tub Set Lever Handles - Matte Black,Phylrich Basic Ii Wall Tub Set Lever Handles - Matte Black,PLUMBING,PLUMBING,PLUMB-LOT,BOISE WAREHOUSE=1,SKIP_QTY_ON_HAND,BA0016237 Phylrich,BA0016237,Phylrich,HIGH,Current StockItem VendorDetails contains 1 vendor row(s); selected first active VendorID BA0016237.,,FOUND,SKIP_QTY_ON_HAND
233-401-10B,"4"" Square Shower Drain - Oil Rubbed Bronze","4"" Square Shower Drain - Oil Rubbed Bronze",PLUMBING,PLUMBING,PLUMB-LOT,SALT LAKE PLUMBING=0,ELIGIBLE,BA0000714 Delta Faucet Company,BA0000714,Delta Faucet Company,HIGH,Current StockItem VendorDetails contains 1 vendor row(s); selected first active VendorID BA0000714.,,FOUND,READY
233-401-15,"4"" Square Shower Drain - Polished Nickel","4"" Square Shower Drain - Polished Nickel",PLUMBING,PLUMBING,PLUMB-LOT,SALT LAKE PLUMBING=0,ELIGIBLE,BA0000714 Delta Faucet Company,BA0000714,Delta Faucet Company,HIGH,Current StockItem VendorDetails contains 1 vendor row(s); selected first active VendorID BA0000714.,,FOUND,READY
236431,Diamond Floating Dish Rack 1.75,Diamond Floating Dish Rack 1.75,PLUMBING,PLUMBING,PLUMB-LOT,BOISE WAREHOUSE=0,ELIGIBLE,,,,NONE,No current VendorDetails row and no deterministic existing StockItem pattern met the audit threshold.,,FOUND,VENDOR_REVIEW_REQUIRED
23-9.7C-SBZ,Loft 2.0 Contemporary Filtered Square Top Water Dispenser - Satin Bronze,Loft 2.0 Contemporary Filtered Square Top Water Dispenser - Satin Bronze,PLUMBING,PLUMBING,PLUMB-LOT,(no WarehouseDetails rows),ELIGIBLE,,,,NONE,No current VendorDetails row and no deterministic existing StockItem pattern met the audit threshold.,,FOUND,VENDOR_REVIEW_REQUIRED
23-FSG-SBZ,Floor Mounted Gooseneck Bath Spout - Satin Bronze,Floor Mounted Gooseneck Bath Spout - Satin Bronze,PLUMBING,PLUMBING,PLUMB-LOT,(no WarehouseDetails rows),ELIGIBLE,,BA0000008,"Waterworks Operating Co., LLC",MEDIUM,brand-token GOOSENECK suggests BA0000008 in 15/15 existing vendor-populated StockItems; manual review required.,,FOUND,VENDOR_REVIEW_REQUIRED
25-0.1-18DDP-GM,"Urbane 18"" Double Shower Door Pull / Glass Mount Towel Bar - Gun Metal","Urbane 18"" Double Shower Door Pull / Glass Mount Towel Bar - Gun Metal",PLUMBING,PLUMBING,PLUMB-LOT,SALT LAKE APPLIANCES=0; SALT LAKE PLUMBING=0,ELIGIBLE,,,,NONE,No current VendorDetails row and no deterministic existing StockItem pattern met the audit threshold.,,FOUND,VENDOR_REVIEW_REQUIRED
250-06/008X030,"Phylrich Circ - Single Handle Faucet - High Spout, Marble Handles - Architectural Bronze","Phylrich Circ - Single Handle Faucet - High Spout, Marble Handles - Architectural Bronze",PLUMBING,PLUMBING,PLUMB-LOT,BOISE WAREHOUSE=0,ELIGIBLE,BA0016237 Phylrich,BA0016237,Phylrich,HIGH,Current StockItem VendorDetails contains 1 vendor row(s); selected first active VendorID BA0016237.,,FOUND,READY
2-503-15S,Shower Arm Flange - Satin Nickel,Shower Arm Flange - Satin Nickel,PLUMBING,PLUMBING,PLUMB-LOT,(no WarehouseDetails rows),ELIGIBLE,,,,NONE,No current VendorDetails row and no deterministic existing StockItem pattern met the audit threshold.,,FOUND,VENDOR_REVIEW_REQUIRED
25133882-99,Tara Tub Mixer For Wall Mounted Installation With Hand Shower Set - Brushed Dark Platinum,Tara Tub Mixer For Wall Mounted Installation With Hand Shower Set - Brushed Dark Platinum,PLUMBING,PLUMBING,PLUMB-LOT,(no WarehouseDetails rows),ELIGIBLE,,BA0000715,Dornbracht GmbH & Co. KG,MEDIUM,brand-token TARA suggests BA0000715 in 12/12 existing vendor-populated StockItems; manual review required.,,FOUND,VENDOR_REVIEW_REQUIRED
2540-1410-52,Metro Towel Ring - Matte White,Metro Towel Ring - Matte White,PLUMBING,PLUMBING,PLUMB-LOT,(no WarehouseDetails rows),ELIGIBLE,,,,NONE,No current VendorDetails row and no deterministic existing StockItem pattern met the audit threshold.,,FOUND,VENDOR_REVIEW_REQUIRED
2540-1410-56,Metro Towel Ring - Flat Black,Metro Towel Ring - Flat Black,PLUMBING,PLUMBING,PLUMB-LOT,(no WarehouseDetails rows),ELIGIBLE,,,,NONE,No current VendorDetails row and no deterministic existing StockItem pattern met the audit threshold.,,FOUND,VENDOR_REVIEW_REQUIRED
2540-1570-52,"Metro Open Toilet Tissue Holder, Right - Matte White","Metro Open Toilet Tissue Holder, Right - Matte White",PLUMBING,PLUMBING,PLUMB-LOT,(no WarehouseDetails rows),ELIGIBLE,,,,NONE,No current VendorDetails row and no deterministic existing StockItem pattern met the audit threshold.,,FOUND,VENDOR_REVIEW_REQUIRED
2540-1570-56,"Metro Open Toilet Tissue Holder, Right - Flat Black","Metro Open Toilet Tissue Holder, Right - Flat Black",PLUMBING,PLUMBING,PLUMB-LOT,(no WarehouseDetails rows),ELIGIBLE,,,,NONE,No current VendorDetails row and no deterministic existing StockItem pattern met the audit threshold.,,FOUND,VENDOR_REVIEW_REQUIRED
2561SQ75,Santec Edo Towel Bar - Satin Nickel,Santec Edo Towel Bar - Satin Nickel,PLUMBING,PLUMBING,PLUMB-LOT,SALT LAKE PLUMBING=2,SKIP_QTY_ON_HAND,BA0000748 Santec,BA0000748,Santec,HIGH,Current StockItem VendorDetails contains 1 vendor row(s); selected first active VendorID BA0000748.,,FOUND,SKIP_QTY_ON_HAND
2564SQ75,Santec Edo Hand Towel Bar - Satin Nickel,Santec Edo Hand Towel Bar - Satin Nickel,PLUMBING,PLUMBING,PLUMB-LOT,SALT LAKE PLUMBING=6,SKIP_QTY_ON_HAND,BA0000748 Santec,BA0000748,Santec,HIGH,Current StockItem VendorDetails contains 1 vendor row(s); selected first active VendorID BA0000748.,,FOUND,SKIP_QTY_ON_HAND
2565SQ75,Santec Edo Toilet Paper Holder - Satin Nickel,Santec Edo Toilet Paper Holder - Satin Nickel,PLUMBING,PLUMBING,PLUMB-LOT,SALT LAKE PLUMBING=3,SKIP_QTY_ON_HAND,BA0000748 Santec,BA0000748,Santec,HIGH,Current StockItem VendorDetails contains 1 vendor row(s); selected first active VendorID BA0000748.,,FOUND,SKIP_QTY_ON_HAND
2566SQ75,Santec Edo Robe Hook - Satin Nickel,Santec Edo Robe Hook - Satin Nickel,PLUMBING,PLUMBING,PLUMB-LOT,SALT LAKE PLUMBING=6,SKIP_QTY_ON_HAND,BA0000748 Santec,BA0000748,Santec,HIGH,Current StockItem VendorDetails contains 1 vendor row(s); selected first active VendorID BA0000748.,,FOUND,SKIP_QTY_ON_HAND
25-7.8-IN14-AB,Urbane Wall Mounted Pot Filler - Antique Brass,Urbane Wall Mounted Pot Filler - Antique Brass,PLUMBING,PLUMBING,PLUMB-LOT,SALT LAKE APPLIANCES=0; SALT LAKE PLUMBING=0,ELIGIBLE,,,,NONE,No current VendorDetails row and no deterministic existing StockItem pattern met the audit threshold.,,FOUND,VENDOR_REVIEW_REQUIRED
25-8.8-IN16-AB,Urbane Single Hole Floor Standing Bath Set With Hand Shower - Antique Brass,Urbane Single Hole Floor Standing Bath Set With Hand Shower - Antique Brass,PLUMBING,PLUMBING,PLUMB-LOT,SALT LAKE APPLIANCES=0; SALT LAKE PLUMBING=0,ELIGIBLE,,,,NONE,No current VendorDetails row and no deterministic existing StockItem pattern met the audit threshold.,,FOUND,VENDOR_REVIEW_REQUIRED
25-9.3P1-IN14-SN,Urbane Deck Mounted Single Hole Square Top Prep Faucet With Pull Out Spray - Satin Nickel,Urbane Deck Mounted Single Hole Square Top Prep Faucet With Pull Out Spray - Satin Nickel,PLUMBING,PLUMBING,PLUMB-LOT,SALT LAKE PLUMBING=0,ELIGIBLE,,,,NONE,No current VendorDetails row and no deterministic existing StockItem pattern met the audit threshold.,,FOUND,VENDOR_REVIEW_REQUIRED
25-9.5GHC-AB,"Urbane Deck Mounted Hot And Filtered Gooseneck Water Dispenser, Diamond Knurl - Antique Brass","Urbane Deck Mounted Hot And Filtered Gooseneck Water Dispenser, Diamond Knurl - Antique Brass",PLUMBING,PLUMBING,PLUMB-LOT,SALT LAKE APPLIANCES=0; SALT LAKE PLUMBING=0,ELIGIBLE,,,,NONE,No current VendorDetails row and no deterministic existing StockItem pattern met the audit threshold.,,FOUND,VENDOR_REVIEW_REQUIRED
27799970-08,Profi Side Spray Set - Platinum,Profi Side Spray Set - Platinum,PLUMBING,PLUMBING,PLUMB-LOT,(no WarehouseDetails rows),ELIGIBLE,,,,NONE,No current VendorDetails row and no deterministic existing StockItem pattern met the audit threshold.,,FOUND,VENDOR_REVIEW_REQUIRED
27802892-080010,Dornbracht Tara Hand Shower Set With Individual Flanges - Platinum,Dornbracht Tara Hand Shower Set With Individual Flanges - Platinum,PLUMBING,PLUMBING,PLUMB-LOT,SALT LAKE APPLIANCES=0; SALT LAKE PLUMBING=0,ELIGIBLE,BA0000715 Dornbracht GmbH & Co. KG,BA0000715,Dornbracht GmbH & Co. KG,HIGH,Current StockItem VendorDetails contains 1 vendor row(s); selected first active VendorID BA0000715.,,FOUND,READY
27812970-060010,Hand Shower Set With Integrated Wall Bracket - Brushed Platinum,Hand Shower Set With Integrated Wall Bracket - Brushed Platinum,PLUMBING,PLUMBING,PLUMB-LOT,SALT LAKE PLUMBING=0,ELIGIBLE,,,,NONE,No current VendorDetails row and no deterministic existing StockItem pattern met the audit threshold.,,FOUND,VENDOR_REVIEW_REQUIRED
27858979-06,Affusion Pipe With Cover Plate - Brushed Platinum,Affusion Pipe With Cover Plate - Brushed Platinum,PLUMBING,PLUMBING,PLUMB-LOT,SALT LAKE PLUMBING=0,ELIGIBLE,,,,NONE,No current VendorDetails row and no deterministic existing StockItem pattern met the audit threshold.,,FOUND,VENDOR_REVIEW_REQUIRED
27P6A713BU,Aboutwater Wall Mount Single Control Washbasin Mixer - Matte British Gold PVD,Aboutwater Wall Mount Single Control Washbasin Mixer - Matte British Gold PVD,PLUMBING,PLUMBING,PLUMB-LOT,SALT LAKE PLUMBING=0,ELIGIBLE,,,,NONE,No current VendorDetails row and no deterministic existing StockItem pattern met the audit threshold.,,FOUND,VENDOR_REVIEW_REQUIRED
28016979-990010,Hand Shower 130 Mm - Brushed Dark Platinum,Hand Shower 130 Mm - Brushed Dark Platinum,PLUMBING,PLUMBING,PLUMB-LOT,(no WarehouseDetails rows),ELIGIBLE,,,,NONE,No current VendorDetails row and no deterministic existing StockItem pattern met the audit threshold.,,FOUND,VENDOR_REVIEW_REQUIRED
28060970-99,Wall Bracket Pivotable - Brushed Dark Platinum,Wall Bracket Pivotable - Brushed Dark Platinum,PLUMBING,PLUMBING,PLUMB-LOT,(no WarehouseDetails rows),ELIGIBLE,,,,NONE,No current VendorDetails row and no deterministic existing StockItem pattern met the audit threshold.,,FOUND,VENDOR_REVIEW_REQUIRED
280A-03N,"Newport Brass Hand Shower Set, Wall Mount - Uncoated Polished Brass","Newport Brass Hand Shower Set, Wall Mount - Uncoated Polished Brass",PLUMBING,PLUMBING,PLUMB-LOT,SALT LAKE PLUMBING=0,ELIGIBLE,BA0000714 Delta Faucet Company,BA0000714,Delta Faucet Company,HIGH,Current StockItem VendorDetails contains 1 vendor row(s); selected first active VendorID BA0000714.,,FOUND,READY
280E-24A,Newport Brass Slide Bar With Multi Function Hand Shower Set - French Gold PVD,Newport Brass Slide Bar With Multi Function Hand Shower Set - French Gold PVD,PLUMBING,PLUMBING,PLUMB-LOT,SALT LAKE PLUMBING=0,ELIGIBLE,BA0000714 Delta Faucet Company,BA0000714,Delta Faucet Company,HIGH,Current StockItem VendorDetails contains 1 vendor row(s); selected first active VendorID BA0000714.,,FOUND,READY
280F-24A,Slide Bar With Multi Function Hand Shower Set - French Gold PVD,Slide Bar With Multi Function Hand Shower Set - French Gold PVD,PLUMBING,PLUMBING,PLUMB-LOT,SALT LAKE PLUMBING=0,ELIGIBLE,,BA0000006,California Faucets,MEDIUM,brand-token SLIDE suggests BA0000006 in 48/50 existing vendor-populated StockItems; manual review required.,,FOUND,VENDOR_REVIEW_REQUIRED
280G-15S,Multi Function Hand Shower Set - Satin Nickel,Multi Function Hand Shower Set - Satin Nickel,PLUMBING,PLUMBING,PLUMB-LOT,(no WarehouseDetails rows),ELIGIBLE,,,,NONE,No current VendorDetails row and no deterministic existing StockItem pattern met the audit threshold.,,FOUND,VENDOR_REVIEW_REQUIRED
280H-15,Multi Function Hand Shower Set - Polished Nickel,Multi Function Hand Shower Set - Polished Nickel,PLUMBING,PLUMBING,PLUMB-LOT,SALT LAKE PLUMBING=0,ELIGIBLE,BA0000714 Delta Faucet Company,BA0000714,Delta Faucet Company,HIGH,Current StockItem VendorDetails contains 1 vendor row(s); selected first active VendorID BA0000714.,,FOUND,READY
280R-15A,Single Function Hand Shower Set - Antique Nickel,Single Function Hand Shower Set - Antique Nickel,PLUMBING,PLUMBING,PLUMB-LOT,(no WarehouseDetails rows),ELIGIBLE,,,,NONE,No current VendorDetails row and no deterministic existing StockItem pattern met the audit threshold.,,FOUND,VENDOR_REVIEW_REQUIRED
2845-GPH,Disposal Flange with Strainer - Graphite,Disposal Flange with Strainer - Graphite,PLUMBING,PLUMBING,PLUMB-LOT,SALT LAKE HARDWARE=0,ELIGIBLE,,,,NONE,No current VendorDetails row and no deterministic existing StockItem pattern met the audit threshold.,,FOUND,VENDOR_REVIEW_REQUIRED
28508979-080010,Dornbracht Showerhead - Platinum,Dornbracht Showerhead - Platinum,PLUMBING,PLUMBING,PLUMB-LOT,SALT LAKE APPLIANCES=0; SALT LAKE PLUMBING=0,ELIGIBLE,BA0000715 Dornbracht GmbH & Co. KG,BA0000715,Dornbracht GmbH & Co. KG,HIGH,Current StockItem VendorDetails contains 1 vendor row(s); selected default active VendorID BA0000715.,,FOUND,READY
28631830,"Hansgrohe Unica Wallbar S, 36"" - Polished Nickel","Hansgrohe Unica Wallbar S, 36"" - Polished Nickel",PLUMBING,PLUMBING,PLUMB-LOT,SALT LAKE PLUMBING=1,SKIP_QTY_ON_HAND,BA0000005 Hansgrohe,BA0000005,Hansgrohe,HIGH,Current StockItem VendorDetails contains 1 vendor row(s); selected default active VendorID BA0000005.,,FOUND,SKIP_QTY_ON_HAND
28689970-080010,"Rain Shower Ceiling Mounted 11-3/4"" - Platinum","Rain Shower Ceiling Mounted 11-3/4"" - Platinum",PLUMBING,PLUMBING,PLUMB-LOT,SALT LAKE APPLIANCES=0; SALT LAKE PLUMBING=0,ELIGIBLE,,,,NONE,No current VendorDetails row and no deterministic existing StockItem pattern met the audit threshold.,,FOUND,VENDOR_REVIEW_REQUIRED
28773980-060010,"Rain Shower Ceiling Mounted 11-3/4"" X 9-1/2"" - Brushed Platinum","Rain Shower Ceiling Mounted 11-3/4"" X 9-1/2"" - Brushed Platinum",PLUMBING,PLUMBING,PLUMB-LOT,SALT LAKE PLUMBING=0,ELIGIBLE,,,,NONE,No current VendorDetails row and no deterministic existing StockItem pattern met the audit threshold.,,FOUND,VENDOR_REVIEW_REQUIRED
2940-5173-06,"Taft Kitchen Pull Down Kitchen Faucet, Trigger Spray - Antique Brass","Taft Kitchen Pull Down Kitchen Faucet, Trigger Spray - Antique Brass",PLUMBING,PLUMBING,PLUMB-LOT,SALT LAKE PLUMBING=1,SKIP_QTY_ON_HAND,BA0000714 Delta Faucet Company,BA0000714,Delta Faucet Company,HIGH,Current StockItem VendorDetails contains 1 vendor row(s); selected first active VendorID BA0000714.,,FOUND,SKIP_QTY_ON_HAND
2940-5223-06,Taft Kitchen Prep / Bar Pull Down Faucet - Antique Brass,Taft Kitchen Prep / Bar Pull Down Faucet - Antique Brass,PLUMBING,PLUMBING,PLUMB-LOT,SALT LAKE PLUMBING=1,SKIP_QTY_ON_HAND,BA0000714 Delta Faucet Company,BA0000714,Delta Faucet Company,HIGH,Current StockItem VendorDetails contains 1 vendor row(s); selected first active VendorID BA0000714.,,FOUND,SKIP_QTY_ON_HAND
2940-5233-06,Taft Kitchen Prep / Bar Faucet - Antique Brass,Taft Kitchen Prep / Bar Faucet - Antique Brass,PLUMBING,PLUMBING,PLUMB-LOT,SALT LAKE PLUMBING=1,SKIP_QTY_ON_HAND,BA0000714 Delta Faucet Company,BA0000714,Delta Faucet Company,HIGH,Current StockItem VendorDetails contains 1 vendor row(s); selected first active VendorID BA0000714.,,FOUND,SKIP_QTY_ON_HAND
2940-5233-26,Newport Brass Taft Kitchen Prep / Bar Faucet - Polished Chrome,Newport Brass Taft Kitchen Prep / Bar Faucet - Polished Chrome,PLUMBING,PLUMBING,PLUMB-LOT,SALT LAKE PLUMBING=0,ELIGIBLE,BA0000714 Delta Faucet Company,BA0000714,Delta Faucet Company,HIGH,Current StockItem VendorDetails contains 1 vendor row(s); selected first active VendorID BA0000714.,,FOUND,READY
2940-5623-06,Newport Brass Taft Kitchen Cold Water Dispenser - Antique Brass,Newport Brass Taft Kitchen Cold Water Dispenser - Antique Brass,PLUMBING,PLUMBING,PLUMB-LOT,SALT LAKE PLUMBING=1,SKIP_QTY_ON_HAND,BA0000714 Delta Faucet Company,BA0000714,Delta Faucet Company,HIGH,Current StockItem VendorDetails contains 1 vendor row(s); selected first active VendorID BA0000714.,,FOUND,SKIP_QTY_ON_HAND
2940-5811-06,Newport Brass Taft Kitchen Air Activated Disposer Switch - Antique Brass,Newport Brass Taft Kitchen Air Activated Disposer Switch - Antique Brass,PLUMBING,PLUMBING,PLUMB-LOT,SALT LAKE PLUMBING=3,SKIP_QTY_ON_HAND,BA0000714 Delta Faucet Company,BA0000714,Delta Faucet Company,HIGH,Current StockItem VendorDetails contains 1 vendor row(s); selected first active VendorID BA0000714.,,FOUND,SKIP_QTY_ON_HAND
2940-5811-26,Newport Brass Taft Kitchen Air Activated Disposer Switch - Polished Chrome,Newport Brass Taft Kitchen Air Activated Disposer Switch - Polished Chrome,PLUMBING,PLUMBING,PLUMB-LOT,SALT LAKE PLUMBING=1,SKIP_QTY_ON_HAND,BA0000714 Delta Faucet Company,BA0000714,Delta Faucet Company,HIGH,Current StockItem VendorDetails contains 1 vendor row(s); selected first active VendorID BA0000714.,,FOUND,SKIP_QTY_ON_HAND
29-7.65-TR25-APB,Watermark Anika / Transitional Deck Mounted Bridge Kitchen Faucet With Independent Side Spray - Aged Brass,Watermark Anika / Transitional Deck Mounted Bridge Kitchen Faucet With Independent Side Spray - Aged Brass,PLUMBING,PLUMBING,PLUMB-LOT,SALT LAKE PLUMBING=0,ELIGIBLE,BA0000760 Watermark,BA0000760,Watermark,HIGH,Current StockItem VendorDetails contains 1 vendor row(s); selected first active VendorID BA0000760.,,FOUND,READY
3.5KDULB,"3.5"" Kitchen Drain - Unlacquered Brass","3.5"" Kitchen Drain - Unlacquered Brass",PLUMBING,PLUMBING,PLUMB-LOT,SALT LAKE APPLIANCES=0; SALT LAKE PLUMBING=0,ELIGIBLE,BA0003290 Hajoca Corporation,BA0003290,Hajoca Corporation,HIGH,Current StockItem VendorDetails contains 1 vendor row(s); selected default active VendorID BA0003290.,,FOUND,READY
3013-30,Brasstech P Trap Kit - Midnight Chrome,Brasstech P Trap Kit - Midnight Chrome,PLUMBING,PLUMBING,PLUMB-LOT,(no WarehouseDetails rows),ELIGIBLE,,,,NONE,No current VendorDetails row and no deterministic existing StockItem pattern met the audit threshold.,,FOUND,VENDOR_REVIEW_REQUIRED
3-018/026,6 Jet Smooth Shower Head - Polished Chrome,6 Jet Smooth Shower Head - Polished Chrome,PLUMBING,PLUMBING,PLUMB-LOT,SALT LAKE PLUMBING=0,ELIGIBLE,,,,NONE,No current VendorDetails row and no deterministic existing StockItem pattern met the audit threshold.,,FOUND,VENDOR_REVIEW_REQUIRED
30-2-TR25-APB,Watermark Anika Deck Mounted 3 Hole Lavatory Set - Aged Brass,Watermark Anika Deck Mounted 3 Hole Lavatory Set - Aged Brass,PLUMBING,PLUMBING,PLUMB-LOT,SALT LAKE PLUMBING=0,ELIGIBLE,BA0000760 Watermark,BA0000760,Watermark,HIGH,Current StockItem VendorDetails contains 1 vendor row(s); selected first active VendorID BA0000760.,,FOUND,READY
3-049/047,Phylrich Hand Shower Hose - Antique Brass,Phylrich Hand Shower Hose - Antique Brass,PLUMBING,PLUMBING,PLUMB-LOT,BOISE WAREHOUSE=0,ELIGIBLE,BA0016237 Phylrich,BA0016237,Phylrich,HIGH,Current StockItem VendorDetails contains 1 vendor row(s); selected first active VendorID BA0016237.,,FOUND,READY
3053000.020,Cadet 3 Flowise Skirted Chair Height Round Front Bowl With Seat - White,Cadet 3 Flowise Skirted Chair Height Round Front Bowl With Seat - White,PLUMBING,PLUMBING,PLUMB-LOT,BOISE WAREHOUSE=0; SALT LAKE PLUMBING=0,ELIGIBLE,BA0003290 Hajoca Corporation,BA0003290,Hajoca Corporation,HIGH,Current StockItem VendorDetails contains 1 vendor row(s); selected first active VendorID BA0003290.,,FOUND,READY
3060-DS-LBL,"Jaclo 60"" Double Spiral Brass Hose - Light Blue","Jaclo 60"" Double Spiral Brass Hose - Light Blue",PLUMBING,PLUMBING,PLUMB-LOT,SALT LAKE PLUMBING=2,SKIP_QTY_ON_HAND,BA0000733 Jaclo,BA0000733,Jaclo,HIGH,Current StockItem VendorDetails contains 1 vendor row(s); selected first active VendorID BA0000733.,,FOUND,SKIP_QTY_ON_HAND
30-HSPB1-TR25-APB,"Watermark Anika Positioning Bar Shower Kit With Hand Shower And 69"" Hose - Aged Brass","Watermark Anika Positioning Bar Shower Kit With Hand Shower And 69"" Hose - Aged Brass",PLUMBING,PLUMBING,PLUMB-LOT,SALT LAKE PLUMBING=0,ELIGIBLE,BA0000760 Watermark,BA0000760,Watermark,HIGH,Current StockItem VendorDetails contains 1 vendor row(s); selected first active VendorID BA0000760.,,FOUND,READY
30-T25-TR24-APB,"Watermark Anika Wall Mounted Mini Thermostatic Shower Trim With Built In Control, 3 1/2"" X 6 1/4"" - Aged Brass","Watermark Anika Wall Mounted Mini Thermostatic Shower Trim With Built In Control, 3 1/2"" X 6 1/4"" - Aged Brass",PLUMBING,PLUMBING,PLUMB-LOT,SALT LAKE PLUMBING=0,ELIGIBLE,BA0000760 Watermark,BA0000760,Watermark,HIGH,Current StockItem VendorDetails contains 1 vendor row(s); selected first active VendorID BA0000760.,,FOUND,READY
3100-06,Pavani Widespread Lavatory Faucet - Antique Brass,Pavani Widespread Lavatory Faucet - Antique Brass,PLUMBING,PLUMBING,PLUMB-LOT,(no WarehouseDetails rows),ELIGIBLE,,,,NONE,No current VendorDetails row and no deterministic existing StockItem pattern met the audit threshold.,,FOUND,VENDOR_REVIEW_REQUIRED
3102XT-MBLK,"Descanso 8"" Widespread Lavatory Faucet - Matte Black","Descanso 8"" Widespread Lavatory Faucet - Matte Black",PLUMBING,PLUMBING,PLUMB-LOT,SALT LAKE PLUMBING=0,ELIGIBLE,,BA0000006,California Faucets,MEDIUM,brand-token DESCANSO suggests BA0000006 in 17/17 existing vendor-populated StockItems; manual review required.,,FOUND,VENDOR_REVIEW_REQUIRED
31-2.2M-BK-UPB,"Brooklyn Wall Mounted 3 Hole Lavatory Set With 8 3/4"" Spout - Polished Natural Brass","Brooklyn Wall Mounted 3 Hole Lavatory Set With 8 3/4"" Spout - Polished Natural Brass",PLUMBING,PLUMBING,PLUMB-LOT,SALT LAKE APPLIANCES=0; SALT LAKE PLUMBING=0,ELIGIBLE,,BA0000649,Classic Brass,HIGH,prefix 3122 maps to BA0000649 in 5/5 existing vendor-populated StockItems.,,FOUND,READY
31-2.2S-BK-APB,"Brooklyn Wall Mounted 3 Hole Lavatory Set With 6"" Spout - Aged Brass","Brooklyn Wall Mounted 3 Hole Lavatory Set With 6"" Spout - Aged Brass",PLUMBING,PLUMBING,PLUMB-LOT,SALT LAKE PLUMBING=0,ELIGIBLE,,BA0000649,Classic Brass,HIGH,prefix 3122 maps to BA0000649 in 5/5 existing vendor-populated StockItems.,,FOUND,READY
3-1203TR-10B,"Metropole 1/2"" Round Thermostatic Trim Plate With Handle - Oil Rubbed Bronze","Metropole 1/2"" Round Thermostatic Trim Plate With Handle - Oil Rubbed Bronze",PLUMBING,PLUMBING,PLUMB-LOT,SALT LAKE PLUMBING=0,ELIGIBLE,BA0000714 Delta Faucet Company,BA0000714,Delta Faucet Company,HIGH,Current StockItem VendorDetails contains 1 vendor row(s); selected first active VendorID BA0000714.,,FOUND,READY
3-1204BP-03N,Newport Brass Metropole Balanced Pressure Shower Trim Set - Uncoated Polished Brass,Newport Brass Metropole Balanced Pressure Shower Trim Set - Uncoated Polished Brass,PLUMBING,PLUMBING,PLUMB-LOT,SALT LAKE PLUMBING=0,ELIGIBLE,BA0000714 Delta Faucet Company,BA0000714,Delta Faucet Company,HIGH,Current StockItem VendorDetails contains 1 vendor row(s); selected first active VendorID BA0000714.,,FOUND,READY
3-1503TS-10B,"East Linear 1/2"" Square Thermostatic Trim Plate With Handle - Oil Rubbed Bronze","East Linear 1/2"" Square Thermostatic Trim Plate With Handle - Oil Rubbed Bronze",PLUMBING,PLUMBING,PLUMB-LOT,SALT LAKE PLUMBING=0,ELIGIBLE,BA0000714 Delta Faucet Company,BA0000714,Delta Faucet Company,HIGH,Current StockItem VendorDetails contains 1 vendor row(s); selected first active VendorID BA0000714.,,FOUND,READY
3-1503TS-15,"East Linear 1/2"" Square Thermostatic Trim Plate With Handle - Polished Nickel","East Linear 1/2"" Square Thermostatic Trim Plate With Handle - Polished Nickel",PLUMBING,PLUMBING,PLUMB-LOT,SALT LAKE PLUMBING=0,ELIGIBLE,BA0000714 Delta Faucet Company,BA0000714,Delta Faucet Company,HIGH,Current StockItem VendorDetails contains 1 vendor row(s); selected first active VendorID BA0000714.,,FOUND,READY
31-7.3PG2-BKA1-APB,"Brooklyn Deck Mounted Single Hole Gooseneck Kitchen Faucet With Pull Down Spray, High Spout - Aged Brass","Brooklyn Deck Mounted Single Hole Gooseneck Kitchen Faucet With Pull Down Spray, High Spout - Aged Brass",PLUMBING,PLUMBING,PLUMB-LOT,SALT LAKE PLUMBING=0,ELIGIBLE,,,,NONE,No current VendorDetails row and no deterministic existing StockItem pattern met the audit threshold.,,FOUND,VENDOR_REVIEW_REQUIRED
31-HAF-UPB,"Brooklyn Wall Mounted Shower Head, 3"" Diameter With 7"" Arm And Flange - Polished Natural Brass","Brooklyn Wall Mounted Shower Head, 3"" Diameter With 7"" Arm And Flange - Polished Natural Brass",PLUMBING,PLUMBING,PLUMB-LOT,SALT LAKE APPLIANCES=0; SALT LAKE PLUMBING=0,ELIGIBLE,,,,NONE,No current VendorDetails row and no deterministic existing StockItem pattern met the audit threshold.,,FOUND,VENDOR_REVIEW_REQUIRED
31-HSHK3-UPB,"Brooklyn Wall Mounted Hand Shower Set With Slim Hand Shower And 69"" Hose - Polished Natural Brass","Brooklyn Wall Mounted Hand Shower Set With Slim Hand Shower And 69"" Hose - Polished Natural Brass",PLUMBING,PLUMBING,PLUMB-LOT,SALT LAKE APPLIANCES=0; SALT LAKE PLUMBING=0,ELIGIBLE,,,,NONE,No current VendorDetails row and no deterministic existing StockItem pattern met the audit threshold.,,FOUND,VENDOR_REVIEW_REQUIRED
31-T20-BK-UPB,"Brooklyn Wall Mounted Thermostatic Shower Trim With Built In Control, 7 1/2"" Diameter - Polished Natural Brass","Brooklyn Wall Mounted Thermostatic Shower Trim With Built In Control, 7 1/2"" Diameter - Polished Natural Brass",PLUMBING,PLUMBING,PLUMB-LOT,SALT LAKE APPLIANCES=0; SALT LAKE PLUMBING=0,ELIGIBLE,,,,NONE,No current VendorDetails row and no deterministic existing StockItem pattern met the audit threshold.,,FOUND,VENDOR_REVIEW_REQUIRED
3213-30,Brasstech Lavatory Drain - Midnight Chrome,Brasstech Lavatory Drain - Midnight Chrome,PLUMBING,PLUMBING,PLUMB-LOT,(no WarehouseDetails rows),ELIGIBLE,,,,NONE,No current VendorDetails row and no deterministic existing StockItem pattern met the audit threshold.,,FOUND,VENDOR_REVIEW_REQUIRED
3-227LH-24A,"East Linear Diverter / Flow Control Handle, Hot - French Gold PVD","East Linear Diverter / Flow Control Handle, Hot - French Gold PVD",PLUMBING,PLUMBING,PLUMB-LOT,SALT LAKE PLUMBING=0,ELIGIBLE,,BA0000714,Delta Faucet Company,MEDIUM,brand-token EAST suggests BA0000714 in 20/20 existing vendor-populated StockItems; manual review required.,,FOUND,VENDOR_REVIEW_REQUIRED
3230-1250-24A,"Newport Brass Pardees 24"" Towel Bar - French Gold PVD","Newport Brass Pardees 24"" Towel Bar - French Gold PVD",PLUMBING,PLUMBING,PLUMB-LOT,SALT LAKE PLUMBING=0,ELIGIBLE,BA0000714 Delta Faucet Company,BA0000714,Delta Faucet Company,HIGH,Current StockItem VendorDetails contains 1 vendor row(s); selected first active VendorID BA0000714.,,FOUND,READY
3230-1410-24A,Newport Brass Pardees Towel Ring - French Gold PVD,Newport Brass Pardees Towel Ring - French Gold PVD,PLUMBING,PLUMBING,PLUMB-LOT,SALT LAKE PLUMBING=4,SKIP_QTY_ON_HAND,BA0000714 Delta Faucet Company,BA0000714,Delta Faucet Company,HIGH,Current StockItem VendorDetails contains 1 vendor row(s); selected first active VendorID BA0000714.,,FOUND,SKIP_QTY_ON_HAND
3230-1410-26,Pardees Towel Ring - Polished Chrome,Pardees Towel Ring - Polished Chrome,PLUMBING,PLUMBING,PLUMB-LOT,SALT LAKE PLUMBING=0,ELIGIBLE,,,,NONE,No current VendorDetails row and no deterministic existing StockItem pattern met the audit threshold.,,FOUND,VENDOR_REVIEW_REQUIRED
3230-1510-24A,Newport Brass Pardees Open Toilet Tissue Holder - French Gold PVD,Newport Brass Pardees Open Toilet Tissue Holder - French Gold PVD,PLUMBING,PLUMBING,PLUMB-LOT,SALT LAKE PLUMBING=0,ELIGIBLE,BA0000714 Delta Faucet Company,BA0000714,Delta Faucet Company,HIGH,Current StockItem VendorDetails contains 1 vendor row(s); selected first active VendorID BA0000714.,,FOUND,READY
3230-1510-26,Pardees Open Toilet Tissue Holder - Polished Chrome,Pardees Open Toilet Tissue Holder - Polished Chrome,PLUMBING,PLUMBING,PLUMB-LOT,SALT LAKE PLUMBING=0,ELIGIBLE,,,,NONE,No current VendorDetails row and no deterministic existing StockItem pattern met the audit threshold.,,FOUND,VENDOR_REVIEW_REQUIRED
3230-1530-03N,Pardees Double Post Toilet Tissue Holder - Uncoated Polished Brass,Pardees Double Post Toilet Tissue Holder - Uncoated Polished Brass,PLUMBING,PLUMBING,PLUMB-LOT,(no WarehouseDetails rows),ELIGIBLE,,,,NONE,No current VendorDetails row and no deterministic existing StockItem pattern met the audit threshold.,,FOUND,VENDOR_REVIEW_REQUIRED
3230-1530-24A,Pardees Double Post Toilet Tissue Holder - French Gold PVD,Pardees Double Post Toilet Tissue Holder - French Gold PVD,PLUMBING,PLUMBING,PLUMB-LOT,SALT LAKE PLUMBING=0,ELIGIBLE,,,,NONE,No current VendorDetails row and no deterministic existing StockItem pattern met the audit threshold.,,FOUND,VENDOR_REVIEW_REQUIRED
3230-1650-24A,Newport Brass Pardees Single Robe Hook - French Gold PVD,Newport Brass Pardees Single Robe Hook - French Gold PVD,PLUMBING,PLUMBING,PLUMB-LOT,SALT LAKE PLUMBING=0,ELIGIBLE,BA0000714 Delta Faucet Company,BA0000714,Delta Faucet Company,HIGH,Current StockItem VendorDetails contains 1 vendor row(s); selected first active VendorID BA0000714.,,FOUND,READY
3230-1660-24A,Newport Brass Pardees Robe Hook - French Gold PVD,Newport Brass Pardees Robe Hook - French Gold PVD,PLUMBING,PLUMBING,PLUMB-LOT,SALT LAKE PLUMBING=0,ELIGIBLE,BA0000714 Delta Faucet Company,BA0000714,Delta Faucet Company,HIGH,Current StockItem VendorDetails contains 1 vendor row(s); selected first active VendorID BA0000714.,,FOUND,READY
3230-24A,Newport Brass Pardees Widespread Lavatory Faucet - French Gold PVD,Newport Brass Pardees Widespread Lavatory Faucet - French Gold PVD,PLUMBING,PLUMBING,PLUMB-LOT,SALT LAKE PLUMBING=4,SKIP_QTY_ON_HAND,BA0000714 Delta Faucet Company,BA0000714,Delta Faucet Company,HIGH,Current StockItem VendorDetails contains 1 vendor row(s); selected first active VendorID BA0000714.,,FOUND,SKIP_QTY_ON_HAND
3230-5243-06,Newport Brass Pardees Prep / Bar Pull Down Faucet - Antique Brass,Newport Brass Pardees Prep / Bar Pull Down Faucet - Antique Brass,PLUMBING,PLUMBING,PLUMB-LOT,SALT LAKE PLUMBING=0,ELIGIBLE,BA0000714 Delta Faucet Company,BA0000714,Delta Faucet Company,HIGH,Current StockItem VendorDetails contains 1 vendor row(s); selected first active VendorID BA0000714.,,FOUND,READY
3233-15A,Pardees Single Hole Lavatory Faucet - Antique Nickel,Pardees Single Hole Lavatory Faucet - Antique Nickel,PLUMBING,PLUMBING,PLUMB-LOT,(no WarehouseDetails rows),ELIGIBLE,,,,NONE,No current VendorDetails row and no deterministic existing StockItem pattern met the audit threshold.,,FOUND,VENDOR_REVIEW_REQUIRED
3240-26,Pardees Widespread Lavatory Faucet - Polished Chrome,Pardees Widespread Lavatory Faucet - Polished Chrome,PLUMBING,PLUMBING,PLUMB-LOT,SALT LAKE PLUMBING=0,ELIGIBLE,,,,NONE,No current VendorDetails row and no deterministic existing StockItem pattern met the audit threshold.,,FOUND,VENDOR_REVIEW_REQUIRED
3-245-03N,Newport Brass Metropole Diverter / Flow Control Handle - Uncoated Polished Brass,Newport Brass Metropole Diverter / Flow Control Handle - Uncoated Polished Brass,PLUMBING,PLUMBING,PLUMB-LOT,SALT LAKE PLUMBING=0,ELIGIBLE,BA0000714 Delta Faucet Company,BA0000714,Delta Faucet Company,HIGH,Current StockItem VendorDetails contains 1 vendor row(s); selected first active VendorID BA0000714.,,FOUND,READY
328-30,Brasstech Extension Tube - Midnight Chrome,Brasstech Extension Tube - Midnight Chrome,PLUMBING,PLUMBING,PLUMB-LOT,(no WarehouseDetails rows),ELIGIBLE,,,,NONE,No current VendorDetails row and no deterministic existing StockItem pattern met the audit threshold.,,FOUND,VENDOR_REVIEW_REQUIRED
330-15,Brasstech Lavatory Drain - Polished Nickel,Brasstech Lavatory Drain - Polished Nickel,PLUMBING,PLUMBING,PLUMB-LOT,(no WarehouseDetails rows),ELIGIBLE,,,,NONE,No current VendorDetails row and no deterministic existing StockItem pattern met the audit threshold.,,FOUND,VENDOR_REVIEW_REQUIRED
330-15A,Brasstech Lavatory Drain - Antique Nickel,Brasstech Lavatory Drain - Antique Nickel,PLUMBING,PLUMBING,PLUMB-LOT,(no WarehouseDetails rows),ELIGIBLE,,,,NONE,No current VendorDetails row and no deterministic existing StockItem pattern met the audit threshold.,,FOUND,VENDOR_REVIEW_REQUIRED
3-3231-03N,Pardees Wall Mount Lavatory Faucet - Uncoated Polished Brass,Pardees Wall Mount Lavatory Faucet - Uncoated Polished Brass,PLUMBING,PLUMBING,PLUMB-LOT,(no WarehouseDetails rows),ELIGIBLE,,,,NONE,No current VendorDetails row and no deterministic existing StockItem pattern met the audit threshold.,,FOUND,VENDOR_REVIEW_REQUIRED
3-3231-30,Pardees Wall Mount Lavatory Faucet - Midnight Chrome,Pardees Wall Mount Lavatory Faucet - Midnight Chrome,PLUMBING,PLUMBING,PLUMB-LOT,(no WarehouseDetails rows),ELIGIBLE,,,,NONE,No current VendorDetails row and no deterministic existing StockItem pattern met the audit threshold.,,FOUND,VENDOR_REVIEW_REQUIRED
3-3233TR-24A,"Newport Brass Pardees 1/2"" Round Thermostatic Trim Plate With Handle - French Gold PVD","Newport Brass Pardees 1/2"" Round Thermostatic Trim Plate With Handle - French Gold PVD",PLUMBING,PLUMBING,PLUMB-LOT,SALT LAKE PLUMBING=4,SKIP_QTY_ON_HAND,BA0000714 Delta Faucet Company,BA0000714,Delta Faucet Company,HIGH,Current StockItem VendorDetails contains 1 vendor row(s); selected first active VendorID BA0000714.,,FOUND,SKIP_QTY_ON_HAND
3-3281-15,Griffey Wall Mount Lavatory Faucet - Polished Nickel,Griffey Wall Mount Lavatory Faucet - Polished Nickel,PLUMBING,PLUMBING,PLUMB-LOT,(no WarehouseDetails rows),ELIGIBLE,,,,NONE,No current VendorDetails row and no deterministic existing StockItem pattern met the audit threshold.,,FOUND,VENDOR_REVIEW_REQUIRED
3-3283TR-15,"Griffey 1/2"" Round Thermostatic Trim Plate With Handle - Polished Nickel","Griffey 1/2"" Round Thermostatic Trim Plate With Handle - Polished Nickel",PLUMBING,PLUMBING,PLUMB-LOT,(no WarehouseDetails rows),ELIGIBLE,,,,NONE,No current VendorDetails row and no deterministic existing StockItem pattern met the audit threshold.,,FOUND,VENDOR_REVIEW_REQUIRED
3-332/047,"Phylrich 6"" Round Shower Head - Antique Brass","Phylrich 6"" Round Shower Head - Antique Brass",PLUMBING,PLUMBING,PLUMB-LOT,BOISE WAREHOUSE=0,ELIGIBLE,BA0016237 Phylrich,BA0016237,Phylrich,HIGH,Current StockItem VendorDetails contains 1 vendor row(s); selected first active VendorID BA0016237.,,FOUND,READY
3-338/047,"Phylrich 12"" Round Shower Head - Antique Brass","Phylrich 12"" Round Shower Head - Antique Brass",PLUMBING,PLUMBING,PLUMB-LOT,BOISE WAREHOUSE=1,SKIP_QTY_ON_HAND,BA0016237 Phylrich,BA0016237,Phylrich,HIGH,Current StockItem VendorDetails contains 1 vendor row(s); selected first active VendorID BA0016237.,,FOUND,SKIP_QTY_ON_HAND
33502782-060010,Mem Single Lever Lavatory Mixer With Drain - Brushed Platinum,Mem Single Lever Lavatory Mixer With Drain - Brushed Platinum,PLUMBING,PLUMBING,PLUMB-LOT,SALT LAKE PLUMBING=0,ELIGIBLE,,,,NONE,No current VendorDetails row and no deterministic existing StockItem pattern met the audit threshold.,,FOUND,VENDOR_REVIEW_REQUIRED
33805888-060010,Tara Bar Tap Single Lever Mixer - Brushed Platinum,Tara Bar Tap Single Lever Mixer - Brushed Platinum,PLUMBING,PLUMBING,PLUMB-LOT,SALT LAKE PLUMBING=0,ELIGIBLE,,BA0000715,Dornbracht GmbH & Co. KG,MEDIUM,brand-token TARA suggests BA0000715 in 12/12 existing vendor-populated StockItems; manual review required.,,FOUND,VENDOR_REVIEW_REQUIRED
33826861-080010,Meta Square Single Lever Mixer For Sprayer / Professional Sprayer - Platinum,Meta Square Single Lever Mixer For Sprayer / Professional Sprayer - Platinum,PLUMBING,PLUMBING,PLUMB-LOT,(no WarehouseDetails rows),ELIGIBLE,,,,NONE,No current VendorDetails row and no deterministic existing StockItem pattern met the audit threshold.,,FOUND,VENDOR_REVIEW_REQUIRED
33870888-060010,Tara Single Lever Mixer Pull-Down With Spray Function - Brushed Platinum,Tara Single Lever Mixer Pull-Down With Spray Function - Brushed Platinum,PLUMBING,PLUMBING,PLUMB-LOT,SALT LAKE PLUMBING=0,ELIGIBLE,,BA0000715,Dornbracht GmbH & Co. KG,MEDIUM,brand-token TARA suggests BA0000715 in 12/12 existing vendor-populated StockItems; manual review required.,,FOUND,VENDOR_REVIEW_REQUIRED
3-517/008,Phylrich Push To Close Drain - Architectural Bronze,Phylrich Push To Close Drain - Architectural Bronze,PLUMBING,PLUMBING,PLUMB-LOT,BOISE WAREHOUSE=0,ELIGIBLE,BA0016237 Phylrich,BA0016237,Phylrich,HIGH,Current StockItem VendorDetails contains 1 vendor row(s); selected first active VendorID BA0016237.,,FOUND,READY
3-517/015,Push To Close Drain With No Overflow - Satin Nickel,Push To Close Drain With No Overflow - Satin Nickel,PLUMBING,PLUMBING,PLUMB-LOT,SALT LAKE APPLIANCES=0,ELIGIBLE,,BA0016237,Phylrich,MEDIUM,brand-token CLOSE suggests BA0016237 in 6/6 existing vendor-populated StockItems; manual review required.,,FOUND,VENDOR_REVIEW_REQUIRED
3-517/047,Push To Close Drain With No Overflow - Antique Brass,Push To Close Drain With No Overflow - Antique Brass,PLUMBING,PLUMBING,PLUMB-LOT,BOISE WAREHOUSE=0,ELIGIBLE,,BA0016237,Phylrich,MEDIUM,brand-token CLOSE suggests BA0016237 in 6/6 existing vendor-populated StockItems; manual review required.,,FOUND,VENDOR_REVIEW_REQUIRED
35202970-900010,Wall Mounted Two Way Diverter,Wall Mounted Two Way Diverter,PLUMBING,PLUMBING,PLUMB-LOT,SALT LAKE APPLIANCES=0; SALT LAKE PLUMBING=0,ELIGIBLE,,,,NONE,No current VendorDetails row and no deterministic existing StockItem pattern met the audit threshold.,,FOUND,VENDOR_REVIEW_REQUIRED
3536-BLMPU-DST,Saylor Two Handle Widespread Bathroom Faucet - Matte Black,Saylor Two Handle Widespread Bathroom Faucet - Matte Black,PLUMBING,PLUMBING,PLUMB-LOT,BOISE WAREHOUSE=0,ELIGIBLE,,,,NONE,No current VendorDetails row and no deterministic existing StockItem pattern met the audit threshold.,,FOUND,VENDOR_REVIEW_REQUIRED
3-545/014,Phylrich Push To Close Drain With Overflow - Polished Nickel,Phylrich Push To Close Drain With Overflow - Polished Nickel,PLUMBING,PLUMBING,PLUMB-LOT,SALT LAKE APPLIANCES=0; SALT LAKE PLUMBING=0,ELIGIBLE,BA0016237 Phylrich,BA0016237,Phylrich,HIGH,Current StockItem VendorDetails contains 1 vendor row(s); selected first active VendorID BA0016237.,,FOUND,READY
3-545/047,Push To Close Drain With Overflow - Antique Brass,Push To Close Drain With Overflow - Antique Brass,PLUMBING,PLUMBING,PLUMB-LOT,SALT LAKE APPLIANCES=0,ELIGIBLE,,BA0016237,Phylrich,MEDIUM,brand-token CLOSE suggests BA0016237 in 6/6 existing vendor-populated StockItems; manual review required.,,FOUND,VENDOR_REVIEW_REQUIRED
3-545/15A,Phylrich Push To Close Drain With Overflow - Pewter,Phylrich Push To Close Drain With Overflow - Pewter,PLUMBING,PLUMBING,PLUMB-LOT,SALT LAKE PLUMBING=0,ELIGIBLE,BA0016237 Phylrich,BA0016237,Phylrich,HIGH,Current StockItem VendorDetails contains 1 vendor row(s); selected first active VendorID BA0016237.,,FOUND,READY
3-549-06,Pavani Diverter / Flow Control Handle - Antique Brass,Pavani Diverter / Flow Control Handle - Antique Brass,PLUMBING,PLUMBING,PLUMB-LOT,(no WarehouseDetails rows),ELIGIBLE,,,,NONE,No current VendorDetails row and no deterministic existing StockItem pattern met the audit threshold.,,FOUND,VENDOR_REVIEW_REQUIRED
3-555/008,Hex Modern Wall Tub Spout - Architectural Bronze,Hex Modern Wall Tub Spout - Architectural Bronze,PLUMBING,PLUMBING,PLUMB-LOT,BOISE WAREHOUSE=0,ELIGIBLE,,,,NONE,No current VendorDetails row and no deterministic existing StockItem pattern met the audit threshold.,,FOUND,VENDOR_REVIEW_REQUIRED
3-559/047,"Phylrich 24"" Integrated Slide Bar With Built In Hose Outlet - Antique Brass","Phylrich 24"" Integrated Slide Bar With Built In Hose Outlet - Antique Brass",PLUMBING,PLUMBING,PLUMB-LOT,BOISE WAREHOUSE=0,ELIGIBLE,BA0016237 Phylrich,BA0016237,Phylrich,HIGH,Current StockItem VendorDetails contains 1 vendor row(s); selected first active VendorID BA0016237.,,FOUND,READY
3584-CZ-PR-DST,Delta Broderick Two Handle Widespread Bathroom Faucet - Lumicoat Champagne Bronze,Delta Broderick Two Handle Widespread Bathroom Faucet - Lumicoat Champagne Bronze,PLUMBING,PLUMBING,PLUMB-LOT,BOISE WAREHOUSE=2,SKIP_QTY_ON_HAND,BA0000714 Delta Faucet Company,BA0000714,Delta Faucet Company,HIGH,Current StockItem VendorDetails contains 1 vendor row(s); selected first active VendorID BA0000714.,,FOUND,SKIP_QTY_ON_HAND
36-2.2L-NM-GM,"Zen Wall Mounted 3 Hole Lavatory Set With 11 7/8"" Spout - Gun Metal","Zen Wall Mounted 3 Hole Lavatory Set With 11 7/8"" Spout - Gun Metal",PLUMBING,PLUMBING,PLUMB-LOT,SALT LAKE APPLIANCES=0; SALT LAKE PLUMBING=0,ELIGIBLE,,,,NONE,No current VendorDetails row and no deterministic existing StockItem pattern met the audit threshold.,,FOUND,VENDOR_REVIEW_REQUIRED
36200892-080010,Tara Wall Mounted Two Way Diverter - Platinum,Tara Wall Mounted Two Way Diverter - Platinum,PLUMBING,PLUMBING,PLUMB-LOT,SALT LAKE APPLIANCES=0; SALT LAKE PLUMBING=0,ELIGIBLE,,BA0000715,Dornbracht GmbH & Co. KG,MEDIUM,brand-token TARA suggests BA0000715 in 12/12 existing vendor-populated StockItems; manual review required.,,FOUND,VENDOR_REVIEW_REQUIRED
3-622/026,Works Flange - Polished Chrome,Works Flange - Polished Chrome,PLUMBING,PLUMBING,PLUMB-LOT,SALT LAKE PLUMBING=0,ELIGIBLE,,,,NONE,No current VendorDetails row and no deterministic existing StockItem pattern met the audit threshold.,,FOUND,VENDOR_REVIEW_REQUIRED
36310882-99,Tara Volume Control - Brushed Dark Platinum,Tara Volume Control - Brushed Dark Platinum,PLUMBING,PLUMBING,PLUMB-LOT,(no WarehouseDetails rows),ELIGIBLE,,BA0000715,Dornbracht GmbH & Co. KG,MEDIUM,brand-token TARA suggests BA0000715 in 12/12 existing vendor-populated StockItems; manual review required.,,FOUND,VENDOR_REVIEW_REQUIRED
36416892-08,Dornbracht Tara Xtool Concealed Thermostat Without Diverter - Platinum,Dornbracht Tara Xtool Concealed Thermostat Without Diverter - Platinum,PLUMBING,PLUMBING,PLUMB-LOT,SALT LAKE APPLIANCES=0; SALT LAKE PLUMBING=2,SKIP_QTY_ON_HAND,BA0000715 Dornbracht GmbH & Co. KG,BA0000715,Dornbracht GmbH & Co. KG,HIGH,Current StockItem VendorDetails contains 1 vendor row(s); selected first active VendorID BA0000715.,,FOUND,SKIP_QTY_ON_HAND
3-644-15A,"Pardees Diverter / Flow Control Handle, Cold - Antique Nickel","Pardees Diverter / Flow Control Handle, Cold - Antique Nickel",PLUMBING,PLUMBING,PLUMB-LOT,(no WarehouseDetails rows),ELIGIBLE,,,,NONE,No current VendorDetails row and no deterministic existing StockItem pattern met the audit threshold.,,FOUND,VENDOR_REVIEW_REQUIRED
36608882-08,"Dornbracht Tara Volume Control Clockwise-Closing 3/4"" - Platinum","Dornbracht Tara Volume Control Clockwise-Closing 3/4"" - Platinum",PLUMBING,PLUMBING,PLUMB-LOT,SALT LAKE APPLIANCES=0; SALT LAKE PLUMBING=4,SKIP_QTY_ON_HAND,BA0000715 Dornbracht GmbH & Co. KG,BA0000715,Dornbracht GmbH & Co. KG,HIGH,Current StockItem VendorDetails contains 1 vendor row(s); selected first active VendorID BA0000715.,,FOUND,SKIP_QTY_ON_HAND
36707882-190010,Tara Wall Mounted Three-Hole Lavatory Mixer Without Drain - Dark Chrome,Tara Wall Mounted Three-Hole Lavatory Mixer Without Drain - Dark Chrome,PLUMBING,PLUMBING,PLUMB-LOT,(no WarehouseDetails rows),ELIGIBLE,,BA0000715,Dornbracht GmbH & Co. KG,MEDIUM,brand-token TARA suggests BA0000715 in 12/12 existing vendor-populated StockItems; manual review required.,,FOUND,VENDOR_REVIEW_REQUIRED
36862660-990010,Meta Wall Mounted Single Lever Mixer With Individual Flanges - Brushed Dark Platinum,Meta Wall Mounted Single Lever Mixer With Individual Flanges - Brushed Dark Platinum,PLUMBING,PLUMBING,PLUMB-LOT,(no WarehouseDetails rows),ELIGIBLE,,BA0000715,Dornbracht GmbH & Co. KG,HIGH,prefix 3686 maps to BA0000715 in 5/5 existing vendor-populated StockItems.,,FOUND,READY
36862782-060010,Mem Wall Mounted Single Lever Mixer Without Drain - Brushed Platinum,Mem Wall Mounted Single Lever Mixer Without Drain - Brushed Platinum,PLUMBING,PLUMBING,PLUMB-LOT,SALT LAKE PLUMBING=0,ELIGIBLE,,BA0000715,Dornbracht GmbH & Co. KG,HIGH,prefix 3686 maps to BA0000715 in 5/5 existing vendor-populated StockItems.,,FOUND,READY
36-9.1.3P1-BL1-SBZ,Zen Deck Mounted 2 Hole Square Top Prep Faucet With Pull Out Spray - Satin Bronze,Zen Deck Mounted 2 Hole Square Top Prep Faucet With Pull Out Spray - Satin Bronze,PLUMBING,PLUMBING,PLUMB-LOT,(no WarehouseDetails rows),ELIGIBLE,,,,NONE,No current VendorDetails row and no deterministic existing StockItem pattern met the audit threshold.,,FOUND,VENDOR_REVIEW_REQUIRED
36900670-99,Pressure Balance Valve Without Diverter - Brushed Dark Platinum,Pressure Balance Valve Without Diverter - Brushed Dark Platinum,PLUMBING,PLUMBING,PLUMB-LOT,(no WarehouseDetails rows),ELIGIBLE,,,,NONE,No current VendorDetails row and no deterministic existing StockItem pattern met the audit threshold.,,FOUND,VENDOR_REVIEW_REQUIRED
36-HSHK3-GM,"Zen Wall Mounted Hand Shower Set With Slim Hand Shower And 69"" Hose - Gun Metal","Zen Wall Mounted Hand Shower Set With Slim Hand Shower And 69"" Hose - Gun Metal",PLUMBING,PLUMBING,PLUMB-LOT,SALT LAKE APPLIANCES=0; SALT LAKE PLUMBING=0,ELIGIBLE,,,,NONE,No current VendorDetails row and no deterministic existing StockItem pattern met the audit threshold.,,FOUND,VENDOR_REVIEW_REQUIRED
36-P80-NM-GM,"Zen Wall Mounted Pressure Balance Shower Trim, 7"" Diameter - Gun Metal","Zen Wall Mounted Pressure Balance Shower Trim, 7"" Diameter - Gun Metal",PLUMBING,PLUMBING,PLUMB-LOT,SALT LAKE APPLIANCES=0; SALT LAKE PLUMBING=0,ELIGIBLE,,,,NONE,No current VendorDetails row and no deterministic existing StockItem pattern met the audit threshold.,,FOUND,VENDOR_REVIEW_REQUIRED
36-T10-NM-GM,"Zen Wall Mounted Thermostatic Shower Trim, 7 1/2"" Diameter - Gun Metal","Zen Wall Mounted Thermostatic Shower Trim, 7 1/2"" Diameter - Gun Metal",PLUMBING,PLUMBING,PLUMB-LOT,SALT LAKE APPLIANCES=0; SALT LAKE PLUMBING=0,ELIGIBLE,,,,NONE,No current VendorDetails row and no deterministic existing StockItem pattern met the audit threshold.,,FOUND,VENDOR_REVIEW_REQUIRED
36-WTR-NM-GM,Zen Wall Mounted Trim - Gun Metal,Zen Wall Mounted Trim - Gun Metal,PLUMBING,PLUMBING,PLUMB-LOT,SALT LAKE APPLIANCES=0; SALT LAKE PLUMBING=0,ELIGIBLE,,,,NONE,No current VendorDetails row and no deterministic existing StockItem pattern met the audit threshold.,,FOUND,VENDOR_REVIEW_REQUIRED
3-700/047,Phylrich Contemporary Round Flange,Phylrich Contemporary Round Flange,PLUMBING,PLUMBING,PLUMB-LOT,BOISE WAREHOUSE=2; SALT LAKE PLUMBING=0,SKIP_QTY_ON_HAND,BA0016237 Phylrich,BA0016237,Phylrich,HIGH,Current StockItem VendorDetails contains 1 vendor row(s); selected first active VendorID BA0016237.,,FOUND,SKIP_QTY_ON_HAND
370-12/014,"Phylrich Dustrie Wall Lavatory Set 7 1/2"" Spout, Cross Handles, Grooved - Polished Nickel","Phylrich Dustrie Wall Lavatory Set 7 1/2"" Spout, Cross Handles, Grooved - Polished Nickel",PLUMBING,PLUMBING,PLUMB-LOT,SALT LAKE PLUMBING=0,ELIGIBLE,BA0016237 Phylrich,BA0016237,Phylrich,HIGH,Current StockItem VendorDetails contains 1 vendor row(s); selected first active VendorID BA0016237.,,FOUND,READY
371-12-10/047,"Dustrie Wall Lavatory Set Lever Handles 12"" Spout, Knurled - Antique Brass","Dustrie Wall Lavatory Set Lever Handles 12"" Spout, Knurled - Antique Brass",PLUMBING,PLUMBING,PLUMB-LOT,BOISE WAREHOUSE=0,ELIGIBLE,,,,NONE,No current VendorDetails row and no deterministic existing StockItem pattern met the audit threshold.,,FOUND,VENDOR_REVIEW_REQUIRED
371-74/047,"Dustrie Paper Holder , Knurled - Antique Brass","Dustrie Paper Holder , Knurled - Antique Brass",PLUMBING,PLUMBING,PLUMB-LOT,BOISE WAREHOUSE=0,ELIGIBLE,,,,NONE,No current VendorDetails row and no deterministic existing StockItem pattern met the audit threshold.,,FOUND,VENDOR_REVIEW_REQUIRED
371-75/047,"Dustrie Hand Towel Bar Ring, Knurled - Antique Brass","Dustrie Hand Towel Bar Ring, Knurled - Antique Brass",PLUMBING,PLUMBING,PLUMB-LOT,BOISE WAREHOUSE=0,ELIGIBLE,,,,NONE,No current VendorDetails row and no deterministic existing StockItem pattern met the audit threshold.,,FOUND,VENDOR_REVIEW_REQUIRED
371-76/047,"Dustrie Robe Hook , Knurled - Antique Brass","Dustrie Robe Hook , Knurled - Antique Brass",PLUMBING,PLUMBING,PLUMB-LOT,BOISE WAREHOUSE=0,ELIGIBLE,,,,NONE,No current VendorDetails row and no deterministic existing StockItem pattern met the audit threshold.,,FOUND,VENDOR_REVIEW_REQUIRED
3-782/047,"Phylrich 3"" Hand Shower - Antique Brass","Phylrich 3"" Hand Shower - Antique Brass",PLUMBING,PLUMBING,PLUMB-LOT,BOISE WAREHOUSE=0,ELIGIBLE,BA0016237 Phylrich,BA0016237,Phylrich,HIGH,Current StockItem VendorDetails contains 1 vendor row(s); selected first active VendorID BA0016237.,,FOUND,READY
37-RH-PC,San Elijo Robe Hook - Polished Chrome,San Elijo Robe Hook - Polished Chrome,PLUMBING,PLUMBING,PLUMB-LOT,(no WarehouseDetails rows),ELIGIBLE,,BA0000006,California Faucets,MEDIUM,brand-token ELIJO suggests BA0000006 in 19/19 existing vendor-populated StockItems; manual review required.,,FOUND,VENDOR_REVIEW_REQUIRED
37-STP-PC,San Elijo Single Post Toilet Paper / Hand Towel Holder - Polished Chrome,San Elijo Single Post Toilet Paper / Hand Towel Holder - Polished Chrome,PLUMBING,PLUMBING,PLUMB-LOT,(no WarehouseDetails rows),ELIGIBLE,,BA0000006,California Faucets,MEDIUM,brand-token ELIJO suggests BA0000006 in 19/19 existing vendor-populated StockItems; manual review required.,,FOUND,VENDOR_REVIEW_REQUIRED
38-1EX4-L-EV4-VB,Elan Vital Deck Mounted Monoblock Lavatory Mixer - Vintage Brass,Elan Vital Deck Mounted Monoblock Lavatory Mixer - Vintage Brass,PLUMBING,PLUMBING,PLUMB-LOT,SALT LAKE PLUMBING=0,ELIGIBLE,,,,NONE,No current VendorDetails row and no deterministic existing StockItem pattern met the audit threshold.,,FOUND,VENDOR_REVIEW_REQUIRED
38-3.91T-EV4-VB,Elan Vital Wall Mounted Exposed Thermostatic Tub / Shower With Hand Shower Set - Vintage Brass,Elan Vital Wall Mounted Exposed Thermostatic Tub / Shower With Hand Shower Set - Vintage Brass,PLUMBING,PLUMBING,PLUMB-LOT,SALT LAKE PLUMBING=0,ELIGIBLE,,,,NONE,No current VendorDetails row and no deterministic existing StockItem pattern met the audit threshold.,,FOUND,VENDOR_REVIEW_REQUIRED
3902MH-BNU,"Jalama 8"" Widespread Lavatory Faucet - Burnished Nickel","Jalama 8"" Widespread Lavatory Faucet - Burnished Nickel",PLUMBING,PLUMBING,PLUMB-LOT,(no WarehouseDetails rows),ELIGIBLE,,BA0000006,California Faucets,MEDIUM,brand-token JALAMA suggests BA0000006 in 5/5 existing vendor-populated StockItems; manual review required.,,FOUND,VENDOR_REVIEW_REQUIRED
3-923TR-15S,"Astor 1/2"" Round Thermostatic Trim Plate With Handle - Satin Nickel","Astor 1/2"" Round Thermostatic Trim Plate With Handle - Satin Nickel",PLUMBING,PLUMBING,PLUMB-LOT,(no WarehouseDetails rows),ELIGIBLE,,,,NONE,No current VendorDetails row and no deterministic existing StockItem pattern met the audit threshold.,,FOUND,VENDOR_REVIEW_REQUIRED
3-994TR-24A,"East Linear 3/4"" Round Thermostatic Trim Plate With Handle - French Gold PVD","East Linear 3/4"" Round Thermostatic Trim Plate With Handle - French Gold PVD",PLUMBING,PLUMBING,PLUMB-LOT,SALT LAKE PLUMBING=0,ELIGIBLE,,BA0000714,Delta Faucet Company,MEDIUM,brand-token EAST suggests BA0000714 in 20/20 existing vendor-populated StockItems; manual review required.,,FOUND,VENDOR_REVIEW_REQUIRED
3-997L-10B,East Linear Roman Tub Faucet With Hand Shower - Oil Rubbed Bronze,East Linear Roman Tub Faucet With Hand Shower - Oil Rubbed Bronze,PLUMBING,PLUMBING,PLUMB-LOT,SALT LAKE PLUMBING=0,ELIGIBLE,BA0000714 Delta Faucet Company,BA0000714,Delta Faucet Company,HIGH,Current StockItem VendorDetails contains 1 vendor row(s); selected first active VendorID BA0000714.,,FOUND,READY
4-013/008,"Phylrich Transition 2 Lever Handle Trim Kit, Thermostatic Or Pressure Balance - Architectural Bronze","Phylrich Transition 2 Lever Handle Trim Kit, Thermostatic Or Pressure Balance - Architectural Bronze",PLUMBING,PLUMBING,PLUMB-LOT,SALT LAKE APPLIANCES=0; SALT LAKE PLUMBING=0,ELIGIBLE,BA0016237 Phylrich,BA0016237,Phylrich,HIGH,Current StockItem VendorDetails contains 1 vendor row(s); selected first active VendorID BA0016237.,,FOUND,READY
401922,Liven Dual Mount Laundry Sink - Café,Liven Dual Mount Laundry Sink - Café,PLUMBING,PLUMBING,PLUMB-LOT,(no WarehouseDetails rows),ELIGIBLE,,,,NONE,No current VendorDetails row and no deterministic existing StockItem pattern met the audit threshold.,,FOUND,VENDOR_REVIEW_REQUIRED
403X-03N,"Brasstech Angle Valve, 1/2"" Compression - Uncoated Polished Brass","Brasstech Angle Valve, 1/2"" Compression - Uncoated Polished Brass",PLUMBING,PLUMBING,PLUMB-LOT,(no WarehouseDetails rows),ELIGIBLE,,,,NONE,No current VendorDetails row and no deterministic existing StockItem pattern met the audit threshold.,,FOUND,VENDOR_REVIEW_REQUIRED
4065E-CHB,"Contemporary Soap / Lotion Dispenser, Extended Spout - Chocolate Bronze","Waterstone Contemporary Soap / Lotion Dispenser, Extended Spout - Chocolate Bronze",PLUMBING,PLUMB-LOT,PLUMB-LOT,SALT LAKE APPLIANCES=0; SALT LAKE PLUMBING=0,ELIGIBLE,"BA0000759 Waterstone, LLC",BA0000759,"Waterstone, LLC",HIGH,Current StockItem VendorDetails contains 1 vendor row(s); selected default active VendorID BA0000759.,,FOUND,READY
40794001,"Grohe Essentials 24"" Grab Bar - Chrome","Grohe Essentials 24"" Grab Bar - Chrome",PLUMBING,PLUMBING,PLUMB-LOT,BOISE WAREHOUSE=2,SKIP_QTY_ON_HAND,BA0003290 Hajoca Corporation,BA0003290,Hajoca Corporation,HIGH,Current StockItem VendorDetails contains 1 vendor row(s); selected default active VendorID BA0003290.,,FOUND,SKIP_QTY_ON_HAND
4102MZB-ANF,"California Faucets Cayucos 8"" Widespread Lavatory Faucet with ZeroDrain, Medium Spout - Antique Nickel Flat","California Faucets Cayucos 8"" Widespread Lavatory Faucet with ZeroDrain, Medium Spout - Antique Nickel Flat",PLUMBING,PLUMBING,PLUMB-LOT,BOISE WAREHOUSE=0,ELIGIBLE,BA0000006 California Faucets,BA0000006,California Faucets,HIGH,Current StockItem VendorDetails contains 1 vendor row(s); selected first active VendorID BA0000006.,,FOUND,READY
4102MZB-GRP,"Cayucos 8"" Widespread Lavatory Faucet with ZeroDrain, Medium Spout - Graphite","Cayucos 8"" Widespread Lavatory Faucet with ZeroDrain, Medium Spout - Graphite",PLUMBING,PLUMBING,PLUMB-LOT,SALT LAKE APPLIANCES=0,ELIGIBLE,,BA0000006,California Faucets,HIGH,prefix 4102 maps to BA0000006 in 3/3 existing vendor-populated StockItems.,,FOUND,READY
4102MZB-SBZ,"Cayucos 8"" Widespread Lavatory Faucet with ZeroDrain, Medium Spout - Satin Bronze","Cayucos 8"" Widespread Lavatory Faucet with ZeroDrain, Medium Spout - Satin Bronze",PLUMBING,PLUMBING,PLUMB-LOT,SALT LAKE APPLIANCES=0,ELIGIBLE,,BA0000006,California Faucets,HIGH,prefix 4102 maps to BA0000006 in 3/3 existing vendor-populated StockItems.,,FOUND,READY
4-104/008,"Phylrich Hex Pressure Balance Shower, Cross Handle - Architectural Bronze","Phylrich Hex Pressure Balance Shower, Cross Handle - Architectural Bronze",PLUMBING,PLUMBING,PLUMB-LOT,BOISE WAREHOUSE=0,ELIGIBLE,BA0016237 Phylrich,BA0016237,Phylrich,HIGH,Current StockItem VendorDetails contains 1 vendor row(s); selected first active VendorID BA0016237.,,FOUND,READY
4-105/047,Phylrich Hex Modern Cross Handle Pair Trim Set For Thermostatic Control With Volume Control Or Diverter - Antique Brass,Phylrich Hex Modern Cross Handle Pair Trim Set For Thermostatic Control With Volume Control Or Diverter - Antique Brass,PLUMBING,PLUMBING,PLUMB-LOT,SALT LAKE APPLIANCES=0; SALT LAKE PLUMBING=0,ELIGIBLE,BA0016237 Phylrich,BA0016237,Phylrich,HIGH,Current StockItem VendorDetails contains 1 vendor row(s); selected first active VendorID BA0016237.,,FOUND,READY
4-106/008,"Phylrich Hex Mini Theromstatic, 2 Lever Handle - Architectural Bronze","Phylrich Hex Mini Theromstatic, 2 Lever Handle - Architectural Bronze",PLUMBING,PLUMBING,PLUMB-LOT,BOISE WAREHOUSE=0,ELIGIBLE,BA0016237 Phylrich,BA0016237,Phylrich,HIGH,Current StockItem VendorDetails contains 1 vendor row(s); selected first active VendorID BA0016237.,,FOUND,READY
4-1092WH,"Barclay Feeling Slim 16-1/2"" Round Above Counter Basin - White","Barclay Feeling Slim 16-1/2"" Round Above Counter Basin - White",PLUMBING,PLUMBING,PLUMB-LOT,BOISE WAREHOUSE=0,ELIGIBLE,BA0000708 Barclay Products,BA0000708,Barclay Products,HIGH,Current StockItem VendorDetails contains 1 vendor row(s); selected first active VendorID BA0000708.,,FOUND,READY
4-1094MWH,"Barclay Feeling Slim 19-3/4"" Rectangle - Matte White","Barclay Feeling Slim 19-3/4"" Rectangle - Matte White",PLUMBING,PLUMBING,PLUMB-LOT,BOISE WAREHOUSE=0,ELIGIBLE,BA0000708 Barclay Products,BA0000708,Barclay Products,HIGH,Current StockItem VendorDetails contains 1 vendor row(s); selected first active VendorID BA0000708.,,FOUND,READY
4-168/040,"Basic Ii 1/2"" Mini Thermostatic Valve With Volume Control Or Diverter - Matte Black","Basic Ii 1/2"" Mini Thermostatic Valve With Volume Control Or Diverter - Matte Black",PLUMBING,PLUMBING,PLUMB-LOT,BOISE WAREHOUSE=0,ELIGIBLE,,BA0016237,Phylrich,MEDIUM,brand-token BASIC suggests BA0016237 in 25/26 existing vendor-populated StockItems; manual review required.,,FOUND,VENDOR_REVIEW_REQUIRED
41762000,AddStoris S Single Hook - Chrome,AddStoris S Single Hook - Chrome,PLUMBING,PLUMBING,PLUMB-LOT,SALT LAKE APPLIANCES=0,ELIGIBLE,,,,NONE,No current VendorDetails row and no deterministic existing StockItem pattern met the audit threshold.,,FOUND,VENDOR_REVIEW_REQUIRED
41762820,AddStoris S Single Hook - Brushed Nickel,AddStoris S Single Hook - Brushed Nickel,PLUMBING,PLUMBING,PLUMB-LOT,SALT LAKE APPLIANCES=0,ELIGIBLE,,,,NONE,No current VendorDetails row and no deterministic existing StockItem pattern met the audit threshold.,,FOUND,VENDOR_REVIEW_REQUIRED
41764000,"AddStoris S 12"" Towel Bar - Chrome","AddStoris S 12"" Towel Bar - Chrome",PLUMBING,PLUMBING,PLUMB-LOT,SALT LAKE APPLIANCES=0,ELIGIBLE,,,,NONE,No current VendorDetails row and no deterministic existing StockItem pattern met the audit threshold.,,FOUND,VENDOR_REVIEW_REQUIRED
41764820,"AddStoris S 12"" Towel Bar - Brushed Nickel","AddStoris S 12"" Towel Bar - Brushed Nickel",PLUMBING,PLUMBING,PLUMB-LOT,SALT LAKE APPLIANCES=0,ELIGIBLE,,,,NONE,No current VendorDetails row and no deterministic existing StockItem pattern met the audit threshold.,,FOUND,VENDOR_REVIEW_REQUIRED
41767000,"AddStoris S 24"" Towel Bar - Chrome","AddStoris S 24"" Towel Bar - Chrome",PLUMBING,PLUMBING,PLUMB-LOT,SALT LAKE APPLIANCES=0,ELIGIBLE,,,,NONE,No current VendorDetails row and no deterministic existing StockItem pattern met the audit threshold.,,FOUND,VENDOR_REVIEW_REQUIRED
41767820,"AddStoris S 24"" Towel Bar - Brushed Nickel","AddStoris S 24"" Towel Bar - Brushed Nickel",PLUMBING,PLUMBING,PLUMB-LOT,SALT LAKE APPLIANCES=0,ELIGIBLE,,,,NONE,No current VendorDetails row and no deterministic existing StockItem pattern met the audit threshold.,,FOUND,VENDOR_REVIEW_REQUIRED
41788000,AddStoris S Toilet Paper Holder Without Cover - Chrome,AddStoris S Toilet Paper Holder Without Cover - Chrome,PLUMBING,PLUMBING,PLUMB-LOT,SALT LAKE APPLIANCES=0,ELIGIBLE,,,,NONE,No current VendorDetails row and no deterministic existing StockItem pattern met the audit threshold.,,FOUND,VENDOR_REVIEW_REQUIRED
41788820,AddStoris S Toilet Paper Holder Without Cover - Brushed Nickel,AddStoris S Toilet Paper Holder Without Cover - Brushed Nickel,PLUMBING,PLUMBING,PLUMB-LOT,(no WarehouseDetails rows),ELIGIBLE,,,,NONE,No current VendorDetails row and no deterministic existing StockItem pattern met the audit threshold.,,FOUND,VENDOR_REVIEW_REQUIRED
4-180/15G,"Phylrich Basic Ii 3/4"" Thermostat - Gun Metal Grey","Phylrich Basic Ii 3/4"" Thermostat - Gun Metal Grey",PLUMBING,PLUMBING,PLUMB-LOT,BOISE WAREHOUSE=0,ELIGIBLE,BA0016237 Phylrich,BA0016237,Phylrich,HIGH,Current StockItem VendorDetails contains 1 vendor row(s); selected first active VendorID BA0016237.,,FOUND,READY
4-181/047,"Phylrich Basic Ii 3/4"" Thermostat - Antique Brass","Phylrich Basic Ii 3/4"" Thermostat - Antique Brass",PLUMBING,PLUMBING,PLUMB-LOT,BOISE WAREHOUSE=4,SKIP_QTY_ON_HAND,BA0016237 Phylrich,BA0016237,Phylrich,HIGH,Current StockItem VendorDetails contains 1 vendor row(s); selected first active VendorID BA0016237.,,FOUND,SKIP_QTY_ON_HAND
4-204/008,Phylrich Basic II Hand Shower With Volume Control Kit - Architectural Bronze,Phylrich Basic II Hand Shower With Volume Control Kit - Architectural Bronze,PLUMBING,PLUMBING,PLUMB-LOT,SALT LAKE PLUMBING=0,ELIGIBLE,BA0016237 Phylrich,BA0016237,Phylrich,HIGH,Current StockItem VendorDetails contains 1 vendor row(s); selected first active VendorID BA0016237.,,FOUND,READY
4-204/014,Phylrich Basic II Hand Shower With Volume Control Kit - Polished Nickel,Phylrich Basic II Hand Shower With Volume Control Kit - Polished Nickel,PLUMBING,PLUMBING,PLUMB-LOT,SALT LAKE PLUMBING=0,ELIGIBLE,BA0016237 Phylrich,BA0016237,Phylrich,HIGH,Current StockItem VendorDetails contains 1 vendor row(s); selected first active VendorID BA0016237.,,FOUND,READY
4-204/047,Phylrich Basic II Hand Shower With Volume Control Kit - Antique Brass,Phylrich Basic II Hand Shower With Volume Control Kit - Antique Brass,PLUMBING,PLUMBING,PLUMB-LOT,SALT LAKE PLUMBING=0,ELIGIBLE,,BA0016237,Phylrich,HIGH,brand-token PHYLRICH maps to BA0016237 in 104/104 existing vendor-populated StockItems.,,FOUND,READY
4-204/15A,Phylrich Basic II Hand Shower With Volume Control Kit - Pewter,Phylrich Basic II Hand Shower With Volume Control Kit - Pewter,PLUMBING,PLUMBING,PLUMB-LOT,SALT LAKE PLUMBING=0,ELIGIBLE,BA0016237 Phylrich,BA0016237,Phylrich,HIGH,Current StockItem VendorDetails contains 1 vendor row(s); selected first active VendorID BA0016237.,,FOUND,READY
4237660,"Armored R12 32” x 20"" Undermount Sink - Satin Stainless Steel","Armored R12 32” x 20"" Undermount Sink - Satin Stainless Steel",PLUMBING,PLUMBING,PLUMB-LOT,SALT LAKE PLUMBING=0,ELIGIBLE,,,,NONE,No current VendorDetails row and no deterministic existing StockItem pattern met the audit threshold.,,FOUND,VENDOR_REVIEW_REQUIRED
4-3104BP-06,"Pavani Balanced Pressure Shower Trim Plate With Handle, Less Showerhead, Arm And Flange - Antique Brass","Pavani Balanced Pressure Shower Trim Plate With Handle, Less Showerhead, Arm And Flange - Antique Brass",PLUMBING,PLUMBING,PLUMB-LOT,(no WarehouseDetails rows),ELIGIBLE,,,,NONE,No current VendorDetails row and no deterministic existing StockItem pattern met the audit threshold.,,FOUND,VENDOR_REVIEW_REQUIRED
4-3234BP-15A,"Pardees Balanced Pressure Shower Trim Plate With Handle, Less Showerhead, Arm And Flange - Antique Nickel","Pardees Balanced Pressure Shower Trim Plate With Handle, Less Showerhead, Arm And Flange - Antique Nickel",PLUMBING,PLUMBING,PLUMB-LOT,(no WarehouseDetails rows),ELIGIBLE,,,,NONE,No current VendorDetails row and no deterministic existing StockItem pattern met the audit threshold.,,FOUND,VENDOR_REVIEW_REQUIRED
4-350/15A,"Basic 1/2"" Thermostatic Valve With Volume Control Or Diverter Cross Handles - Pewter","Basic 1/2"" Thermostatic Valve With Volume Control Or Diverter Cross Handles - Pewter",PLUMBING,PLUMBING,PLUMB-LOT,SALT LAKE PLUMBING=0,ELIGIBLE,,BA0016237,Phylrich,MEDIUM,brand-token BASIC suggests BA0016237 in 25/26 existing vendor-populated StockItems; manual review required.,,FOUND,VENDOR_REVIEW_REQUIRED
4392PN,Rohl Single Function Handshower - Polished Nickel,Rohl Single Function Handshower - Polished Nickel,PLUMBING,PLUMBING,PLUMB-LOT,SALT LAKE PLUMBING=0,ELIGIBLE,"BA0000007 Rohl, LLC",BA0000007,"Rohl, LLC",HIGH,Current StockItem VendorDetails contains 1 vendor row(s); selected first active VendorID BA0000007.,,FOUND,READY
4400R119AU,Icona Deco Wall Mount Tub Filler Rough,Icona Deco Wall Mount Tub Filler Rough,PLUMBING,PLUMBING,PLUMB-LOT,SALT LAKE APPLIANCES=0; SALT LAKE PLUMBING=0,ELIGIBLE,,,,NONE,No current VendorDetails row and no deterministic existing StockItem pattern met the audit threshold.,,FOUND,VENDOR_REVIEW_REQUIRED
443146,Quatrus R15 Medium Single Bowl - Stainless Steel,Quatrus R15 Medium Single Bowl - Stainless Steel,PLUMBING,PLUMBING,PLUMB-LOT,SALT LAKE PLUMBING=0,ELIGIBLE,,,,NONE,No current VendorDetails row and no deterministic existing StockItem pattern met the audit threshold.,,FOUND,VENDOR_REVIEW_REQUIRED
443201,"Blanco Liven 33"" Super Single Bowl Dual Mount - Soft White","Blanco Liven 33"" Super Single Bowl Dual Mount - Soft White",PLUMBING,PLUMBING,PLUMB-LOT,BOISE WAREHOUSE=1,SKIP_QTY_ON_HAND,BA0015236 Blanco America Inc.,BA0015236,Blanco America Inc.,HIGH,Current StockItem VendorDetails contains 1 vendor row(s); selected first active VendorID BA0015236.,,FOUND,SKIP_QTY_ON_HAND
443231,"Liven 21"" Single Bowl Dual Mount - Café","Liven 21"" Single Bowl Dual Mount - Café",PLUMBING,PLUMBING,PLUMB-LOT,SALT LAKE PLUMBING=0,ELIGIBLE,,BA0015236,Blanco America Inc.,HIGH,prefix 44323 maps to BA0015236 in 4/4 existing vendor-populated StockItems.,,FOUND,READY
443235,Liven Bar Dual Mount - Anthracite,Liven Bar Dual Mount - Anthracite,PLUMBING,PLUMBING,PLUMB-LOT,SALT LAKE PLUMBING=0,ELIGIBLE,,BA0015236,Blanco America Inc.,HIGH,prefix 44323 maps to BA0015236 in 4/4 existing vendor-populated StockItems.,,FOUND,READY
443315,Inteos 33 Sink - Truffle,Inteos 33 Sink - Truffle,PLUMBING,PLUMBING,PLUMB-LOT,BOISE WAREHOUSE=0,ELIGIBLE,BA0015236 Blanco America Inc.,BA0015236,Blanco America Inc.,HIGH,Current StockItem VendorDetails contains 1 vendor row(s); selected first active VendorID BA0015236.,,FOUND,READY
443325,Inteos 39 Sink - Volcano Gray,Inteos 39 Sink - Volcano Gray,PLUMBING,PLUMBING,PLUMB-LOT,BOISE WAREHOUSE=0,ELIGIBLE,,BA0015236,Blanco America Inc.,HIGH,prefix 4433 maps to BA0015236 in 5/5 existing vendor-populated StockItems.,,FOUND,READY
4-500/15G,Phylrich Transition Pressure Balance Shower Plate And Handle Trim - Gun Metal Grey,Phylrich Transition Pressure Balance Shower Plate And Handle Trim - Gun Metal Grey,PLUMBING,PLUMBING,PLUMB-LOT,BOISE WAREHOUSE=0,ELIGIBLE,BA0016237 Phylrich,BA0016237,Phylrich,HIGH,Current StockItem VendorDetails contains 1 vendor row(s); selected first active VendorID BA0016237.,,FOUND,READY
4502A-BTB,"Rincon Bay 8"" Widespread Lavatory Faucet - Bella Terra Bronze","Rincon Bay 8"" Widespread Lavatory Faucet - Bella Terra Bronze",PLUMBING,PLUMBING,PLUMB-LOT,(no WarehouseDetails rows),ELIGIBLE,,BA0000006,California Faucets,MEDIUM,brand-token RINCON suggests BA0000006 in 5/5 existing vendor-populated StockItems; manual review required.,,FOUND,VENDOR_REVIEW_REQUIRED
4-580/026,Works Pressure Balance Shower Plate And Handle Trim - Polished Chrome,Works Pressure Balance Shower Plate And Handle Trim - Polished Chrome,PLUMBING,PLUMBING,PLUMB-LOT,SALT LAKE PLUMBING=0,ELIGIBLE,,,,NONE,No current VendorDetails row and no deterministic existing StockItem pattern met the audit threshold.,,FOUND,VENDOR_REVIEW_REQUIRED
4-619/014,"Phylrich 1/2"" Or 3/4"" Thermostatic Trim With Volume Or Diverter Lever Handle Grooved - Polished Nickel","Phylrich 1/2"" Or 3/4"" Thermostatic Trim With Volume Or Diverter Lever Handle Grooved - Polished Nickel",PLUMBING,PLUMBING,PLUMB-LOT,SALT LAKE PLUMBING=0,ELIGIBLE,BA0016237 Phylrich,BA0016237,Phylrich,HIGH,Current StockItem VendorDetails contains 1 vendor row(s); selected first active VendorID BA0016237.,,FOUND,READY
4-623/047,"1/2"" Or 3/4"" Thermostatic Trim With Volume Control / Diverter Lever Handle Knurled - Antique Brass","1/2"" Or 3/4"" Thermostatic Trim With Volume Control / Diverter Lever Handle Knurled - Antique Brass",PLUMBING,PLUMBING,PLUMB-LOT,BOISE WAREHOUSE=0,ELIGIBLE,,,,NONE,No current VendorDetails row and no deterministic existing StockItem pattern met the audit threshold.,,FOUND,VENDOR_REVIEW_REQUIRED
4664BK-WS,"Handshower Set With 31"" Slide Bar And 4 Function Handshower - Black","Handshower Set With 31"" Slide Bar And 4 Function Handshower - Black",PLUMBING,PLUMBING,PLUMB-LOT,(no WarehouseDetails rows),ELIGIBLE,,,,NONE,No current VendorDetails row and no deterministic existing StockItem pattern met the audit threshold.,,FOUND,VENDOR_REVIEW_REQUIRED
493X-03N,"Brasstech Lavatory Supply Kit, 1/2"" Compression - Uncoated Polished Brass","Brasstech Lavatory Supply Kit, 1/2"" Compression - Uncoated Polished Brass",PLUMBING,PLUMBING,PLUMB-LOT,SALT LAKE PLUMBING=0,ELIGIBLE,,,,NONE,No current VendorDetails row and no deterministic existing StockItem pattern met the audit threshold.,,FOUND,VENDOR_REVIEW_REQUIRED
493X-15,"Brasstech Lavatory Supply Kit, 1/2"" Compression - Polished Nickel","Brasstech Lavatory Supply Kit, 1/2"" Compression - Polished Nickel",PLUMBING,PLUMBING,PLUMB-LOT,SALT LAKE PLUMBING=0,ELIGIBLE,,,,NONE,No current VendorDetails row and no deterministic existing StockItem pattern met the audit threshold.,,FOUND,VENDOR_REVIEW_REQUIRED
500-74/008,Phylrich Hex Traditional & Henri Single Post Paper Holder - Architectural Bronze,Phylrich Hex Traditional & Henri Single Post Paper Holder - Architectural Bronze,PLUMBING,PLUMBING,PLUMB-LOT,BOISE WAREHOUSE=0,ELIGIBLE,BA0016237 Phylrich,BA0016237,Phylrich,HIGH,Current StockItem VendorDetails contains 1 vendor row(s); selected first active VendorID BA0016237.,,FOUND,READY
500-75/008,Phylrich Hex Traditional Towel Ring - Architectural Bronze,Phylrich Hex Traditional Towel Ring - Architectural Bronze,PLUMBING,PLUMBING,PLUMB-LOT,BOISE WAREHOUSE=0,ELIGIBLE,BA0016237 Phylrich,BA0016237,Phylrich,HIGH,Current StockItem VendorDetails contains 1 vendor row(s); selected first active VendorID BA0016237.,,FOUND,READY
501-04/008,"Phylrich Hex Widespread Faucet, Lever Handles - Architectural Bronze","Phylrich Hex Widespread Faucet, Lever Handles - Architectural Bronze",PLUMBING,PLUMBING,PLUMB-LOT,BOISE WAREHOUSE=0,ELIGIBLE,BA0016237 Phylrich,BA0016237,Phylrich,HIGH,Current StockItem VendorDetails contains 1 vendor row(s); selected first active VendorID BA0016237.,,FOUND,READY
501-05/047,Phylrich Hex Modern Widespread Faucet Cross Handles - Antique Brass,Phylrich Hex Modern Widespread Faucet Cross Handles - Antique Brass,PLUMBING,PLUMBING,PLUMB-LOT,SALT LAKE PLUMBING=0,ELIGIBLE,BA0016237 Phylrich,BA0016237,Phylrich,HIGH,Current StockItem VendorDetails contains 1 vendor row(s); selected first active VendorID BA0016237.,,FOUND,READY
501-06/008,Phylrich Hex Widespread Faucet With Lever Handles - Architectural Bronze,Phylrich Hex Widespread Faucet With Lever Handles - Architectural Bronze,PLUMBING,PLUMBING,PLUMB-LOT,BOISE WAREHOUSE=0,ELIGIBLE,BA0016237 Phylrich,BA0016237,Phylrich,HIGH,Current StockItem VendorDetails contains 1 vendor row(s); selected first active VendorID BA0016237.,,FOUND,READY
501-13/SP,Phylrich Hex Modern Wall Lavatory Set With Cross Handles - Special Finish,Phylrich Hex Modern Wall Lavatory Set With Cross Handles - Special Finish,PLUMBING,PLUMBING,PLUMB-LOT,SALT LAKE PLUMBING=0,ELIGIBLE,,BA0016237,Phylrich,HIGH,brand-token PHYLRICH maps to BA0016237 in 104/104 existing vendor-populated StockItems.,,FOUND,READY
501-14-10/008,"Hex Wall Lavatory Set 10"" Spout, Lever Handles - Architectural Bronze","Hex Wall Lavatory Set 10"" Spout, Lever Handles - Architectural Bronze",PLUMBING,PLUMBING,PLUMB-LOT,BOISE WAREHOUSE=0,ELIGIBLE,,,,NONE,No current VendorDetails row and no deterministic existing StockItem pattern met the audit threshold.,,FOUND,VENDOR_REVIEW_REQUIRED
501-22/008,"Hex Pressure Balance Shower Set, Lever Handle - Architectural Bronze","Hex Pressure Balance Shower Set, Lever Handle - Architectural Bronze",PLUMBING,PLUMBING,PLUMB-LOT,BOISE WAREHOUSE=0,ELIGIBLE,,,,NONE,No current VendorDetails row and no deterministic existing StockItem pattern met the audit threshold.,,FOUND,VENDOR_REVIEW_REQUIRED
501-47-01/008,"Hex Tall Floor Mount Tub Filler, Lever Handle With Hand Shower - Architectural Bronze","Hex Tall Floor Mount Tub Filler, Lever Handle With Hand Shower - Architectural Bronze",PLUMBING,PLUMBING,PLUMB-LOT,BOISE WAREHOUSE=0,ELIGIBLE,,,,NONE,No current VendorDetails row and no deterministic existing StockItem pattern met the audit threshold.,,FOUND,VENDOR_REVIEW_REQUIRED
501-74/008,Phylrich Hex Modern Single Post Paper Holder - Architectural Bronze,Phylrich Hex Modern Single Post Paper Holder - Architectural Bronze,PLUMBING,PLUMBING,PLUMB-LOT,BOISE WAREHOUSE=0,ELIGIBLE,BA0016237 Phylrich,BA0016237,Phylrich,HIGH,Current StockItem VendorDetails contains 1 vendor row(s); selected first active VendorID BA0016237.,,FOUND,READY
501-75/008,Phylrich Hex Modern Towel Ring - Architectural Bronze,Phylrich Hex Modern Towel Ring - Architectural Bronze,PLUMBING,PLUMBING,PLUMB-LOT,BOISE WAREHOUSE=0,ELIGIBLE,BA0016237 Phylrich,BA0016237,Phylrich,HIGH,Current StockItem VendorDetails contains 1 vendor row(s); selected first active VendorID BA0016237.,,FOUND,READY
501-76/008,Phylrich Hex Modern Robe Hook - Architectural Bronze,Phylrich Hex Modern Robe Hook - Architectural Bronze,PLUMBING,PLUMBING,PLUMB-LOT,BOISE WAREHOUSE=0,ELIGIBLE,BA0016237 Phylrich,BA0016237,Phylrich,HIGH,Current StockItem VendorDetails contains 1 vendor row(s); selected first active VendorID BA0016237.,,FOUND,READY
508,Couple of Fixing Brackets for Wall Hung WC/Bidet,Couple of Fixing Brackets for Wall Hung WC/Bidet,PLUMBING,PLUMBING,PLUMB-LOT,(no WarehouseDetails rows),ELIGIBLE,,,,NONE,No current VendorDetails row and no deterministic existing StockItem pattern met the audit threshold.,,FOUND,VENDOR_REVIEW_REQUIRED
512471,Solon Compost System Dual Mount - Stainless Steel,Solon Compost System Dual Mount - Stainless Steel,PLUMBING,PLUMBING,PLUMB-LOT,SALT LAKE PLUMBING=0,ELIGIBLE,,,,NONE,No current VendorDetails row and no deterministic existing StockItem pattern met the audit threshold.,,FOUND,VENDOR_REVIEW_REQUIRED
517-12-24A,"Newport Brass 12"" Ceiling Mount Arm And Flange - French Gold PVD","Newport Brass 12"" Ceiling Mount Arm And Flange - French Gold PVD",PLUMBING,PLUMBING,PLUMB-LOT,SALT LAKE PLUMBING=0,ELIGIBLE,BA0000714 Delta Faucet Company,BA0000714,Delta Faucet Company,HIGH,Current StockItem VendorDetails contains 1 vendor row(s); selected first active VendorID BA0000714.,,FOUND,READY
51808-CZ-PR,Universal Showering Components Premium Single Setting Slide Bar Hand Shower - Lumicoat Champagne Bronze,Universal Showering Components Premium Single Setting Slide Bar Hand Shower - Lumicoat Champagne Bronze,PLUMBING,PLUMBING,PLUMB-LOT,BOISE WAREHOUSE=0; SALT LAKE PLUMBING=0,ELIGIBLE,BA0000714 Delta Faucet Company,BA0000714,Delta Faucet Company,HIGH,Current StockItem VendorDetails contains 1 vendor row(s); selected first active VendorID BA0000714.,,FOUND,READY
5202-BTB,"D Street 8"" Widespread Lavatory Faucet - Bella Terra Bronze","D Street 8"" Widespread Lavatory Faucet - Bella Terra Bronze",PLUMBING,PLUMBING,PLUMB-LOT,(no WarehouseDetails rows),ELIGIBLE,,BA0000006,California Faucets,HIGH,prefix 5202 maps to BA0000006 in 7/7 existing vendor-populated StockItems.,,FOUND,READY
5202KZB-CB,"D Street 8"" Widespread Lavatory Faucet with ZeroDrain - Carbon","D Street 8"" Widespread Lavatory Faucet with ZeroDrain - Carbon",PLUMBING,PLUMBING,PLUMB-LOT,SALT LAKE PLUMBING=0,ELIGIBLE,,BA0000006,California Faucets,HIGH,prefix 5202 maps to BA0000006 in 7/7 existing vendor-populated StockItems.,,FOUND,READY
5202-SN,"D Street 8"" Widespread Lavatory Faucet - Satin Nickel","D Street 8"" Widespread Lavatory Faucet - Satin Nickel",PLUMBING,PLUMBING,PLUMB-LOT,(no WarehouseDetails rows),ELIGIBLE,,BA0000006,California Faucets,HIGH,prefix 5202 maps to BA0000006 in 7/7 existing vendor-populated StockItems.,,FOUND,READY
5202ZB-ANF,"D Street 8"" Widespread Lavatory Faucet with ZeroDrain - Antique Nickel Flat","D Street 8"" Widespread Lavatory Faucet with ZeroDrain - Antique Nickel Flat",PLUMBING,PLUMBING,PLUMB-LOT,(no WarehouseDetails rows),ELIGIBLE,,BA0000006,California Faucets,HIGH,prefix 5202 maps to BA0000006 in 7/7 existing vendor-populated StockItems.,,FOUND,READY
5208-SN,D Street Complete Roman Tub Set - Satin Nickel,D Street Complete Roman Tub Set - Satin Nickel,PLUMBING,PLUMBING,PLUMB-LOT,(no WarehouseDetails rows),ELIGIBLE,,,,NONE,No current VendorDetails row and no deterministic existing StockItem pattern met the audit threshold.,,FOUND,VENDOR_REVIEW_REQUIRED
52-18-GRP,"D Street 18"" Towel Bar - Graphite","D Street 18"" Towel Bar - Graphite",PLUMBING,PLUMBING,PLUMB-LOT,SALT LAKE APPLIANCES=0,ELIGIBLE,,,,NONE,No current VendorDetails row and no deterministic existing StockItem pattern met the audit threshold.,,FOUND,VENDOR_REVIEW_REQUIRED
524755,Cuvee R15 Bar Bowl Undermount - Stainless Steel,Cuvee R15 Bar Bowl Undermount - Stainless Steel,PLUMBING,PLUMBING,PLUMB-LOT,SALT LAKE PLUMBING=0,ELIGIBLE,,,,NONE,No current VendorDetails row and no deterministic existing StockItem pattern met the audit threshold.,,FOUND,VENDOR_REVIEW_REQUIRED
526545,"Vintera 30"" Super Single Apron - Coal Black","Vintera 30"" Super Single Apron - Coal Black",PLUMBING,PLUMBING,PLUMB-LOT,SALT LAKE PLUMBING=0,ELIGIBLE,,,,NONE,No current VendorDetails row and no deterministic existing StockItem pattern met the audit threshold.,,FOUND,VENDOR_REVIEW_REQUIRED
52668-SS-PR,Universal Showering Components H2Okinetic 5 Setting Contempoary Round Raincan Shower Head - Lumicoat Stainless,Universal Showering Components H2Okinetic 5 Setting Contempoary Round Raincan Shower Head - Lumicoat Stainless,PLUMBING,PLUMBING,PLUMB-LOT,BOISE WAREHOUSE=0,ELIGIBLE,BA0000714 Delta Faucet Company,BA0000714,Delta Faucet Company,HIGH,Current StockItem VendorDetails contains 1 vendor row(s); selected first active VendorID BA0000714.,,FOUND,READY
526963,Linus Pull Out 1.5 GPM - Soft White,Linus Pull Out 1.5 GPM - Soft White,PLUMBING,PLUMBING,PLUMB-LOT,SALT LAKE PLUMBING=0,ELIGIBLE,,,,NONE,No current VendorDetails row and no deterministic existing StockItem pattern met the audit threshold.,,FOUND,VENDOR_REVIEW_REQUIRED
527411,"Precis 24"" Single Bowl - Volcano Gray","Precis 24"" Single Bowl - Volcano Gray",PLUMBING,PLUMBING,PLUMB-LOT,SALT LAKE PLUMBING=0,ELIGIBLE,,,,NONE,No current VendorDetails row and no deterministic existing StockItem pattern met the audit threshold.,,FOUND,VENDOR_REVIEW_REQUIRED
52-9-ANF,"D Street 9"" Hand Towel Bar - Antique Nickel Flat","D Street 9"" Hand Towel Bar - Antique Nickel Flat",PLUMBING,PLUMBING,PLUMB-LOT,(no WarehouseDetails rows),ELIGIBLE,,,,NONE,No current VendorDetails row and no deterministic existing StockItem pattern met the audit threshold.,,FOUND,VENDOR_REVIEW_REQUIRED
52-RH-ANF,D Street Robe Hook - Antique Nickel Flat,D Street Robe Hook - Antique Nickel Flat,PLUMBING,PLUMBING,PLUMB-LOT,(no WarehouseDetails rows),ELIGIBLE,,,,NONE,No current VendorDetails row and no deterministic existing StockItem pattern met the audit threshold.,,FOUND,VENDOR_REVIEW_REQUIRED
52-STP-ANF,D Street Single Post Toilet Paper / Hand Towel Holder - Antique Nickel Flat,D Street Single Post Toilet Paper / Hand Towel Holder - Antique Nickel Flat,PLUMBING,PLUMBING,PLUMB-LOT,(no WarehouseDetails rows),ELIGIBLE,,,,NONE,No current VendorDetails row and no deterministic existing StockItem pattern met the audit threshold.,,FOUND,VENDOR_REVIEW_REQUIRED
52-TR-SBZ,D Street Towel Ring - Satin Bronze,D Street Towel Ring - Satin Bronze,PLUMBING,PLUMBING,PLUMB-LOT,BOISE WAREHOUSE=0,ELIGIBLE,BA0000006 California Faucets,BA0000006,California Faucets,HIGH,Current StockItem VendorDetails contains 1 vendor row(s); selected first active VendorID BA0000006.,,FOUND,READY
5395R080BU,Icona Classic Floor Mount Single Control Tub Filler - Polished Nickel PVD,Icona Classic Floor Mount Single Control Tub Filler - Polished Nickel PVD,PLUMBING,PLUMBING,PLUMB-LOT,(no WarehouseDetails rows),ELIGIBLE,,,,NONE,No current VendorDetails row and no deterministic existing StockItem pattern met the audit threshold.,,FOUND,VENDOR_REVIEW_REQUIRED
5395R107WU,Icona Deco Three Hole Washbasin Mixer - Nickel PVD,Icona Deco Three Hole Washbasin Mixer - Nickel PVD,PLUMBING,PLUMBING,PLUMB-LOT,(no WarehouseDetails rows),ELIGIBLE,,,,NONE,No current VendorDetails row and no deterministic existing StockItem pattern met the audit threshold.,,FOUND,VENDOR_REVIEW_REQUIRED
5395R891BU,Icona Deco 3/4'' Volume Control - Nickel PVD,Icona Deco 3/4'' Volume Control - Nickel PVD,PLUMBING,PLUMBING,PLUMB-LOT,(no WarehouseDetails rows),ELIGIBLE,,,,NONE,No current VendorDetails row and no deterministic existing StockItem pattern met the audit threshold.,,FOUND,VENDOR_REVIEW_REQUIRED
53P6R043U,Icona Classic Wall Mount Handshower Set - Matte British Gold PVD,Icona Classic Wall Mount Handshower Set - Matte British Gold PVD,PLUMBING,PLUMBING,PLUMB-LOT,SALT LAKE APPLIANCES=0,ELIGIBLE,,,,NONE,No current VendorDetails row and no deterministic existing StockItem pattern met the audit threshold.,,FOUND,VENDOR_REVIEW_REQUIRED
53P6R107WU,Icona Deco Three Hole Washbasin Mixer - Matte British Gold PVD,Icona Deco Three Hole Washbasin Mixer - Matte British Gold PVD,PLUMBING,PLUMBING,PLUMB-LOT,SALT LAKE APPLIANCES=0,ELIGIBLE,,,,NONE,No current VendorDetails row and no deterministic existing StockItem pattern met the audit threshold.,,FOUND,VENDOR_REVIEW_REQUIRED
53P6R119BU,Icona Deco Wall Mount Tub Filler - Matte British Gold PVD,Icona Deco Wall Mount Tub Filler - Matte British Gold PVD,PLUMBING,PLUMBING,PLUMB-LOT,SALT LAKE APPLIANCES=0,ELIGIBLE,,,,NONE,No current VendorDetails row and no deterministic existing StockItem pattern met the audit threshold.,,FOUND,VENDOR_REVIEW_REQUIRED
53P6R891BU,Icona Deco 3/4'' Volume Control - Matte British Gold PVD,Icona Deco 3/4'' Volume Control - Matte British Gold PVD,PLUMBING,PLUMBING,PLUMB-LOT,SALT LAKE APPLIANCES=0,ELIGIBLE,,,,NONE,No current VendorDetails row and no deterministic existing StockItem pattern met the audit threshold.,,FOUND,VENDOR_REVIEW_REQUIRED
53Q7R119BU,Icona Deco Wall Mount Tub Filler - Pure Brass PVD,Icona Deco Wall Mount Tub Filler - Pure Brass PVD,PLUMBING,PLUMBING,PLUMB-LOT,(no WarehouseDetails rows),ELIGIBLE,,,,NONE,No current VendorDetails row and no deterministic existing StockItem pattern met the audit threshold.,,FOUND,VENDOR_REVIEW_REQUIRED
53Q7R891BU,Fantini Icona Deco 3/4'' Volume Control - Pure Brass PVD,Fantini Icona Deco 3/4'' Volume Control - Pure Brass PVD,PLUMBING,PLUMBING,PLUMB-LOT,SALT LAKE PLUMBING=0,ELIGIBLE,"BA0010852 Fantini USA, Inc",BA0010852,"Fantini USA, Inc",HIGH,Current StockItem VendorDetails contains 1 vendor row(s); selected first active VendorID BA0010852.,,FOUND,READY
54611#707,Inverso Flush Actuator Plate - Black Metal Brushed PVD,Inverso Flush Actuator Plate - Black Metal Brushed PVD,PLUMBING,PLUMBING,PLUMB-LOT,BOISE WAREHOUSE=0,ELIGIBLE,,,,NONE,No current VendorDetails row and no deterministic existing StockItem pattern met the audit threshold.,,FOUND,VENDOR_REVIEW_REQUIRED
54623#149,Inverso Flush Actuator Plate - Finox Brushed Nickel,Inverso Flush Actuator Plate - Finox Brushed Nickel,PLUMBING,PLUMBING,PLUMB-LOT,BOISE WAREHOUSE=0,ELIGIBLE,,,,NONE,No current VendorDetails row and no deterministic existing StockItem pattern met the audit threshold.,,FOUND,VENDOR_REVIEW_REQUIRED
55884-CZ-PR,Delta Universal Showering Components 7 Setting Wall Mount Hand Shower With Cleaning Spray - Lumicoat Champagne Bronze,Delta Universal Showering Components 7 Setting Wall Mount Hand Shower With Cleaning Spray - Lumicoat Champagne Bronze,PLUMBING,PLUMBING,PLUMB-LOT,BOISE WAREHOUSE=0,ELIGIBLE,BA0000714 Delta Faucet Company,BA0000714,Delta Faucet Company,HIGH,Current StockItem VendorDetails contains 1 vendor row(s); selected first active VendorID BA0000714.,,FOUND,READY
58480-PN-PR-PK,Universal Showering Components H2Okinetic In2Ition 5 Setting Two In One Shower - Lumicoat Polished Nickel,Universal Showering Components H2Okinetic In2Ition 5 Setting Two In One Shower - Lumicoat Polished Nickel,PLUMBING,PLUMBING,PLUMB-LOT,SALT LAKE PLUMBING=0,ELIGIBLE,,,,NONE,No current VendorDetails row and no deterministic existing StockItem pattern met the audit threshold.,,FOUND,VENDOR_REVIEW_REQUIRED
58500#299,"Gessi Inciso 18"" Towel Rail - Matte Black","Gessi Inciso 18"" Towel Rail - Matte Black",PLUMBING,PLUMBING,PLUMB-LOT,SALT LAKE PLUMBING=1,SKIP_QTY_ON_HAND,BA0001129 GESSI North America,BA0001129,GESSI North America,HIGH,Current StockItem VendorDetails contains 1 vendor row(s); selected first active VendorID BA0001129.,,FOUND,SKIP_QTY_ON_HAND
58505#299,"Gessi Inciso 31-1/2"" Towel Rail - Matte Black","Gessi Inciso 31-1/2"" Towel Rail - Matte Black",PLUMBING,PLUMBING,PLUMB-LOT,SALT LAKE PLUMBING=1,SKIP_QTY_ON_HAND,BA0001129 GESSI North America,BA0001129,GESSI North America,HIGH,Current StockItem VendorDetails contains 1 vendor row(s); selected first active VendorID BA0001129.,,FOUND,SKIP_QTY_ON_HAND
58509#299,Gessi Inciso Towel Ring - Matte Black,Gessi Inciso Towel Ring - Matte Black,PLUMBING,PLUMBING,PLUMB-LOT,SALT LAKE PLUMBING=2,SKIP_QTY_ON_HAND,BA0001129 GESSI North America,BA0001129,GESSI North America,HIGH,Current StockItem VendorDetails contains 1 vendor row(s); selected first active VendorID BA0001129.,,FOUND,SKIP_QTY_ON_HAND
58569-CZ-PR-PK,Universal Showering Components In2Ition 5 Setting Two In One Shower - Lumicoat Champagne Bronze,Universal Showering Components In2Ition 5 Setting Two In One Shower - Lumicoat Champagne Bronze,PLUMBING,PLUMBING,PLUMB-LOT,SALT LAKE PLUMBING=0,ELIGIBLE,,,,NONE,No current VendorDetails row and no deterministic existing StockItem pattern met the audit threshold.,,FOUND,VENDOR_REVIEW_REQUIRED
588SH-SS-PR-DST,Delta Tetra Single Handle Bathroom Faucet - Lumicoat Stainless,Delta Tetra Single Handle Bathroom Faucet - Lumicoat Stainless,PLUMBING,PLUMBING,PLUMB-LOT,BOISE WAREHOUSE=1,SKIP_QTY_ON_HAND,BA0000714 Delta Faucet Company,BA0000714,Delta Faucet Company,HIGH,Current StockItem VendorDetails contains 1 vendor row(s); selected first active VendorID BA0000714.,,FOUND,SKIP_QTY_ON_HAND
59537-CZ-PR,Delta 2 Setting Hand Shower With Proclean Spray - Lumicoat Champagne Bronze,Delta 2 Setting Hand Shower With Proclean Spray - Lumicoat Champagne Bronze,PLUMBING,PLUMBING,PLUMB-LOT,BOISE WAREHOUSE=1,SKIP_QTY_ON_HAND,BA0000714 Delta Faucet Company,BA0000714,Delta Faucet Company,HIGH,Current StockItem VendorDetails contains 1 vendor row(s); selected first active VendorID BA0000714.,,FOUND,SKIP_QTY_ON_HAND
60060504U,Balocchi Three Hole Washbasin Mixer - Red,Balocchi Three Hole Washbasin Mixer - Red,PLUMBING,PLUMBING,PLUMB-LOT,(no WarehouseDetails rows),ELIGIBLE,,,,NONE,No current VendorDetails row and no deterministic existing StockItem pattern met the audit threshold.,,FOUND,VENDOR_REVIEW_REQUIRED
621249LF-ULBLHP,"Faircroft Wall Mount Bridge Faucet With Angled Spout And Side Sprayer, Less Handles - Unlacquered Brass","Faircroft Wall Mount Bridge Faucet With Angled Spout And Side Sprayer, Less Handles - Unlacquered Brass",PLUMBING,PLUMBING,PLUMB-LOT,SALT LAKE PLUMBING=0,ELIGIBLE,,,,NONE,No current VendorDetails row and no deterministic existing StockItem pattern met the audit threshold.,,FOUND,VENDOR_REVIEW_REQUIRED
62558LF-GLPG,Brizo Tulham Bridge Kitchen Faucet With Side Spray - Luxe Gold / Polished Gold,Brizo Tulham Bridge Kitchen Faucet With Side Spray - Luxe Gold / Polished Gold,PLUMBING,PLUMBING,PLUMB-LOT,BOISE WAREHOUSE=0; SALT LAKE PLUMBING=0,ELIGIBLE,BA0000714 Delta Faucet Company,BA0000714,Delta Faucet Company,HIGH,Current StockItem VendorDetails contains 1 vendor row(s); selected first active VendorID BA0000714.,,FOUND,READY
62858LF-GLPG,Tulham Wall Mount Pot Filler - Luxe Gold / Polished Gold,Tulham Wall Mount Pot Filler - Luxe Gold / Polished Gold,PLUMBING,PLUMBING,PLUMB-LOT,SALT LAKE PLUMBING=0,ELIGIBLE,,,,NONE,No current VendorDetails row and no deterministic existing StockItem pattern met the audit threshold.,,FOUND,VENDOR_REVIEW_REQUIRED
63048LF-PCLHP,"Faircroft Pull Down Faucet With Arc Spout, Less Handle - Chrome","Faircroft Pull Down Faucet With Arc Spout, Less Handle - Chrome",PLUMBING,PLUMBING,PLUMB-LOT,(no WarehouseDetails rows),ELIGIBLE,,BA0000714,Delta Faucet Company,HIGH,prefix 6304 maps to BA0000714 in 6/6 existing vendor-populated StockItems.,,FOUND,READY
63049LF-ULBLHP,"Faircroft Pull Down Faucet With Angled Spout, Less Handle - Unlacquered Brass","Faircroft Pull Down Faucet With Angled Spout, Less Handle - Unlacquered Brass",PLUMBING,PLUMBING,PLUMB-LOT,SALT LAKE PLUMBING=0,ELIGIBLE,,BA0000714,Delta Faucet Company,HIGH,prefix 6304 maps to BA0000714 in 6/6 existing vendor-populated StockItems.,,FOUND,READY
63058LF-BLBNX,Tulham Pull Down Kitchen Faucet - Matte Black / Brilliance Black Onyx,Tulham Pull Down Kitchen Faucet - Matte Black / Brilliance Black Onyx,PLUMBING,PLUMBING,PLUMB-LOT,SALT LAKE PLUMBING=0,ELIGIBLE,,,,NONE,No current VendorDetails row and no deterministic existing StockItem pattern met the audit threshold.,,FOUND,VENDOR_REVIEW_REQUIRED
63058LF-PN,Brizo Tulham Pull Down Kitchen Faucet - Polished Nickel,Brizo Tulham Pull Down Kitchen Faucet - Polished Nickel,PLUMBING,PLUMBING,PLUMB-LOT,BOISE WAREHOUSE=0,ELIGIBLE,BA0000714 Delta Faucet Company,BA0000714,Delta Faucet Company,HIGH,Current StockItem VendorDetails contains 1 vendor row(s); selected default active VendorID BA0000714.,,FOUND,READY
63221LF-SSLHP,Odin Articulating Kitchen Faucet Less Handle - Stainless,Odin Articulating Kitchen Faucet Less Handle - Stainless,PLUMBING,PLUMBING,PLUMB-LOT,SALT LAKE APPLIANCES=0; SALT LAKE PLUMBING=0,ELIGIBLE,,BA0000714,Delta Faucet Company,MEDIUM,brand-token ODIN suggests BA0000714 in 16/16 existing vendor-populated StockItems; manual review required.,,FOUND,VENDOR_REVIEW_REQUIRED
63329#149,Ventaglio Handshower Set - Finox Brushed Nickel,Ventaglio Handshower Set - Finox Brushed Nickel,PLUMBING,PLUMBING,PLUMB-LOT,BOISE WAREHOUSE=0,ELIGIBLE,,,,NONE,No current VendorDetails row and no deterministic existing StockItem pattern met the audit threshold.,,FOUND,VENDOR_REVIEW_REQUIRED
63331#149,Anello Trim Parts Only External Parts For Thermostatic With Singlevolume Control - Finox Brushed Nickel,Anello Trim Parts Only External Parts For Thermostatic With Singlevolume Control - Finox Brushed Nickel,PLUMBING,PLUMBING,PLUMB-LOT,BOISE WAREHOUSE=0,ELIGIBLE,,,,NONE,No current VendorDetails row and no deterministic existing StockItem pattern met the audit threshold.,,FOUND,VENDOR_REVIEW_REQUIRED
63335#149,Anello Trim Parts Only External Parts For 3 Way Diverter Thermostatic And Volume Control - Finox Brushed Nickel,Anello Trim Parts Only External Parts For 3 Way Diverter Thermostatic And Volume Control - Finox Brushed Nickel,PLUMBING,PLUMBING,PLUMB-LOT,BOISE WAREHOUSE=0,ELIGIBLE,,,,NONE,No current VendorDetails row and no deterministic existing StockItem pattern met the audit threshold.,,FOUND,VENDOR_REVIEW_REQUIRED
63350#149,"Ventaglio Ceiling Mounted, Shower Head With Arm, Custom Length - Finox Brushed Nickel","Ventaglio Ceiling Mounted, Shower Head With Arm, Custom Length - Finox Brushed Nickel",PLUMBING,PLUMBING,PLUMB-LOT,BOISE WAREHOUSE=0,ELIGIBLE,,,,NONE,No current VendorDetails row and no deterministic existing StockItem pattern met the audit threshold.,,FOUND,VENDOR_REVIEW_REQUIRED
63361#707,Anello Trim Parts Only Wall Mounted Mixer Control With 35 Cartridge - Black Metal Brushed PVD,Anello Trim Parts Only Wall Mounted Mixer Control With 35 Cartridge - Black Metal Brushed PVD,PLUMBING,PLUMBING,PLUMB-LOT,(no WarehouseDetails rows),ELIGIBLE,,,,NONE,No current VendorDetails row and no deterministic existing StockItem pattern met the audit threshold.,,FOUND,VENDOR_REVIEW_REQUIRED
63506#707,Ingranaggio Tall Single Lever Washbasin Mixer Without Pop Up Assembly - Black Metal Brushed PVD,Ingranaggio Tall Single Lever Washbasin Mixer Without Pop Up Assembly - Black Metal Brushed PVD,PLUMBING,PLUMBING,PLUMB-LOT,SALT LAKE PLUMBING=0,ELIGIBLE,,,,NONE,No current VendorDetails row and no deterministic existing StockItem pattern met the audit threshold.,,FOUND,VENDOR_REVIEW_REQUIRED
63800#707,"Gessi Anello Wall Mounted 18"" Towel Bar - Black Metal Brushed PVD","Gessi Anello Wall Mounted 18"" Towel Bar - Black Metal Brushed PVD",PLUMBING,PLUMBING,PLUMB-LOT,SALT LAKE PLUMBING=1,SKIP_QTY_ON_HAND,BA0001129 GESSI North America,BA0001129,GESSI North America,HIGH,Current StockItem VendorDetails contains 1 vendor row(s); selected first active VendorID BA0001129.,,FOUND,SKIP_QTY_ON_HAND
63803#707,"Gessi Anello Wall Mounted 24"" Towel Bar - Black Metal Brushed PVD","Gessi Anello Wall Mounted 24"" Towel Bar - Black Metal Brushed PVD",PLUMBING,PLUMBING,PLUMB-LOT,SALT LAKE PLUMBING=2,SKIP_QTY_ON_HAND,BA0001129 GESSI North America,BA0001129,GESSI North America,HIGH,Current StockItem VendorDetails contains 1 vendor row(s); selected first active VendorID BA0001129.,,FOUND,SKIP_QTY_ON_HAND
6406-LBL,Jaclo Contemporary Water Supply Elbow - Light Blue,Jaclo Contemporary Water Supply Elbow - Light Blue,PLUMBING,PLUMBING,PLUMB-LOT,SALT LAKE PLUMBING=1,SKIP_QTY_ON_HAND,BA0000733 Jaclo,BA0000733,Jaclo,HIGH,Current StockItem VendorDetails contains 1 vendor row(s); selected first active VendorID BA0000733.,,FOUND,SKIP_QTY_ON_HAND
65.62.20-SN,Tiburon Complete Handshower And Diverter for Roman Tub - Satin Nickel,Tiburon Complete Handshower And Diverter for Roman Tub - Satin Nickel,PLUMBING,PLUMBING,PLUMB-LOT,(no WarehouseDetails rows),ELIGIBLE,,BA0000006,California Faucets,MEDIUM,brand-token TIBURON suggests BA0000006 in 14/14 existing vendor-populated StockItems; manual review required.,,FOUND,VENDOR_REVIEW_REQUIRED
6508-SN,Tiburon Complete Roman Tub Set - Satin Nickel,Tiburon Complete Roman Tub Set - Satin Nickel,PLUMBING,PLUMBING,PLUMB-LOT,(no WarehouseDetails rows),ELIGIBLE,,BA0000006,California Faucets,MEDIUM,brand-token TIBURON suggests BA0000006 in 14/14 existing vendor-populated StockItems; manual review required.,,FOUND,VENDOR_REVIEW_REQUIRED
653110LF-GLLHP,"Brizo Roccesco Widespread Lavatory Faucet With Arc Spout, Less Handles - Luxe Gold","Brizo Roccesco Widespread Lavatory Faucet With Arc Spout, Less Handles - Luxe Gold",PLUMBING,PLUMBING,PLUMB-LOT,SALT LAKE APPLIANCES=0; SALT LAKE PLUMBING=2,SKIP_QTY_ON_HAND,BA0000714 Delta Faucet Company,BA0000714,Delta Faucet Company,HIGH,Current StockItem VendorDetails contains 1 vendor row(s); selected first active VendorID BA0000714.,,FOUND,SKIP_QTY_ON_HAND
653111LF-BLLHP,"Roccesco Widespread Lavatory Faucet With Square Spout, Less Handles - Matte Black","Roccesco Widespread Lavatory Faucet With Square Spout, Less Handles - Matte Black",PLUMBING,PLUMBING,PLUMB-LOT,SALT LAKE APPLIANCES=0; SALT LAKE PLUMBING=0,ELIGIBLE,BA0000714 Delta Faucet Company,BA0000714,Delta Faucet Company,HIGH,Current StockItem VendorDetails contains 1 vendor row(s); selected first active VendorID BA0000714.,,FOUND,READY
66455#149,Origini Horizontal / Vertical Paper Roll Holder - Finox Brushed Nickel,Origini Horizontal / Vertical Paper Roll Holder - Finox Brushed Nickel,PLUMBING,PLUMBING,PLUMB-LOT,BOISE WAREHOUSE=0,ELIGIBLE,,,,NONE,No current VendorDetails row and no deterministic existing StockItem pattern met the audit threshold.,,FOUND,VENDOR_REVIEW_REQUIRED
66504#149,"Origini 24"" Towel Rail - Finox Brushed Nickel","Origini 24"" Towel Rail - Finox Brushed Nickel",PLUMBING,PLUMBING,PLUMB-LOT,BOISE WAREHOUSE=0,ELIGIBLE,,,,NONE,No current VendorDetails row and no deterministic existing StockItem pattern met the audit threshold.,,FOUND,VENDOR_REVIEW_REQUIRED
6934110-BL,Roccesco Single Robe Hook - Matte Black,Roccesco Single Robe Hook - Matte Black,PLUMBING,PLUMBING,PLUMB-LOT,SALT LAKE APPLIANCES=0; SALT LAKE PLUMBING=0,ELIGIBLE,BA0000714 Delta Faucet Company,BA0000714,Delta Faucet Company,HIGH,Current StockItem VendorDetails contains 1 vendor row(s); selected first active VendorID BA0000714.,,FOUND,READY
693465-PG,Beauclere Single Robe Hook - Polished Gold,Beauclere Single Robe Hook - Polished Gold,PLUMBING,PLUMBING,PLUMB-LOT,SALT LAKE PLUMBING=0,ELIGIBLE,,BA0000714,Delta Faucet Company,MEDIUM,brand-token BEAUCLERE suggests BA0000714 in 11/11 existing vendor-populated StockItems; manual review required.,,FOUND,VENDOR_REVIEW_REQUIRED
6947110-BL,"Roccesco 8"" Towel Bar - Matte Black","Roccesco 8"" Towel Bar - Matte Black",PLUMBING,PLUMBING,PLUMB-LOT,SALT LAKE APPLIANCES=0; SALT LAKE PLUMBING=0,ELIGIBLE,BA0000714 Delta Faucet Company,BA0000714,Delta Faucet Company,HIGH,Current StockItem VendorDetails contains 1 vendor row(s); selected first active VendorID BA0000714.,,FOUND,READY
694765-PG,"Beauclere 8"" Towel Bar - Polished Gold","Beauclere 8"" Towel Bar - Polished Gold",PLUMBING,PLUMBING,PLUMB-LOT,SALT LAKE PLUMBING=0,ELIGIBLE,,BA0000714,Delta Faucet Company,MEDIUM,brand-token BEAUCLERE suggests BA0000714 in 11/11 existing vendor-populated StockItems; manual review required.,,FOUND,VENDOR_REVIEW_REQUIRED
6950110-BL,Roccesco Tissue Holder - Matte Black,Roccesco Tissue Holder - Matte Black,PLUMBING,PLUMBING,PLUMB-LOT,SALT LAKE APPLIANCES=0; SALT LAKE PLUMBING=0,ELIGIBLE,BA0000714 Delta Faucet Company,BA0000714,Delta Faucet Company,HIGH,Current StockItem VendorDetails contains 1 vendor row(s); selected first active VendorID BA0000714.,,FOUND,READY
695065-PG,Beauclere Tissue Holder - Polished Gold,Beauclere Tissue Holder - Polished Gold,PLUMBING,PLUMBING,PLUMB-LOT,SALT LAKE PLUMBING=0,ELIGIBLE,,BA0000714,Delta Faucet Company,MEDIUM,brand-token BEAUCLERE suggests BA0000714 in 11/11 existing vendor-populated StockItems; manual review required.,,FOUND,VENDOR_REVIEW_REQUIRED
696367-NK,Brizo Allaria Universal Tank Lever - Luxe Nickel,Brizo Allaria Universal Tank Lever - Luxe Nickel,PLUMBING,PLUMBING,PLUMB-LOT,SALT LAKE APPLIANCES=0; SALT LAKE PLUMBING=0,ELIGIBLE,BA0000714 Delta Faucet Company,BA0000714,Delta Faucet Company,HIGH,Current StockItem VendorDetails contains 1 vendor row(s); selected first active VendorID BA0000714.,,FOUND,READY
70-0.1-GM,"Rainey 18"" Wall Mounted Towel Bar - Gun Metal","Rainey 18"" Wall Mounted Towel Bar - Gun Metal",PLUMBING,PLUMBING,PLUMB-LOT,(no WarehouseDetails rows),ELIGIBLE,,,,NONE,No current VendorDetails row and no deterministic existing StockItem pattern met the audit threshold.,,FOUND,VENDOR_REVIEW_REQUIRED
70002#149,"Habito Single Lever Washbasin Mixer Without Pop Up Assembly, Unito - Finox Brushed Nickel","Habito Single Lever Washbasin Mixer Without Pop Up Assembly, Unito - Finox Brushed Nickel",PLUMBING,PLUMBING,PLUMB-LOT,BOISE WAREHOUSE=0,ELIGIBLE,,,,NONE,No current VendorDetails row and no deterministic existing StockItem pattern met the audit threshold.,,FOUND,VENDOR_REVIEW_REQUIRED
70028#149,"Habito Trim Parts Only Floor Mounted Tub Filler, Unito - Finox Brushed Nickel","Habito Trim Parts Only Floor Mounted Tub Filler, Unito - Finox Brushed Nickel",PLUMBING,PLUMBING,PLUMB-LOT,BOISE WAREHOUSE=0,ELIGIBLE,,,,NONE,No current VendorDetails row and no deterministic existing StockItem pattern met the audit threshold.,,FOUND,VENDOR_REVIEW_REQUIRED
70088#149,"Habito Trim Parts Only Wall Mounted Washbasin Mixer Trim, Unito - Finox Brushed Nickel","Habito Trim Parts Only Wall Mounted Washbasin Mixer Trim, Unito - Finox Brushed Nickel",PLUMBING,PLUMBING,PLUMB-LOT,BOISE WAREHOUSE=0,ELIGIBLE,,,,NONE,No current VendorDetails row and no deterministic existing StockItem pattern met the audit threshold.,,FOUND,VENDOR_REVIEW_REQUIRED
702305-B,"1 1/4"" X 8"" Slip Joint Extension For Universal Lavatory Faucet - Brass","1 1/4"" X 8"" Slip Joint Extension For Universal Lavatory Faucet - Brass",PLUMBING,PLUMBING,PLUMB-LOT,SALT LAKE PLUMBING=0,ELIGIBLE,,,,NONE,No current VendorDetails row and no deterministic existing StockItem pattern met the audit threshold.,,FOUND,VENDOR_REVIEW_REQUIRED
702305-BB,"1 1/4"" X 8"" Slip Joint Extension For Universal Lavatory Faucet - Burnished Brass","1 1/4"" X 8"" Slip Joint Extension For Universal Lavatory Faucet - Burnished Brass",PLUMBING,PLUMBING,PLUMB-LOT,SALT LAKE PLUMBING=0,ELIGIBLE,,,,NONE,No current VendorDetails row and no deterministic existing StockItem pattern met the audit threshold.,,FOUND,VENDOR_REVIEW_REQUIRED
702305-N,"1 1/4"" X 8"" Slip Joint Extension For Universal Lavatory Faucet - Nickel","1 1/4"" X 8"" Slip Joint Extension For Universal Lavatory Faucet - Nickel",PLUMBING,PLUMBING,PLUMB-LOT,SALT LAKE PLUMBING=0,ELIGIBLE,,,,NONE,No current VendorDetails row and no deterministic existing StockItem pattern met the audit threshold.,,FOUND,VENDOR_REVIEW_REQUIRED
70-7.1.3PG2-RNK8V-GM,Rainey Deck Mounted 2 Hole Gooseneck Kitchen Faucet With Pull Down Spray - Gun Metal,Rainey Deck Mounted 2 Hole Gooseneck Kitchen Faucet With Pull Down Spray - Gun Metal,PLUMBING,PLUMBING,PLUMB-LOT,SALT LAKE HARDWARE=0,ELIGIBLE,,,,NONE,No current VendorDetails row and no deterministic existing StockItem pattern met the audit threshold.,,FOUND,VENDOR_REVIEW_REQUIRED
70-7.1.3PG2-RNS4V-GM,Rainey Deck Mounted 2 Hole Gooseneck Kitchen Faucet With Pull Down Spray - Gun Metal,Rainey Deck Mounted 2 Hole Gooseneck Kitchen Faucet With Pull Down Spray - Gun Metal,PLUMBING,PLUMBING,PLUMB-LOT,SALT LAKE HARDWARE=0,ELIGIBLE,,,,NONE,No current VendorDetails row and no deterministic existing StockItem pattern met the audit threshold.,,FOUND,VENDOR_REVIEW_REQUIRED
70-9.3PG2-RNS4-GM,Rainey Deck Mounted Single Hole Gooseneck Prep Faucet With Pull Down Spray - Gun Metal,Rainey Deck Mounted Single Hole Gooseneck Prep Faucet With Pull Down Spray - Gun Metal,PLUMBING,PLUMBING,PLUMB-LOT,SALT LAKE HARDWARE=0,ELIGIBLE,,,,NONE,No current VendorDetails row and no deterministic existing StockItem pattern met the audit threshold.,,FOUND,VENDOR_REVIEW_REQUIRED
70-P80-RNK8-GM,"Rainey Wall Mounted Pressure Balance Shower Trim, 7"" Diameter - Gun Metal","Rainey Wall Mounted Pressure Balance Shower Trim, 7"" Diameter - Gun Metal",PLUMBING,PLUMBING,PLUMB-LOT,SALT LAKE PLUMBING=0,ELIGIBLE,,,,NONE,No current VendorDetails row and no deterministic existing StockItem pattern met the audit threshold.,,FOUND,VENDOR_REVIEW_REQUIRED
71-0.3-LLO6-PPG,"Lily 71 Towel Ring Wall Mount, Ogee Trim - PVD Polished Pearl Gold","Lily 71 Towel Ring Wall Mount, Ogee Trim - PVD Polished Pearl Gold",PLUMBING,PLUMBING,PLUMB-LOT,SALT LAKE PLUMBING=0,ELIGIBLE,,,,NONE,No current VendorDetails row and no deterministic existing StockItem pattern met the audit threshold.,,FOUND,VENDOR_REVIEW_REQUIRED
71-0.4-LLO6-PPG,Lily 71 Wall Mounted Paper Holder - PVD Polished Pearl Gold,Lily 71 Wall Mounted Paper Holder - PVD Polished Pearl Gold,PLUMBING,PLUMBING,PLUMB-LOT,SALT LAKE PLUMBING=0,ELIGIBLE,,,,NONE,No current VendorDetails row and no deterministic existing StockItem pattern met the audit threshold.,,FOUND,VENDOR_REVIEW_REQUIRED
71-0.5-LLO6-PPG,"Lily 71 Robe Hook Wall Mount, Ogee Trim - PVD Polished Pearl Gold","Lily 71 Robe Hook Wall Mount, Ogee Trim - PVD Polished Pearl Gold",PLUMBING,PLUMBING,PLUMB-LOT,SALT LAKE PLUMBING=0,ELIGIBLE,,,,NONE,No current VendorDetails row and no deterministic existing StockItem pattern met the audit threshold.,,FOUND,VENDOR_REVIEW_REQUIRED
72813671,"Hansgrohe Talis S HighArc Kitchen Faucet, 2 Spray Pull Down, 1.75 GPM - Matte Black","Hansgrohe Talis S HighArc Kitchen Faucet, 2 Spray Pull Down, 1.75 GPM - Matte Black",PLUMBING,PLUMBING,PLUMB-LOT,BOISE WAREHOUSE=3,SKIP_QTY_ON_HAND,BA0000005 Hansgrohe,BA0000005,Hansgrohe,HIGH,Current StockItem VendorDetails contains 1 vendor row(s); selected first active VendorID BA0000005.,,FOUND,SKIP_QTY_ON_HAND
72815671,"Hansgrohe Talis S Prep Kitchen Faucet, 2 Spray Pull Down, 1.75 GPM - Matte Black","Hansgrohe Talis S Prep Kitchen Faucet, 2 Spray Pull Down, 1.75 GPM - Matte Black",PLUMBING,PLUMBING,PLUMB-LOT,BOISE WAREHOUSE=1,SKIP_QTY_ON_HAND,BA0000005 Hansgrohe,BA0000005,Hansgrohe,HIGH,Current StockItem VendorDetails contains 1 vendor row(s); selected first active VendorID BA0000005.,,FOUND,SKIP_QTY_ON_HAND
72857001,"Hansgrohe Talis N HighArc Kitchen Faucet, O Style 2 Spray Pull Down, 1.5 GPM - Chrome","Hansgrohe Talis N HighArc Kitchen Faucet, O Style 2 Spray Pull Down, 1.5 GPM - Chrome",PLUMBING,PLUMBING,PLUMB-LOT,SALT LAKE APPLIANCES=0; SALT LAKE PLUMBING=1; JACKSON WAREHOUSE=0,SKIP_QTY_ON_HAND,BA0000005 Hansgrohe,BA0000005,Hansgrohe,HIGH,Current StockItem VendorDetails contains 1 vendor row(s); selected first active VendorID BA0000005.,,FOUND,SKIP_QTY_ON_HAND
73332001,"Hansgrohe Tecturis S Widespread Faucet 150, 1.2 GPM - Chrome","Hansgrohe Tecturis S Widespread Faucet 150, 1.2 GPM - Chrome",PLUMBING,PLUMBING,PLUMB-LOT,SALT LAKE APPLIANCES=0; SALT LAKE PLUMBING=4; JACKSON WAREHOUSE=0,SKIP_QTY_ON_HAND,BA0000005 Hansgrohe,BA0000005,Hansgrohe,HIGH,Current StockItem VendorDetails contains 1 vendor row(s); selected first active VendorID BA0000005.,,FOUND,SKIP_QTY_ON_HAND
73332821,"Hansgrohe Tecturis S Widespread Faucet 150, 1.2 GPM - Brushed Nickel","Hansgrohe Tecturis S Widespread Faucet 150, 1.2 GPM - Brushed Nickel",PLUMBING,PLUMBING,PLUMB-LOT,SALT LAKE APPLIANCES=0; SALT LAKE PLUMBING=2; JACKSON WAREHOUSE=0,SKIP_QTY_ON_HAND,BA0000005 Hansgrohe,BA0000005,Hansgrohe,HIGH,Current StockItem VendorDetails contains 1 vendor row(s); selected first active VendorID BA0000005.,,FOUND,SKIP_QTY_ON_HAND
73411821,Hansgrohe Tecturis S Tub Spout - Brushed Nickel,Hansgrohe Tecturis S Tub Spout - Brushed Nickel,PLUMBING,PLUMBING,PLUMB-LOT,SALT LAKE APPLIANCES=0; SALT LAKE PLUMBING=1; JACKSON WAREHOUSE=0,SKIP_QTY_ON_HAND,BA0000005 Hansgrohe,BA0000005,Hansgrohe,HIGH,Current StockItem VendorDetails contains 1 vendor row(s); selected first active VendorID BA0000005.,,FOUND,SKIP_QTY_ON_HAND
73508-CZ,"Delta Saylor 8"" Towel Bar - Champagne Bronze","Delta Saylor 8"" Towel Bar - Champagne Bronze",PLUMBING,PLUMBING,PLUMB-LOT,BOISE WAREHOUSE=2,SKIP_QTY_ON_HAND,BA0000714 Delta Faucet Company,BA0000714,Delta Faucet Company,HIGH,Current StockItem VendorDetails contains 1 vendor row(s); selected first active VendorID BA0000714.,,FOUND,SKIP_QTY_ON_HAND
73535-CZ,Delta Saylor Double Robe Hook - Champagne Bronze,Delta Saylor Double Robe Hook - Champagne Bronze,PLUMBING,PLUMBING,PLUMB-LOT,BOISE WAREHOUSE=2,SKIP_QTY_ON_HAND,BA0000714 Delta Faucet Company,BA0000714,Delta Faucet Company,HIGH,Current StockItem VendorDetails contains 1 vendor row(s); selected first active VendorID BA0000714.,,FOUND,SKIP_QTY_ON_HAND
73550-CZ,Delta Saylor Tissue Holder - Champagne Bronze,Delta Saylor Tissue Holder - Champagne Bronze,PLUMBING,PLUMBING,PLUMB-LOT,BOISE WAREHOUSE=1,SKIP_QTY_ON_HAND,BA0000714 Delta Faucet Company,BA0000714,Delta Faucet Company,HIGH,Current StockItem VendorDetails contains 1 vendor row(s); selected first active VendorID BA0000714.,,FOUND,SKIP_QTY_ON_HAND
73560-CZ,Delta Saylor Tank Lever - Champagne Bronze,Delta Saylor Tank Lever - Champagne Bronze,PLUMBING,PLUMBING,PLUMB-LOT,BOISE WAREHOUSE=1,SKIP_QTY_ON_HAND,BA0000714 Delta Faucet Company,BA0000714,Delta Faucet Company,HIGH,Current StockItem VendorDetails contains 1 vendor row(s); selected first active VendorID BA0000714.,,FOUND,SKIP_QTY_ON_HAND
735SS,Basket Strainer - Stainless Steel,Basket Strainer - Stainless Steel,PLUMBING,PLUMBING,PLUMB-LOT,SALT LAKE PLUMBING=0,ELIGIBLE,,,,NONE,No current VendorDetails row and no deterministic existing StockItem pattern met the audit threshold.,,FOUND,VENDOR_REVIEW_REQUIRED
73651#726,"Inverso Single Lever Washbasin Mixer With Stop And Go Assembly, Diamantato - Warm Bronze Brushed PVD","Inverso Single Lever Washbasin Mixer With Stop And Go Assembly, Diamantato - Warm Bronze Brushed PVD",PLUMBING,PLUMBING,PLUMB-LOT,SALT LAKE PLUMBING=0,ELIGIBLE,,,,NONE,No current VendorDetails row and no deterministic existing StockItem pattern met the audit threshold.,,FOUND,VENDOR_REVIEW_REQUIRED
738903-2950A,American Standard Left Hand Trip Lever - Brushed Nickel,American Standard Left Hand Trip Lever - Brushed Nickel,PLUMBING,PLUMBING,PLUMB-LOT,BOISE WAREHOUSE=0,ELIGIBLE,,,,NONE,No current VendorDetails row and no deterministic existing StockItem pattern met the audit threshold.,,FOUND,VENDOR_REVIEW_REQUIRED
74-9-BBU,"Tamalpais 9"" Hand Towel Bar - Burnished Brass","Tamalpais 9"" Hand Towel Bar - Burnished Brass",PLUMBING,PLUMBING,PLUMB-LOT,(no WarehouseDetails rows),ELIGIBLE,,,,NONE,No current VendorDetails row and no deterministic existing StockItem pattern met the audit threshold.,,FOUND,VENDOR_REVIEW_REQUIRED
74-9-SBZ,"Tamalpais 9"" Hand Towel Bar - Satin Bronze","Tamalpais 9"" Hand Towel Bar - Satin Bronze",PLUMBING,PLUMBING,PLUMB-LOT,SALT LAKE APPLIANCES=0,ELIGIBLE,,,,NONE,No current VendorDetails row and no deterministic existing StockItem pattern met the audit threshold.,,FOUND,VENDOR_REVIEW_REQUIRED
7507PBNL,"Madison 18"" Pull 1/2"" Spindle - Polished Brass No Lacquer","Madison 18"" Pull 1/2"" Spindle - Polished Brass No Lacquer",PLUMBING,PLUMBING,PLUMB-LOT,(no WarehouseDetails rows),ELIGIBLE,,,,NONE,No current VendorDetails row and no deterministic existing StockItem pattern met the audit threshold.,,FOUND,VENDOR_REVIEW_REQUIRED
78460-CZ,Delta Broderick Tank Lever - Champagne Bronze,Delta Broderick Tank Lever - Champagne Bronze,PLUMBING,PLUMBING,PLUMB-LOT,BOISE WAREHOUSE=1,SKIP_QTY_ON_HAND,BA0000714 Delta Faucet Company,BA0000714,Delta Faucet Company,HIGH,Current StockItem VendorDetails contains 1 vendor row(s); selected first active VendorID BA0000714.,,FOUND,SKIP_QTY_ON_HAND
78935-SS,Delta Tetra Robe Hook - Stainless,Delta Tetra Robe Hook - Stainless,PLUMBING,PLUMBING,PLUMB-LOT,BOISE WAREHOUSE=1,SKIP_QTY_ON_HAND,BA0000714 Delta Faucet Company,BA0000714,Delta Faucet Company,HIGH,Current StockItem VendorDetails contains 1 vendor row(s); selected first active VendorID BA0000714.,,FOUND,SKIP_QTY_ON_HAND
78960-SS,Delta Tetra Tank Lever - Stainless,Delta Tetra Tank Lever - Stainless,PLUMBING,PLUMBING,PLUMB-LOT,BOISE WAREHOUSE=1,SKIP_QTY_ON_HAND,BA0000714 Delta Faucet Company,BA0000714,Delta Faucet Company,HIGH,Current StockItem VendorDetails contains 1 vendor row(s); selected first active VendorID BA0000714.,,FOUND,SKIP_QTY_ON_HAND
80002125,"3/4"" In-Line Stop / Volume Control Valve","3/4"" In-Line Stop / Volume Control Valve",PLUMBING,PLUMBING,PLUMB-LOT,SALT LAKE PLUMBING=0,ELIGIBLE,,,,NONE,No current VendorDetails row and no deterministic existing StockItem pattern met the audit threshold.,,FOUND,VENDOR_REVIEW_REQUIRED
8002ZB-SBZ,"Descanso Works 8"" Widespread Lavatory Faucet with ZeroDrain - Satin Bronze","Descanso Works 8"" Widespread Lavatory Faucet with ZeroDrain - Satin Bronze",PLUMBING,PLUMBING,PLUMB-LOT,SALT LAKE PLUMBING=0,ELIGIBLE,,BA0000006,California Faucets,MEDIUM,brand-token DESCANSO suggests BA0000006 in 17/17 existing vendor-populated StockItems; manual review required.,,FOUND,VENDOR_REVIEW_REQUIRED
8042-LBL,"10"" 90° Showerarm With Escutcheon - Light Blue","10"" 90° Showerarm With Escutcheon - Light Blue",PLUMBING,PLUMBING,PLUMB-LOT,(no WarehouseDetails rows),ELIGIBLE,,,,NONE,No current VendorDetails row and no deterministic existing StockItem pattern met the audit threshold.,,FOUND,VENDOR_REVIEW_REQUIRED
813110-GL,"Brizo Roccesco 12"" Single Function Halo Raincan Shower Head, 1.75 GPM - Luxe Gold","Brizo Roccesco 12"" Single Function Halo Raincan Shower Head, 1.75 GPM - Luxe Gold",PLUMBING,PLUMBING,PLUMB-LOT,SALT LAKE APPLIANCES=0; SALT LAKE PLUMBING=1,SKIP_QTY_ON_HAND,BA0000714 Delta Faucet Company,BA0000714,Delta Faucet Company,HIGH,Current StockItem VendorDetails contains 1 vendor row(s); selected first active VendorID BA0000714.,,FOUND,SKIP_QTY_ON_HAND
813110-GL-2.5,"Brizo Roccesco 12"" Single Function Halo Raincan Shower Head, 2.5 GPM - Luxe Gold","Brizo Roccesco 12"" Single Function Halo Raincan Shower Head, 2.5 GPM - Luxe Gold",PLUMBING,PLUMBING,PLUMB-LOT,BOISE WAREHOUSE=0,ELIGIBLE,BA0000677 Mountain West Marketing,BA0000677,Mountain West Marketing,HIGH,Current StockItem VendorDetails contains 1 vendor row(s); selected first active VendorID BA0000677.,,FOUND,READY
83200979-19,Towel Ring Round - Dark Chrome,Towel Ring Round - Dark Chrome,PLUMBING,PLUMBING,PLUMB-LOT,SALT LAKE PLUMBING=0,ELIGIBLE,BA0000715 Dornbracht GmbH & Co. KG,BA0000715,Dornbracht GmbH & Co. KG,HIGH,Current StockItem VendorDetails contains 1 vendor row(s); selected first active VendorID BA0000715.,,FOUND,READY
83250976-99,Hook - Brushed Dark Platinum,Hook - Brushed Dark Platinum,PLUMBING,PLUMBING,PLUMB-LOT,(no WarehouseDetails rows),ELIGIBLE,,,,NONE,No current VendorDetails row and no deterministic existing StockItem pattern met the audit threshold.,,FOUND,VENDOR_REVIEW_REQUIRED
83500979-19,Tissue Holder Without Cover - Dark Chrome,Tissue Holder Without Cover - Dark Chrome,PLUMBING,PLUMBING,PLUMB-LOT,SALT LAKE PLUMBING=0,ELIGIBLE,BA0000715 Dornbracht GmbH & Co. KG,BA0000715,Dornbracht GmbH & Co. KG,HIGH,Current StockItem VendorDetails contains 1 vendor row(s); selected first active VendorID BA0000715.,,FOUND,READY
83500979-99,Tissue Holder Without Cover - Brushed Dark Platinum,Tissue Holder Without Cover - Brushed Dark Platinum,PLUMBING,PLUMBING,PLUMB-LOT,(no WarehouseDetails rows),ELIGIBLE,,,,NONE,No current VendorDetails row and no deterministic existing StockItem pattern met the audit threshold.,,FOUND,VENDOR_REVIEW_REQUIRED
83865-PG,Beauclere Shower Arm And Flange - Polished Gold,Beauclere Shower Arm And Flange - Polished Gold,PLUMBING,PLUMBING,PLUMB-LOT,SALT LAKE PLUMBING=0,ELIGIBLE,BA0000714 Delta Faucet Company,BA0000714,Delta Faucet Company,HIGH,Current StockItem VendorDetails contains 1 vendor row(s); selected first active VendorID BA0000714.,,FOUND,READY
83865-PN,Brizo Beauclere Shower Arm And Flange - Polished Nickel,Brizo Beauclere Shower Arm And Flange - Polished Nickel,PLUMBING,PLUMBING,PLUMB-LOT,SALT LAKE PLUMBING=0,ELIGIBLE,BA0000714 Delta Faucet Company,BA0000714,Delta Faucet Company,HIGH,Current StockItem VendorDetails contains 1 vendor row(s); selected first active VendorID BA0000714.,,FOUND,READY
8669046,Waste Disposer Throat - Gunmetal,Waste Disposer Throat - Gunmetal,PLUMBING,PLUMBING,PLUMB-LOT,SALT LAKE PLUMBING=0,ELIGIBLE,,,,NONE,No current VendorDetails row and no deterministic existing StockItem pattern met the audit threshold.,,FOUND,VENDOR_REVIEW_REQUIRED
86958145,Milano Young Slide Bar - Polished Nickel PVD,Milano Young Slide Bar - Polished Nickel PVD,PLUMBING,PLUMBING,PLUMB-LOT,(no WarehouseDetails rows),ELIGIBLE,,BA0000006,California Faucets,MEDIUM,brand-token SLIDE suggests BA0000006 in 48/50 existing vendor-populated StockItems; manual review required.,,FOUND,VENDOR_REVIEW_REQUIRED
86958146U,9 7/8'' Round Showerhead - Polished Nickel PVD,9 7/8'' Round Showerhead - Polished Nickel PVD,PLUMBING,PLUMBING,PLUMB-LOT,(no WarehouseDetails rows),ELIGIBLE,,,,NONE,No current VendorDetails row and no deterministic existing StockItem pattern met the audit threshold.,,FOUND,VENDOR_REVIEW_REQUIRED
86958147U,Icona Classic Wall Mount Adjustable Showerhead - Polished Nickel PVD,Icona Classic Wall Mount Adjustable Showerhead - Polished Nickel PVD,PLUMBING,PLUMBING,PLUMB-LOT,(no WarehouseDetails rows),ELIGIBLE,,,,NONE,No current VendorDetails row and no deterministic existing StockItem pattern met the audit threshold.,,FOUND,VENDOR_REVIEW_REQUIRED
86959236U,"10"" Ceiling Mount Shower Arm - Polished Nickel PVD","10"" Ceiling Mount Shower Arm - Polished Nickel PVD",PLUMBING,PLUMBING,PLUMB-LOT,(no WarehouseDetails rows),ELIGIBLE,,,,NONE,No current VendorDetails row and no deterministic existing StockItem pattern met the audit threshold.,,FOUND,VENDOR_REVIEW_REQUIRED
86P68136UC,"Icona Classic 8'' Round Showerhead, Restricted To 1.8 Gpm - Matte British Gold PVD","Icona Classic 8'' Round Showerhead, Restricted To 1.8 Gpm - Matte British Gold PVD",PLUMBING,PLUMBING,PLUMB-LOT,SALT LAKE APPLIANCES=0,ELIGIBLE,,,,NONE,No current VendorDetails row and no deterministic existing StockItem pattern met the audit threshold.,,FOUND,VENDOR_REVIEW_REQUIRED
873111-GL-2.5,"Brizo Roccesco Multi Function Sconce Wall Mount Shower Head With Jointed Shower Arm and Flange, 2.5 GPM - Luxe Gold","Brizo Roccesco Multi Function Sconce Wall Mount Shower Head With Jointed Shower Arm and Flange, 2.5 GPM - Luxe Gold",PLUMBING,PLUMBING,PLUMB-LOT,BOISE WAREHOUSE=0,ELIGIBLE,BA0000677 Mountain West Marketing,BA0000677,Mountain West Marketing,HIGH,Current StockItem VendorDetails contains 1 vendor row(s); selected first active VendorID BA0000677.,,FOUND,READY
87435-GL-2.5,"Litze 8” H2OKinetic Round Multi Function Wall Mount Showerhead, 2.5 GPM - Luxe Gold","Litze 8” H2OKinetic Round Multi Function Wall Mount Showerhead, 2.5 GPM - Luxe Gold",PLUMBING,PLUMBING,PLUMB-LOT,SALT LAKE PLUMBING=0,ELIGIBLE,,,,NONE,No current VendorDetails row and no deterministic existing StockItem pattern met the audit threshold.,,FOUND,VENDOR_REVIEW_REQUIRED
87465-PN,Brizo Beauclere H2Okinetic Multi Function Shower Head - Polished Nickel,Brizo Beauclere H2Okinetic Multi Function Shower Head - Polished Nickel,PLUMBING,PLUMBING,PLUMB-LOT,SALT LAKE PLUMBING=0,ELIGIBLE,BA0000714 Delta Faucet Company,BA0000714,Delta Faucet Company,HIGH,Current StockItem VendorDetails contains 1 vendor row(s); selected first active VendorID BA0000714.,,FOUND,READY
8795R700BU,Icona Classic 3/4'' Thermostatic Shower Mixer Without Volume Control - Polished Nickel PVD,Icona Classic 3/4'' Thermostatic Shower Mixer Without Volume Control - Polished Nickel PVD,PLUMBING,PLUMBING,PLUMB-LOT,(no WarehouseDetails rows),ELIGIBLE,,,,NONE,No current VendorDetails row and no deterministic existing StockItem pattern met the audit threshold.,,FOUND,VENDOR_REVIEW_REQUIRED
87-9-PN,"Capitola 9"" Hand Towel Bar - Polished Nickel","Capitola 9"" Hand Towel Bar - Polished Nickel",PLUMBING,PLUMBING,PLUMB-LOT,(no WarehouseDetails rows),ELIGIBLE,,,,NONE,No current VendorDetails row and no deterministic existing StockItem pattern met the audit threshold.,,FOUND,VENDOR_REVIEW_REQUIRED
87P6R700BU,Icona Classic 3/4'' Thermostatic Shower Mixer Without Volume Control - Matte British Gold PVD,Icona Classic 3/4'' Thermostatic Shower Mixer Without Volume Control - Matte British Gold PVD,PLUMBING,PLUMBING,PLUMB-LOT,SALT LAKE APPLIANCES=0,ELIGIBLE,,,,NONE,No current VendorDetails row and no deterministic existing StockItem pattern met the audit threshold.,,FOUND,VENDOR_REVIEW_REQUIRED
87-RH-PN,Capitola Robe Hook - Polished Nickel,Capitola Robe Hook - Polished Nickel,PLUMBING,PLUMBING,PLUMB-LOT,(no WarehouseDetails rows),ELIGIBLE,,,,NONE,No current VendorDetails row and no deterministic existing StockItem pattern met the audit threshold.,,FOUND,VENDOR_REVIEW_REQUIRED
87-STP-PN,Capitola Single Post Toilet Paper Holder - Polished Nickel,Capitola Single Post Toilet Paper Holder - Polished Nickel,PLUMBING,PLUMBING,PLUMB-LOT,(no WarehouseDetails rows),ELIGIBLE,,,,NONE,No current VendorDetails row and no deterministic existing StockItem pattern met the audit threshold.,,FOUND,VENDOR_REVIEW_REQUIRED
88765-PG,Beauclere Multi Function Slide Bar Hand Shower - Polished Gold,Beauclere Multi Function Slide Bar Hand Shower - Polished Gold,PLUMBING,PLUMBING,PLUMB-LOT,SALT LAKE PLUMBING=0,ELIGIBLE,BA0000714 Delta Faucet Company,BA0000714,Delta Faucet Company,HIGH,Current StockItem VendorDetails contains 1 vendor row(s); selected first active VendorID BA0000714.,,FOUND,READY
88765-PN,Brizo Beauclere Multi Function Slide Bar Hand Shower - Polished Nickel,Brizo Beauclere Multi Function Slide Bar Hand Shower - Polished Nickel,PLUMBING,PLUMBING,PLUMB-LOT,SALT LAKE PLUMBING=0,ELIGIBLE,BA0000714 Delta Faucet Company,BA0000714,Delta Faucet Company,HIGH,Current StockItem VendorDetails contains 1 vendor row(s); selected first active VendorID BA0000714.,,FOUND,READY
8881-TSQ632-LBL,Jaclo Uptown Contempo Faucet With Square Escutcheons And Low Lever Handles - Light Blue,Jaclo Uptown Contempo Faucet With Square Escutcheons And Low Lever Handles - Light Blue,PLUMBING,PLUMBING,PLUMB-LOT,SALT LAKE PLUMBING=0,ELIGIBLE,BA0000733 Jaclo,BA0000733,Jaclo,HIGH,Current StockItem VendorDetails contains 1 vendor row(s); selected first active VendorID BA0000733.,,FOUND,READY
88867-BL,Brizo Allaria Multi Function Wall Mount Handshower - Matte Black,Brizo Allaria Multi Function Wall Mount Handshower - Matte Black,PLUMBING,PLUMBING,PLUMB-LOT,BOISE WAREHOUSE=2,SKIP_QTY_ON_HAND,BA0000714 Delta Faucet Company,BA0000714,Delta Faucet Company,HIGH,Current StockItem VendorDetails contains 1 vendor row(s); selected first active VendorID BA0000714.,,FOUND,SKIP_QTY_ON_HAND
88867-NK,Allaria Multi function Wall Mount Handshower - Luxe Nickel,Allaria Multi function Wall Mount Handshower - Luxe Nickel,PLUMBING,PLUMBING,PLUMB-LOT,SALT LAKE HARDWARE=0,ELIGIBLE,,BA0000714,Delta Faucet Company,MEDIUM,brand-token ALLARIA suggests BA0000714 in 9/9 existing vendor-populated StockItems; manual review required.,,FOUND,VENDOR_REVIEW_REQUIRED
890-1250-15S,"Astor 24"" Towel Bar - Satin Nickel","Astor 24"" Towel Bar - Satin Nickel",PLUMBING,PLUMBING,PLUMB-LOT,(no WarehouseDetails rows),ELIGIBLE,,,,NONE,No current VendorDetails row and no deterministic existing StockItem pattern met the audit threshold.,,FOUND,VENDOR_REVIEW_REQUIRED
890-1410-15S,Astor Towel Ring - Satin Nickel,Astor Towel Ring - Satin Nickel,PLUMBING,PLUMBING,PLUMB-LOT,(no WarehouseDetails rows),ELIGIBLE,,,,NONE,No current VendorDetails row and no deterministic existing StockItem pattern met the audit threshold.,,FOUND,VENDOR_REVIEW_REQUIRED
890-1510-03N,Astor Hanging Toilet Tissue Holder - Uncoated Polished Brass,Astor Hanging Toilet Tissue Holder - Uncoated Polished Brass,PLUMBING,PLUMBING,PLUMB-LOT,SALT LAKE APPLIANCES=0; SALT LAKE PLUMBING=0,ELIGIBLE,BA0000714 Delta Faucet Company,BA0000714,Delta Faucet Company,HIGH,Current StockItem VendorDetails contains 1 vendor row(s); selected first active VendorID BA0000714.,,FOUND,READY
890-1510-15S,Astor Hanging Toilet Tissue Holder - Satin Nickel,Astor Hanging Toilet Tissue Holder - Satin Nickel,PLUMBING,PLUMBING,PLUMB-LOT,(no WarehouseDetails rows),ELIGIBLE,,,,NONE,No current VendorDetails row and no deterministic existing StockItem pattern met the audit threshold.,,FOUND,VENDOR_REVIEW_REQUIRED
890-1660-03N,Astor Double Robe Hook - Uncoated Polished Brass,Astor Double Robe Hook - Uncoated Polished Brass,PLUMBING,PLUMBING,PLUMB-LOT,SALT LAKE APPLIANCES=0; SALT LAKE PLUMBING=0,ELIGIBLE,BA0000714 Delta Faucet Company,BA0000714,Delta Faucet Company,HIGH,Current StockItem VendorDetails contains 1 vendor row(s); selected first active VendorID BA0000714.,,FOUND,READY
890-1660-15S,Astor Double Robe Hook - Satin Nickel,Astor Double Robe Hook - Satin Nickel,PLUMBING,PLUMBING,PLUMB-LOT,(no WarehouseDetails rows),ELIGIBLE,,,,NONE,No current VendorDetails row and no deterministic existing StockItem pattern met the audit threshold.,,FOUND,VENDOR_REVIEW_REQUIRED
899110-12-GL,"Brizo Roccesco 12"" Ceiling Mount Shower Arm And Flange - Brilliance Luxe Gold","Brizo Roccesco 12"" Ceiling Mount Shower Arm And Flange - Brilliance Luxe Gold",PLUMBING,PLUMBING,PLUMB-LOT,BOISE WAREHOUSE=0,ELIGIBLE,BA0000677 Mountain West Marketing,BA0000677,Mountain West Marketing,HIGH,Current StockItem VendorDetails contains 1 vendor row(s); selected first active VendorID BA0000677.,,FOUND,READY
899110-6-GL,"Brizo Roccesco 6"" Ceiling Mount Shower Arm and Flange - Brilliance Black Onyx","Brizo Roccesco 6"" Ceiling Mount Shower Arm and Flange - Brilliance Black Onyx",PLUMBING,PLUMBING,PLUMB-LOT,SALT LAKE APPLIANCES=0; SALT LAKE PLUMBING=1,SKIP_QTY_ON_HAND,BA0000714 Delta Faucet Company,BA0000714,Delta Faucet Company,HIGH,Current StockItem VendorDetails contains 1 vendor row(s); selected first active VendorID BA0000714.,,FOUND,SKIP_QTY_ON_HAND
901-1/047,Phylrich Grid Drain - Antique Brass,Phylrich Grid Drain - Antique Brass,PLUMBING,PLUMBING,PLUMB-LOT,BOISE WAREHOUSE=2,SKIP_QTY_ON_HAND,BA0016237 Phylrich,BA0016237,Phylrich,HIGH,Current StockItem VendorDetails contains 1 vendor row(s); selected first active VendorID BA0016237.,,FOUND,SKIP_QTY_ON_HAND
90958938U,Icona Classic Icona Handshower - Polished Nickel PVD,Icona Classic Icona Handshower - Polished Nickel PVD,PLUMBING,PLUMBING,PLUMB-LOT,(no WarehouseDetails rows),ELIGIBLE,,,,NONE,No current VendorDetails row and no deterministic existing StockItem pattern met the audit threshold.,,FOUND,VENDOR_REVIEW_REQUIRED
9100W213U,Fantini Aboutwater Easy Fix System,Fantini Aboutwater Easy Fix System,PLUMBING,PLUMBING,PLUMB-LOT,SALT LAKE PLUMBING=0,ELIGIBLE,"BA0010852 Fantini USA, Inc",BA0010852,"Fantini USA, Inc",HIGH,Current StockItem VendorDetails contains 1 vendor row(s); selected first active VendorID BA0010852.,,FOUND,READY
9112-C2-SB,"California Faucets Doheny 12"" Wall Shower Arm, Octagon Base - Satin Brass","California Faucets Doheny 12"" Wall Shower Arm, Octagon Base - Satin Brass",PLUMBING,PLUMBING,PLUMB-LOT,BOISE WAREHOUSE=0,ELIGIBLE,BA0000006 California Faucets,BA0000006,California Faucets,HIGH,Current StockItem VendorDetails contains 1 vendor row(s); selected first active VendorID BA0000006.,,FOUND,READY
9113-C1-BTB,"California FaucetsTrousdale 20"" Wall Shower Arm, Round Base - Bella Terra Bronze","California FaucetsTrousdale 20"" Wall Shower Arm, Round Base - Bella Terra Bronze",PLUMBING,PLUMBING,PLUMB-LOT,BOISE WAREHOUSE=5,SKIP_QTY_ON_HAND,BA0000006 California Faucets,BA0000006,California Faucets,HIGH,Current StockItem VendorDetails contains 1 vendor row(s); selected first active VendorID BA0000006.,,FOUND,SKIP_QTY_ON_HAND
9113-CZ-DST,Essa Single Handle Pull Down Kitchen Faucet - Champagne Bronze,Essa Single Handle Pull Down Kitchen Faucet - Champagne Bronze,PLUMBING,PLUMBING,PLUMB-LOT,BOISE WAREHOUSE=0,ELIGIBLE,BA0000677 Mountain West Marketing,BA0000677,Mountain West Marketing,HIGH,Current StockItem VendorDetails contains 2 vendor row(s); selected first active VendorID BA0000677.,,FOUND,READY
9116-65-6-CB,"6"" Ceiling Shower Arm, Round Base - Carbon","6"" Ceiling Shower Arm, Round Base - Carbon",PLUMBING,PLUMBING,PLUMB-LOT,SALT LAKE PLUMBING=0,ELIGIBLE,,BA0000006,California Faucets,HIGH,prefix 9116 maps to BA0000006 in 38/38 existing vendor-populated StockItems.,,FOUND,READY
9116-65-6-SBZ,"6"" Ceiling Shower Arm, Round Base - Satin Bronze","6"" Ceiling Shower Arm, Round Base - Satin Bronze",PLUMBING,PLUMBING,PLUMB-LOT,SALT LAKE PLUMBING=0,ELIGIBLE,,BA0000006,California Faucets,HIGH,prefix 9116 maps to BA0000006 in 38/38 existing vendor-populated StockItems.,,FOUND,READY
9116-77-6-SB,"Cal Faucets 6"" Ceiling Shower Arm, Square Base - Satin Brass","Cal Faucets 6"" Ceiling Shower Arm, Square Base - Satin Brass",PLUMBING,PLUMBING,PLUMB-LOT,BOISE WAREHOUSE=1,SKIP_QTY_ON_HAND,BA0000006 California Faucets,BA0000006,California Faucets,HIGH,Current StockItem VendorDetails contains 1 vendor row(s); selected default active VendorID BA0000006.,,FOUND,SKIP_QTY_ON_HAND
9125-45-PN,"Wall Mounted Handshower Kit, Concave - Polished Nickel","Wall Mounted Handshower Kit, Concave - Polished Nickel",PLUMBING,PLUMBING,PLUMB-LOT,SALT LAKE APPLIANCES=0; SALT LAKE PLUMBING=0,ELIGIBLE,,,,NONE,No current VendorDetails row and no deterministic existing StockItem pattern met the audit threshold.,,FOUND,VENDOR_REVIEW_REQUIRED
9125-45-SBZ,"Wall Mounted Handshower Kit, Concave - Satin Bronze","Wall Mounted Handshower Kit, Concave - Satin Bronze",PLUMBING,PLUMBING,PLUMB-LOT,SALT LAKE APPLIANCES=0; SALT LAKE PLUMBING=0,ELIGIBLE,,,,NONE,No current VendorDetails row and no deterministic existing StockItem pattern met the audit threshold.,,FOUND,VENDOR_REVIEW_REQUIRED
9125-C2-SB,"California Faucets Wall Mounted Handshower Kit, Octagonal - Satin Brass","California Faucets Wall Mounted Handshower Kit, Octagonal - Satin Brass",PLUMBING,PLUMBING,PLUMB-LOT,BOISE WAREHOUSE=0,ELIGIBLE,BA0000006 California Faucets,BA0000006,California Faucets,HIGH,Current StockItem VendorDetails contains 1 vendor row(s); selected first active VendorID BA0000006.,,FOUND,READY
9126-45-ORB,"Rincon Bay Wall Mounted Handshower Kit, Concave Base - Oil Rubbed Bronze","Rincon Bay Wall Mounted Handshower Kit, Concave Base - Oil Rubbed Bronze",PLUMBING,PLUMBING,PLUMB-LOT,SALT LAKE PLUMBING=0,ELIGIBLE,BA0000006 California Faucets,BA0000006,California Faucets,HIGH,Current StockItem VendorDetails contains 1 vendor row(s); selected first active VendorID BA0000006.,,FOUND,READY
9126-45-SBZ,"Rincon Bay Wall Mounted Handshower Kit, Concave Base - Satin Bronze","Rincon Bay Wall Mounted Handshower Kit, Concave Base - Satin Bronze",PLUMBING,PLUMBING,PLUMB-LOT,(no WarehouseDetails rows),ELIGIBLE,,BA0000006,California Faucets,HIGH,prefix 9126 maps to BA0000006 in 44/44 existing vendor-populated StockItems.,,FOUND,READY
9126-65-BNU,"Tiburon Wall Mounted Handshower Kit, Round Base - Burnished Nickel","Tiburon Wall Mounted Handshower Kit, Round Base - Burnished Nickel",PLUMBING,PLUMBING,PLUMB-LOT,SALT LAKE PLUMBING=0,ELIGIBLE,,BA0000006,California Faucets,HIGH,prefix 9126 maps to BA0000006 in 44/44 existing vendor-populated StockItems.,,FOUND,READY
9126-87-ABF,Capitola Wall Mounted Handshower Kit - Antique Brass Flat,Capitola Wall Mounted Handshower Kit - Antique Brass Flat,PLUMBING,PLUMBING,PLUMB-LOT,(no WarehouseDetails rows),ELIGIBLE,,BA0000006,California Faucets,HIGH,prefix 9126 maps to BA0000006 in 44/44 existing vendor-populated StockItems.,,FOUND,READY
9126S-65-BLKN,"Tiburon Swivel Wall Mounted Handshower Kit, Round - Black Nickel","Tiburon Swivel Wall Mounted Handshower Kit, Round - Black Nickel",PLUMBING,PLUMBING,PLUMB-LOT,(no WarehouseDetails rows),ELIGIBLE,,BA0000006,California Faucets,HIGH,prefix 9126 maps to BA0000006 in 44/44 existing vendor-populated StockItems.,,FOUND,READY
9126S-65-BNU,"Tiburon Swivel Wall Mounted Handshower Kit, Round - Burnished Nickel","Tiburon Swivel Wall Mounted Handshower Kit, Round - Burnished Nickel",PLUMBING,PLUMBING,PLUMB-LOT,(no WarehouseDetails rows),ELIGIBLE,,BA0000006,California Faucets,HIGH,prefix 9126 maps to BA0000006 in 44/44 existing vendor-populated StockItems.,,FOUND,READY
9126S-65-BTB,"Tiburon Swivel Wall Mounted Handshower Kit, Round - Bella Terra Bronze","Tiburon Swivel Wall Mounted Handshower Kit, Round - Bella Terra Bronze",PLUMBING,PLUMBING,PLUMB-LOT,(no WarehouseDetails rows),ELIGIBLE,,BA0000006,California Faucets,HIGH,prefix 9126 maps to BA0000006 in 44/44 existing vendor-populated StockItems.,,FOUND,READY
9127-30K-CB,"Descanso Slide Bar Handshower Kit, Knurled Lever Handle with Concave Base - Carbon","Descanso Slide Bar Handshower Kit, Knurled Lever Handle with Concave Base - Carbon",PLUMBING,PLUMBING,PLUMB-LOT,SALT LAKE PLUMBING=0,ELIGIBLE,,BA0000006,California Faucets,HIGH,prefix 9127 maps to BA0000006 in 58/58 existing vendor-populated StockItems.,,FOUND,READY
9127-30K-PC,"Descanso Slide Bar Handshower Kit, Knurled Lever Handle with Concave Base - Polished Chrome","Descanso Slide Bar Handshower Kit, Knurled Lever Handle with Concave Base - Polished Chrome",PLUMBING,PLUMBING,PLUMB-LOT,(no WarehouseDetails rows),ELIGIBLE,,BA0000006,California Faucets,HIGH,prefix 9127 maps to BA0000006 in 58/58 existing vendor-populated StockItems.,,FOUND,READY
9127-65-SN,"Slide Bar Handshower Kit, Cross Handle with Round Base - Satin Nickel","Slide Bar Handshower Kit, Cross Handle with Round Base - Satin Nickel",PLUMBING,PLUMBING,PLUMB-LOT,(no WarehouseDetails rows),ELIGIBLE,,BA0000006,California Faucets,HIGH,prefix 9127 maps to BA0000006 in 58/58 existing vendor-populated StockItems.,,FOUND,READY
9127-74-ABF,"Slide Bar Handshower Kit, Lever Handle with Round Base - Antique Brass Flat","Slide Bar Handshower Kit, Lever Handle with Round Base - Antique Brass Flat",PLUMBING,PLUMBING,PLUMB-LOT,BOISE WAREHOUSE=0,ELIGIBLE,BA0000006 California Faucets,BA0000006,California Faucets,HIGH,Current StockItem VendorDetails contains 1 vendor row(s); selected first active VendorID BA0000006.,,FOUND,READY
9127-80-SBZ,"Slide Bar Handshower Kit, Lever Handle with Concave Base - Satin Bronze","Slide Bar Handshower Kit, Lever Handle with Concave Base - Satin Bronze",PLUMBING,PLUMBING,PLUMB-LOT,SALT LAKE PLUMBING=0,ELIGIBLE,,BA0000006,California Faucets,HIGH,prefix 9127 maps to BA0000006 in 58/58 existing vendor-populated StockItems.,,FOUND,READY
9127-80WR-SN,"Slide Bar Handshower Kit, Red Wheel Handle with Concave Base - Satin Nickel","Slide Bar Handshower Kit, Red Wheel Handle with Concave Base - Satin Nickel",PLUMBING,PLUMBING,PLUMB-LOT,(no WarehouseDetails rows),ELIGIBLE,,BA0000006,California Faucets,HIGH,prefix 9127 maps to BA0000006 in 58/58 existing vendor-populated StockItems.,,FOUND,READY
9127-GB24-41-GRP,"Cayucos 24"" Grab Bar Handshower Kit, Lever Handle with Line Base - Graphite","Cayucos 24"" Grab Bar Handshower Kit, Lever Handle with Line Base - Graphite",PLUMBING,PLUMBING,PLUMB-LOT,SALT LAKE PLUMBING=0,ELIGIBLE,,BA0000006,California Faucets,HIGH,prefix 9127 maps to BA0000006 in 58/58 existing vendor-populated StockItems.,,FOUND,READY
91959417U,Milano Wall Mount Water Outlet Square Escutcheon - Polished Nickel PVD,Milano Wall Mount Water Outlet Square Escutcheon - Polished Nickel PVD,PLUMBING,PLUMBING,PLUMB-LOT,(no WarehouseDetails rows),ELIGIBLE,,,,NONE,No current VendorDetails row and no deterministic existing StockItem pattern met the audit threshold.,,FOUND,VENDOR_REVIEW_REQUIRED
91Q77034U,Fantini Milano Wall Mount Water Outlet Round Escutcheon - Pure Brass PVD,Fantini Milano Wall Mount Water Outlet Round Escutcheon - Pure Brass PVD,PLUMBING,PLUMBING,PLUMB-LOT,SALT LAKE APPLIANCES=0; SALT LAKE PLUMBING=1; JACKSON WAREHOUSE=0,SKIP_QTY_ON_HAND,"BA0010852 Fantini USA, Inc",BA0010852,"Fantini USA, Inc",HIGH,Current StockItem VendorDetails contains 1 vendor row(s); selected first active VendorID BA0010852.,,FOUND,SKIP_QTY_ON_HAND
9224-LBL,"Jaclo 27 1/2"" Contemporary Wall Bar - Light Blue","Jaclo 27 1/2"" Contemporary Wall Bar - Light Blue",PLUMBING,PLUMBING,PLUMB-LOT,SALT LAKE PLUMBING=1,SKIP_QTY_ON_HAND,BA0000733 Jaclo,BA0000733,Jaclo,HIGH,Current StockItem VendorDetails contains 1 vendor row(s); selected first active VendorID BA0000733.,,FOUND,SKIP_QTY_ON_HAND
93P6H806,Icona 12'' Towel Bar - Matte British Gold PVD,Icona 12'' Towel Bar - Matte British Gold PVD,PLUMBING,PLUMBING,PLUMB-LOT,SALT LAKE APPLIANCES=0,ELIGIBLE,,,,NONE,No current VendorDetails row and no deterministic existing StockItem pattern met the audit threshold.,,FOUND,VENDOR_REVIEW_REQUIRED
93P6H807,Icona 24'' Towel Bar - Matte British Gold PVD,Icona 24'' Towel Bar - Matte British Gold PVD,PLUMBING,PLUMBING,PLUMB-LOT,SALT LAKE APPLIANCES=0,ELIGIBLE,,,,NONE,No current VendorDetails row and no deterministic existing StockItem pattern met the audit threshold.,,FOUND,VENDOR_REVIEW_REQUIRED
93P6H808,Icona Wall Mount Hook - Matte British Gold PVD,Icona Wall Mount Hook - Matte British Gold PVD,PLUMBING,PLUMBING,PLUMB-LOT,SALT LAKE APPLIANCES=0,ELIGIBLE,,,,NONE,No current VendorDetails row and no deterministic existing StockItem pattern met the audit threshold.,,FOUND,VENDOR_REVIEW_REQUIRED
93P6H845,Icona Toilet Paper Holder - Matte British Gold PVD,Icona Toilet Paper Holder - Matte British Gold PVD,PLUMBING,PLUMBING,PLUMB-LOT,SALT LAKE APPLIANCES=0,ELIGIBLE,,,,NONE,No current VendorDetails row and no deterministic existing StockItem pattern met the audit threshold.,,FOUND,VENDOR_REVIEW_REQUIRED
9458-SG,Toilet Tank Trip Lever to Fit TOTO - Satin Gold,Toilet Tank Trip Lever to Fit TOTO - Satin Gold,PLUMBING,PLUMBING,PLUMB-LOT,(no WarehouseDetails rows),ELIGIBLE,,,,NONE,No current VendorDetails row and no deterministic existing StockItem pattern met the audit threshold.,,FOUND,VENDOR_REVIEW_REQUIRED
9485-10B,"Newport Brass East Linear Pot Filler, Wall Mount - Oil Rubbed Bronze","Newport Brass East Linear Pot Filler, Wall Mount - Oil Rubbed Bronze",PLUMBING,PLUMBING,PLUMB-LOT,SALT LAKE PLUMBING=0,ELIGIBLE,BA0000714 Delta Faucet Company,BA0000714,Delta Faucet Company,HIGH,Current StockItem VendorDetails contains 1 vendor row(s); selected first active VendorID BA0000714.,,FOUND,READY
9620-K55-TG-SBZ,California Faucets La Spezia Cold Water Dispenser - Satin Bronze,California Faucets La Spezia Cold Water Dispenser - Satin Bronze,PLUMBING,PLUMBING,PLUMB-LOT,SALT LAKE APPLIANCES=0; SALT LAKE PLUMBING=0,ELIGIBLE,BA0000006 California Faucets,BA0000006,California Faucets,HIGH,Current StockItem VendorDetails contains 1 vendor row(s); selected first active VendorID BA0000006.,,FOUND,READY
973-009D,Pfister Shower Arm - Polished Nickel,Pfister Shower Arm - Polished Nickel,PLUMBING,PLUMBING,PLUMB-LOT,SALT LAKE APPLIANCES=0; SALT LAKE PLUMBING=0,ELIGIBLE,BA0000676 The Lovell Company,BA0000676,The Lovell Company,HIGH,Current StockItem VendorDetails contains 2 vendor row(s); selected first active VendorID BA0000676.,,FOUND,READY
990LS-10B,East Linear Widespread Lavatory Faucet - Oil Rubbed Bronze,East Linear Widespread Lavatory Faucet - Oil Rubbed Bronze,PLUMBING,PLUMBING,PLUMB-LOT,SALT LAKE PLUMBING=0,ELIGIBLE,BA0000714 Delta Faucet Company,BA0000714,Delta Faucet Company,HIGH,Current StockItem VendorDetails contains 1 vendor row(s); selected first active VendorID BA0000714.,,FOUND,READY
990LS-15,East Linear Widespread Lavatory Faucet - Polished Nickel,East Linear Widespread Lavatory Faucet - Polished Nickel,PLUMBING,PLUMBING,PLUMB-LOT,SALT LAKE PLUMBING=0,ELIGIBLE,BA0000714 Delta Faucet Company,BA0000714,Delta Faucet Company,HIGH,Current StockItem VendorDetails contains 1 vendor row(s); selected first active VendorID BA0000714.,,FOUND,READY
A426-TRIM-LBL,Jaclo Contempo Round Plate With Round Lever Trim For Pressure Balance Cycling Valve J-Csv - Light Blue,Jaclo Contempo Round Plate With Round Lever Trim For Pressure Balance Cycling Valve J-Csv - Light Blue,PLUMBING,PLUMBING,PLUMB-LOT,SALT LAKE PLUMBING=2,SKIP_QTY_ON_HAND,BA0000733 Jaclo,BA0000733,Jaclo,HIGH,Current StockItem VendorDetails contains 1 vendor row(s); selected first active VendorID BA0000733.,,FOUND,SKIP_QTY_ON_HAND
A82-19,"A82 Push-button Pneumatic Remote For In-wall Carriers, Single Button - Natural Brass","A82 Push-button Pneumatic Remote For In-wall Carriers, Single Button - Natural Brass",PLUMBING,PLUMBING,PLUMB-LOT,(no WarehouseDetails rows),ELIGIBLE,,,,NONE,No current VendorDetails row and no deterministic existing StockItem pattern met the audit threshold.,,FOUND,VENDOR_REVIEW_REQUIRED
AARD08BN,Arca Widespread Lavatory Faucet With C-Spout - Brushed Nickel,Arca Widespread Lavatory Faucet With C-Spout - Brushed Nickel,PLUMBING,PLUMBING,PLUMB-LOT,(no WarehouseDetails rows),ELIGIBLE,,,,NONE,No current VendorDetails row and no deterministic existing StockItem pattern met the audit threshold.,,FOUND,VENDOR_REVIEW_REQUIRED
AAS01BK,Arca Single Handle Lavatory Faucet - Black,Arca Single Handle Lavatory Faucet - Black,PLUMBING,PLUMBING,PLUMB-LOT,(no WarehouseDetails rows),ELIGIBLE,,,,NONE,No current VendorDetails row and no deterministic existing StockItem pattern met the audit threshold.,,FOUND,VENDOR_REVIEW_REQUIRED
ATDSN69ID-WHWT,"Barclay Mortana 69"" Acrylic Double Slipper Tub - Gloss White","Barclay Mortana 69"" Acrylic Double Slipper Tub - Gloss White",PLUMBING,PLUMBING,PLUMB-LOT,BOISE WAREHOUSE=0,ELIGIBLE,BA0000708 Barclay Products,BA0000708,Barclay Products,HIGH,Current StockItem VendorDetails contains 1 vendor row(s); selected first active VendorID BA0000708.,,FOUND,READY
ATOVN59EIG-MB,"Barclay Oswald 59"" Acrylic Freestanding Tub With Integral Drain And Overflow - Matte Black","Barclay Oswald 59"" Acrylic Freestanding Tub With Integral Drain And Overflow - Matte Black",PLUMBING,PLUMBING,PLUMB-LOT,BOISE WAREHOUSE=1,SKIP_QTY_ON_HAND,BA0000708 Barclay Products,BA0000708,Barclay Products,HIGH,Current StockItem VendorDetails contains 1 vendor row(s); selected first active VendorID BA0000708.,,FOUND,SKIP_QTY_ON_HAND
ATOVN66IDS-DG,"Barclay Harper 67"" Acrylic Tub - Dusk Grey","Barclay Harper 67"" Acrylic Tub - Dusk Grey",PLUMBING,PLUMBING,PLUMB-LOT,BOISE WAREHOUSE=0,ELIGIBLE,BA0000708 Barclay Products,BA0000708,Barclay Products,HIGH,Current StockItem VendorDetails contains 1 vendor row(s); selected first active VendorID BA0000708.,,FOUND,READY
ATOVN66IDS-WHWT,"Barclay Harper 67"" Acrylic Tub - Gloss White","Barclay Harper 67"" Acrylic Tub - Gloss White",PLUMBING,PLUMBING,PLUMB-LOT,BOISE WAREHOUSE=0; SALT LAKE PLUMBING=0,ELIGIBLE,BA0000708 Barclay Products,BA0000708,Barclay Products,HIGH,Current StockItem VendorDetails contains 1 vendor row(s); selected first active VendorID BA0000708.,,FOUND,READY
ATOVN67IDS-WHWT,"Nyla 67"" Acrylic Tub - Gloss White","Nyla 67"" Acrylic Tub - Gloss White",PLUMBING,PLUMBING,PLUMB-LOT,BOISE WAREHOUSE=0,ELIGIBLE,,BA0000708,Barclay Products,HIGH,prefix ATOVN maps to BA0000708 in 4/4 existing vendor-populated StockItems.,,FOUND,READY
B016AB,Oval Botanical Drop In Or Undermount Sink - Antique Bronze,Oval Botanical Drop In Or Undermount Sink - Antique Bronze,PLUMBING,PLUMBING,PLUMB-LOT,(no WarehouseDetails rows),ELIGIBLE,,,,NONE,No current VendorDetails row and no deterministic existing StockItem pattern met the audit threshold.,,FOUND,VENDOR_REVIEW_REQUIRED
B3T14B-NDN,Bond Three Way Thermostatic Diverter Valve Trim With Roman Numerals And Two-Tone Guilloche Lines Knob Handle - Nickel / Dark Nickel,Bond Three Way Thermostatic Diverter Valve Trim With Roman Numerals And Two-Tone Guilloche Lines Knob Handle - Nickel / Dark Nickel,PLUMBING,PLUMBING,PLUMB-LOT,(no WarehouseDetails rows),ELIGIBLE,,BA0000008,"Waterworks Operating Co., LLC",MEDIUM,brand-token BOND suggests BA0000008 in 34/34 existing vendor-populated StockItems; manual review required.,,FOUND,VENDOR_REVIEW_REQUIRED
BADGER5W/C,"Insinkerator Badger 5 Garbage Disposal With Cord, 1/2 Hp","Insinkerator Badger 5 Garbage Disposal With Cord, 1/2 Hp",PLUMBING,PLUMBING,PLUMB-LOT,BOISE WAREHOUSE=0,ELIGIBLE,BA0000536 Southwest Plumbing Supply,BA0000536,Southwest Plumbing Supply,HIGH,Current StockItem VendorDetails contains 1 vendor row(s); selected first active VendorID BA0000536.,,FOUND,READY
BBRLOB,Basic Butler Steam Shower Control Package With Round iTempo Control And Linear Steamhead - Oil Rubbed Bronze,Basic Butler Steam Shower Control Package With Round iTempo Control And Linear Steamhead - Oil Rubbed Bronze,PLUMBING,PLUMBING,PLUMB-LOT,SALT LAKE PLUMBING=0,ELIGIBLE,BA0000753 Atmos Project LLC DBA Mr. Steam,BA0000753,Atmos Project LLC DBA Mr. Steam,HIGH,Current StockItem VendorDetails contains 1 vendor row(s); selected first active VendorID BA0000753.,,FOUND,READY
BBRLST,Basic Butler Steam Shower Control Package With Round iTempo Control And Linear Steamhead - Satin Steel,Basic Butler Steam Shower Control Package With Round iTempo Control And Linear Steamhead - Satin Steel,PLUMBING,PLUMBING,PLUMB-LOT,SALT LAKE PLUMBING=0,ELIGIBLE,,BA0000753,Atmos Project LLC DBA Mr. Steam,HIGH,brand-token STEAM maps to BA0000753 in 27/27 existing vendor-populated StockItems.,,FOUND,READY
BCH3OF00T-01,Charism Oval 6436 Oval Freestanding Thermomasseur - White,Charism Oval 6436 Oval Freestanding Thermomasseur - White,PLUMBING,PLUMBING,PLUMB-LOT,SALT LAKE PLUMBING=0,ELIGIBLE,,,,NONE,No current VendorDetails row and no deterministic existing StockItem pattern met the audit threshold.,,FOUND,VENDOR_REVIEW_REQUIRED
BCHRO6,Illuzio,Illuzio,PLUMBING,PLUMBING,PLUMB-LOT,SALT LAKE PLUMBING=0,ELIGIBLE,,,,NONE,No current VendorDetails row and no deterministic existing StockItem pattern met the audit threshold.,,FOUND,VENDOR_REVIEW_REQUIRED
BFBKPC,Butler Flex Steam Shower Control Package With TempoFlex Control And Steamhead - Black / Polished Chrome,Butler Flex Steam Shower Control Package With TempoFlex Control And Steamhead - Black / Polished Chrome,PLUMBING,PLUMBING,PLUMB-LOT,(no WarehouseDetails rows),ELIGIBLE,,BA0000753,Atmos Project LLC DBA Mr. Steam,HIGH,brand-token STEAM maps to BA0000753 in 27/27 existing vendor-populated StockItems.,,FOUND,READY
BISLDD,Island Tub Drain,Island Tub Drain,PLUMBING,PLUMBING,PLUMB-LOT,SALT LAKE PLUMBING=0; JACKSON WAREHOUSE=0,ELIGIBLE,,,,NONE,No current VendorDetails row and no deterministic existing StockItem pattern met the audit threshold.,,FOUND,VENDOR_REVIEW_REQUIRED
BKM120-18MN,Bond One Hole Gooseneck Integrated Pull Spray Kitchen Faucet With Straight Lever Handle - Matte Nickel,Bond One Hole Gooseneck Integrated Pull Spray Kitchen Faucet With Straight Lever Handle - Matte Nickel,PLUMBING,PLUMBING,PLUMB-LOT,SALT LAKE PLUMBING=0,ELIGIBLE,,BA0000008,"Waterworks Operating Co., LLC",HIGH,prefix BKM maps to BA0000008 in 7/7 existing vendor-populated StockItems.,,FOUND,READY
BKM490-12MN,Bond One Hole Gooseneck Bar Faucet With Straight Lever Handle - Matte Nickel,Bond One Hole Gooseneck Bar Faucet With Straight Lever Handle - Matte Nickel,PLUMBING,PLUMBING,PLUMB-LOT,SALT LAKE PLUMBING=0,ELIGIBLE,,BA0000008,"Waterworks Operating Co., LLC",HIGH,prefix BKM maps to BA0000008 in 7/7 existing vendor-populated StockItems.,,FOUND,READY
BKM490-12VTB,Bond One Hole Gooseneck Bar Faucet With Straight Lever Handle - Vintage Brass,Bond One Hole Gooseneck Bar Faucet With Straight Lever Handle - Vintage Brass,PLUMBING,PLUMBING,PLUMB-LOT,SALT LAKE PLUMBING=0,ELIGIBLE,,BA0000008,"Waterworks Operating Co., LLC",HIGH,prefix BKM maps to BA0000008 in 7/7 existing vendor-populated StockItems.,,FOUND,READY
BLS32A-12N,Waterworks Bond Wall Mounted Lavatory Faucet With Guilloche Lines Single Lever Handle - Nickel,Waterworks Bond Wall Mounted Lavatory Faucet With Guilloche Lines Single Lever Handle - Nickel,PLUMBING,PLUMBING,PLUMB-LOT,SALT LAKE PLUMBING=2,SKIP_QTY_ON_HAND,"BA0000008 Waterworks Operating Co., LLC",BA0000008,"Waterworks Operating Co., LLC",HIGH,Current StockItem VendorDetails contains 1 vendor row(s); selected first active VendorID BA0000008.,,FOUND,SKIP_QTY_ON_HAND
BLS720-12VTB,Bond Wall Mounted Lavatory Faucet With Straight Lever Handles - Vintage Brass,Bond Wall Mounted Lavatory Faucet With Straight Lever Handles - Vintage Brass,PLUMBING,PLUMBING,PLUMB-LOT,SALT LAKE PLUMBING=0,ELIGIBLE,,BA0000008,"Waterworks Operating Co., LLC",HIGH,prefix BLS7 maps to BA0000008 in 3/3 existing vendor-populated StockItems.,,FOUND,READY
BLS72B-12NDN,Bond Wall Mounted Lavatory Faucet With Two-Tone Lever Handles - Nickel / Dark Nickel,Bond Wall Mounted Lavatory Faucet With Two-Tone Lever Handles - Nickel / Dark Nickel,PLUMBING,PLUMBING,PLUMB-LOT,(no WarehouseDetails rows),ELIGIBLE,,BA0000008,"Waterworks Operating Co., LLC",HIGH,prefix BLS7 maps to BA0000008 in 3/3 existing vendor-populated StockItems.,,FOUND,READY
BLS75C-12N,Bond Wall Mounted Lavatory Faucet With Guilloche Link Knob Handles - Nickel,Bond Wall Mounted Lavatory Faucet With Guilloche Link Knob Handles - Nickel,PLUMBING,PLUMBING,PLUMB-LOT,(no WarehouseDetails rows),ELIGIBLE,,BA0000008,"Waterworks Operating Co., LLC",HIGH,prefix BLS7 maps to BA0000008 in 3/3 existing vendor-populated StockItems.,,FOUND,READY
BNCL12-N,"Waterworks Bond 12"" Ceiling Mounted Shower Arm With Flange - Nickel","Waterworks Bond 12"" Ceiling Mounted Shower Arm With Flange - Nickel",PLUMBING,PLUMBING,PLUMB-LOT,SALT LAKE PLUMBING=1,SKIP_QTY_ON_HAND,"BA0000008 Waterworks Operating Co., LLC",BA0000008,"Waterworks Operating Co., LLC",HIGH,Current StockItem VendorDetails contains 1 vendor row(s); selected default active VendorID BA0000008.,,FOUND,SKIP_QTY_ON_HAND
BNWL06-DN,"Bond 6"" Wall Mounted 45 Degree Shower Arm With Flange - Dark Nickel","Bond 6"" Wall Mounted 45 Degree Shower Arm With Flange - Dark Nickel",PLUMBING,PLUMBING,PLUMB-LOT,(no WarehouseDetails rows),ELIGIBLE,,BA0000008,"Waterworks Operating Co., LLC",MEDIUM,brand-token BOND suggests BA0000008 in 34/34 existing vendor-populated StockItems; manual review required.,,FOUND,VENDOR_REVIEW_REQUIRED
BOVERINZF-32,Integrated Overflow Zenflow  - Matte White,Integrated Overflow Zenflow  - Matte White,PLUMBING,PLUMBING,PLUMB-LOT,SALT LAKE PLUMBING=0,ELIGIBLE,,,,NONE,No current VendorDetails row and no deterministic existing StockItem pattern met the audit threshold.,,FOUND,VENDOR_REVIEW_REQUIRED
BPH001-BB,Bond One Arm Paper Holder - Burnished Brass,Bond One Arm Paper Holder - Burnished Brass,PLUMBING,PLUMBING,PLUMB-LOT,(no WarehouseDetails rows),ELIGIBLE,,BA0000008,"Waterworks Operating Co., LLC",HIGH,prefix BPH001 maps to BA0000008 in 3/3 existing vendor-populated StockItems.,,FOUND,READY
BPH001-VTB,Bond One Arm Paper Holder - Vintage Brass,Bond One Arm Paper Holder - Vintage Brass,PLUMBING,PLUMBING,PLUMB-LOT,SALT LAKE PLUMBING=0,ELIGIBLE,,BA0000008,"Waterworks Operating Co., LLC",HIGH,prefix BPH001 maps to BA0000008 in 3/3 existing vendor-populated StockItems.,,FOUND,READY
BPH006-B,Bond One Arm Paper Holder With Shelf - Brass,Bond One Arm Paper Holder With Shelf - Brass,PLUMBING,PLUMBING,PLUMB-LOT,(no WarehouseDetails rows),ELIGIBLE,,BA0000008,"Waterworks Operating Co., LLC",HIGH,prefix BPH00 maps to BA0000008 in 3/3 existing vendor-populated StockItems.,,FOUND,READY
BPH-SP0D,Pfister Havenridge Toilet Paper Holder - Polished Nickel,Pfister Havenridge Toilet Paper Holder - Polished Nickel,PLUMBING,PLUMBING,PLUMB-LOT,SALT LAKE APPLIANCES=0; SALT LAKE PLUMBING=0,ELIGIBLE,,,,NONE,No current VendorDetails row and no deterministic existing StockItem pattern met the audit threshold.,,FOUND,VENDOR_REVIEW_REQUIRED
BPH-WND,Winter Park Toilet Paper Holder - Polished Nickel,Winter Park Toilet Paper Holder - Polished Nickel,PLUMBING,PLUMBING,PLUMB-LOT,SALT LAKE APPLIANCES=0; SALT LAKE PLUMBING=0,ELIGIBLE,,,,NONE,No current VendorDetails row and no deterministic existing StockItem pattern met the audit threshold.,,FOUND,VENDOR_REVIEW_REQUIRED
BRB-SP0D,Pfister Havenridge Towel Ring - Polished Nickel,Pfister Havenridge Towel Ring - Polished Nickel,PLUMBING,PLUMBING,PLUMB-LOT,SALT LAKE APPLIANCES=0; SALT LAKE PLUMBING=0,ELIGIBLE,BA0000676 The Lovell Company,BA0000676,The Lovell Company,HIGH,Current StockItem VendorDetails contains 2 vendor row(s); selected first active VendorID BA0000676.,,FOUND,READY
BRB-WND,Pfister Winter Park Towel Ring - Polished Nickel,Pfister Winter Park Towel Ring - Polished Nickel,PLUMBING,PLUMBING,PLUMB-LOT,SALT LAKE APPLIANCES=0; SALT LAKE PLUMBING=0,ELIGIBLE,,,,NONE,No current VendorDetails row and no deterministic existing StockItem pattern met the audit threshold.,,FOUND,VENDOR_REVIEW_REQUIRED
BRH001-BB,Bond Robe Hook - Burnished Brass,Bond Robe Hook - Burnished Brass,PLUMBING,PLUMBING,PLUMB-LOT,(no WarehouseDetails rows),ELIGIBLE,,BA0000008,"Waterworks Operating Co., LLC",HIGH,prefix BRH0 maps to BA0000008 in 7/7 existing vendor-populated StockItems.,,FOUND,READY
BRH0G1-N,Bond Single Sided Glass Mounted Hook - Nickel,Bond Single Sided Glass Mounted Hook - Nickel,PLUMBING,PLUMBING,PLUMB-LOT,SALT LAKE APPLIANCES=0,ELIGIBLE,,BA0000008,"Waterworks Operating Co., LLC",HIGH,brand-token WATERWORKS maps to BA0000008 in 244/244 existing vendor-populated StockItems.,,FOUND,READY
BRH0G2-BB,Bond Double Sided Glass Mounted Hook - Burnished Brass,Bond Double Sided Glass Mounted Hook - Burnished Brass,PLUMBING,PLUMBING,PLUMB-LOT,(no WarehouseDetails rows),ELIGIBLE,,BA0000008,"Waterworks Operating Co., LLC",HIGH,prefix BRH0 maps to BA0000008 in 7/7 existing vendor-populated StockItems.,,FOUND,READY
BRH-SP0D,Pfister Havenridge Robe Hook - Polished Nickel,Pfister Havenridge Robe Hook - Polished Nickel,PLUMBING,PLUMBING,PLUMB-LOT,SALT LAKE APPLIANCES=0; SALT LAKE PLUMBING=0,ELIGIBLE,,,,NONE,No current VendorDetails row and no deterministic existing StockItem pattern met the audit threshold.,,FOUND,VENDOR_REVIEW_REQUIRED
BRH-TB0D,Pfister Tisbury Robe Hook - Polished Nickel,Pfister Tisbury Robe Hook - Polished Nickel,PLUMBING,PLUMBING,PLUMB-LOT,SALT LAKE APPLIANCES=0; SALT LAKE PLUMBING=0,ELIGIBLE,,,,NONE,No current VendorDetails row and no deterministic existing StockItem pattern met the audit threshold.,,FOUND,VENDOR_REVIEW_REQUIRED
BT021204-GL,Odin Straight Supply Stop Valve With Cross Handle - Luxe Gold,Odin Straight Supply Stop Valve With Cross Handle - Luxe Gold,PLUMBING,PLUMBING,PLUMB-LOT,BOISE WAREHOUSE=0,ELIGIBLE,BA0000714 Delta Faucet Company,BA0000714,Delta Faucet Company,HIGH,Current StockItem VendorDetails contains 1 vendor row(s); selected first active VendorID BA0000714.,,FOUND,READY
BT18G2-N,"Bond 18"" Double Sided Glass Mounted Towel Bars - Nickel","Bond 18"" Double Sided Glass Mounted Towel Bars - Nickel",PLUMBING,PLUMBING,PLUMB-LOT,SALT LAKE APPLIANCES=0,ELIGIBLE,,BA0000008,"Waterworks Operating Co., LLC",HIGH,brand-token WATERWORKS maps to BA0000008 in 244/244 existing vendor-populated StockItems.,,FOUND,READY
BTB010-VTB,"Bond 10"" Guest Towel Bar - Vintage Brass","Bond 10"" Guest Towel Bar - Vintage Brass",PLUMBING,PLUMBING,PLUMB-LOT,SALT LAKE PLUMBING=0,ELIGIBLE,,BA0000008,"Waterworks Operating Co., LLC",MEDIUM,brand-token BOND suggests BA0000008 in 34/34 existing vendor-populated StockItems; manual review required.,,FOUND,VENDOR_REVIEW_REQUIRED
BTH24B-NDN,Bond Round Thermostatic Control Valve Trim With Two-Tone Guilloche Lines Knob Handle - Nickel / Dark Nickel,Bond Round Thermostatic Control Valve Trim With Two-Tone Guilloche Lines Knob Handle - Nickel / Dark Nickel,PLUMBING,PLUMBING,PLUMB-LOT,(no WarehouseDetails rows),ELIGIBLE,,BA0000008,"Waterworks Operating Co., LLC",HIGH,prefix BTH maps to BA0000008 in 5/5 existing vendor-populated StockItems.,,FOUND,READY
BTH25C-N,Bond Round Thermostatic Control Valve Trim With Guilloche Link Knob Handle - Nickel,Bond Round Thermostatic Control Valve Trim With Guilloche Link Knob Handle - Nickel,PLUMBING,PLUMBING,PLUMB-LOT,SALT LAKE PLUMBING=0,ELIGIBLE,,BA0000008,"Waterworks Operating Co., LLC",HIGH,prefix BTH maps to BA0000008 in 5/5 existing vendor-populated StockItems.,,FOUND,READY
BTH64A-N,Waterworks Bond Integrated Thermostatic And Dual Volume Control Valve Trim With Guilloche Lines Knob Handles - Nickel,Waterworks Bond Integrated Thermostatic And Dual Volume Control Valve Trim With Guilloche Lines Knob Handles - Nickel,PLUMBING,PLUMBING,PLUMB-LOT,SALT LAKE PLUMBING=1,SKIP_QTY_ON_HAND,"BA0000008 Waterworks Operating Co., LLC",BA0000008,"Waterworks Operating Co., LLC",HIGH,Current StockItem VendorDetails contains 1 vendor row(s); selected first active VendorID BA0000008.,,FOUND,SKIP_QTY_ON_HAND
BTS001-N,Bond Wall Mounted Tub Spout - Nickel,Bond Wall Mounted Tub Spout - Nickel,PLUMBING,PLUMBING,PLUMB-LOT,SALT LAKE PLUMBING=0,ELIGIBLE,,BA0000008,"Waterworks Operating Co., LLC",MEDIUM,brand-token BOND suggests BA0000008 in 34/34 existing vendor-populated StockItems; manual review required.,,FOUND,VENDOR_REVIEW_REQUIRED
BTSB,ButlerTouch Steam Shower Control Package With TempoTouch Control And Steamhead - Satin Brass,ButlerTouch Steam Shower Control Package With TempoTouch Control And Steamhead - Satin Brass,PLUMBING,PLUMBING,PLUMB-LOT,BOISE WAREHOUSE=0,ELIGIBLE,BA0000753 Atmos Project LLC DBA Mr. Steam,BA0000753,Atmos Project LLC DBA Mr. Steam,HIGH,Current StockItem VendorDetails contains 1 vendor row(s); selected first active VendorID BA0000753.,,FOUND,READY
BVC14A-N,Bond Volume Control With Guilloche Lines Knob Handle - Nickel,Bond Volume Control With Guilloche Lines Knob Handle - Nickel,PLUMBING,PLUMBING,PLUMB-LOT,SALT LAKE PLUMBING=0,ELIGIBLE,,BA0000008,"Waterworks Operating Co., LLC",MEDIUM,brand-token BOND suggests BA0000008 in 34/34 existing vendor-populated StockItems; manual review required.,,FOUND,VENDOR_REVIEW_REQUIRED
BVEL2,Ultra Velour Option Group 2,Ultra Velour Option Group 2,PLUMBING,PLUMBING,PLUMB-LOT,SALT LAKE PLUMBING=0,ELIGIBLE,,,,NONE,No current VendorDetails row and no deterministic existing StockItem pattern met the audit threshold.,,FOUND,VENDOR_REVIEW_REQUIRED
BXBKBL,XButler Steam Shower Control Package With iSteamX Control And Steamhead - Black / Brilliant Black,XButler Steam Shower Control Package With iSteamX Control And Steamhead - Black / Brilliant Black,PLUMBING,PLUMBING,PLUMB-LOT,SALT LAKE PLUMBING=0,ELIGIBLE,,BA0000753,Atmos Project LLC DBA Mr. Steam,HIGH,brand-token STEAM maps to BA0000753 in 27/27 existing vendor-populated StockItems.,,FOUND,READY
BXBKOB,XButler Steam Shower Control Package With iSteamX Control And Steamhead - Black / Oil Rubbed Bronze,XButler Steam Shower Control Package With iSteamX Control And Steamhead - Black / Oil Rubbed Bronze,PLUMBING,PLUMBING,PLUMB-LOT,SALT LAKE HARDWARE=0,ELIGIBLE,,BA0000753,Atmos Project LLC DBA Mr. Steam,HIGH,brand-token STEAM maps to BA0000753 in 27/27 existing vendor-populated StockItems.,,FOUND,READY
BXBKPC,XButler Steam Shower Control Package With iSteamX Control And Steamhead - Black / Polished Chrome,XButler Steam Shower Control Package With iSteamX Control And Steamhead - Black / Polished Chrome,PLUMBING,PLUMBING,PLUMB-LOT,SALT LAKE CLOSEOUT=0; BOISE WAREHOUSE=0,ELIGIBLE,BA0000753 Atmos Project LLC DBA Mr. Steam,BA0000753,Atmos Project LLC DBA Mr. Steam,HIGH,Current StockItem VendorDetails contains 1 vendor row(s); selected first active VendorID BA0000753.,,FOUND,READY
BXLWHPC,XButler Steam Shower Control Package With iSteamX Control And Linear Steamhead - White / Polished Chrome,XButler Steam Shower Control Package With iSteamX Control And Linear Steamhead - White / Polished Chrome,PLUMBING,PLUMBING,PLUMB-LOT,SALT LAKE APPLIANCES=0; SALT LAKE PLUMBING=0,ELIGIBLE,,BA0000753,Atmos Project LLC DBA Mr. Steam,HIGH,brand-token STEAM maps to BA0000753 in 27/27 existing vendor-populated StockItems.,,FOUND,READY
BXT37A-18N,Waterworks Bond Floor Mounted Exposed Tub Filler With Handshower And Guilloche Lines Lever Handles - Nickel,Waterworks Bond Floor Mounted Exposed Tub Filler With Handshower And Guilloche Lines Lever Handles - Nickel,PLUMBING,PLUMBING,PLUMB-LOT,SALT LAKE PLUMBING=0,ELIGIBLE,"BA0000008 Waterworks Operating Co., LLC",BA0000008,"Waterworks Operating Co., LLC",HIGH,Current StockItem VendorDetails contains 1 vendor row(s); selected first active VendorID BA0000008.,,FOUND,READY
BXWHBN,XButler Steam Shower Control Package With iSteamX Control And Linear Steamhead - White / Brushed Nickel,XButler Steam Shower Control Package With iSteamX Control And Linear Steamhead - White / Brushed Nickel,PLUMBING,PLUMBING,PLUMB-LOT,SALT LAKE PLUMBING=0,ELIGIBLE,,BA0000753,Atmos Project LLC DBA Mr. Steam,HIGH,brand-token STEAM maps to BA0000753 in 27/27 existing vendor-populated StockItems.,,FOUND,READY
BZWA5931-18,Opus Waltz Tub 5931 Drain Cover - White,Opus Waltz Tub 5931 Drain Cover - White,PLUMBING,PLUMBING,PLUMB-LOT,BOISE WAREHOUSE=0,ELIGIBLE,,,,NONE,No current VendorDetails row and no deterministic existing StockItem pattern met the audit threshold.,,FOUND,VENDOR_REVIEW_REQUIRED
C04-33BL,"Granite Farmhouse Sink, Chiseled Apron - Black","Granite Farmhouse Sink, Chiseled Apron - Black",PLUMBING,PLUMBING,PLUMB-LOT,SALT LAKE PLUMBING=0,ELIGIBLE,,,,NONE,No current VendorDetails row and no deterministic existing StockItem pattern met the audit threshold.,,FOUND,VENDOR_REVIEW_REQUIRED
C04-33FLTNB,"Farmhouse Sink, Fluted Apron - Honed Noce Basalt","Farmhouse Sink, Fluted Apron - Honed Noce Basalt",PLUMBING,PLUMBING,PLUMB-LOT,SALT LAKE PLUMBING=0,ELIGIBLE,,,,NONE,No current VendorDetails row and no deterministic existing StockItem pattern met the audit threshold.,,FOUND,VENDOR_REVIEW_REQUIRED
C108-ETS.20-ANF,California Faucets Christopher Grubb Single Hole Floor Mount Tub Filler - Antique Nickel Flat,California Faucets Christopher Grubb Single Hole Floor Mount Tub Filler - Antique Nickel Flat,PLUMBING,PLUMBING,PLUMB-LOT,BOISE WAREHOUSE=0,ELIGIBLE,BA0000006 California Faucets,BA0000006,California Faucets,HIGH,Current StockItem VendorDetails contains 1 vendor row(s); selected first active VendorID BA0000006.,,FOUND,READY
C108-ETW.20-ORB,"California Faucets Christopher Grubb Wall Mount Tub Filler, Lever Handles - Oil Rubbed Bronze","California Faucets Christopher Grubb Wall Mount Tub Filler, Lever Handles - Oil Rubbed Bronze",PLUMBING,PLUMBING,PLUMB-LOT,BOISE WAREHOUSE=0,ELIGIBLE,BA0000006 California Faucets,BA0000006,California Faucets,HIGH,Current StockItem VendorDetails contains 1 vendor row(s); selected first active VendorID BA0000006.,,FOUND,READY
C202ZB-SB,"California Faucets Doheny 8"" Widespread Lavatory Faucet with ZeroDrain - Satin Brass","California Faucets Doheny 8"" Widespread Lavatory Faucet with ZeroDrain - Satin Brass",PLUMBING,PLUMBING,PLUMB-LOT,BOISE WAREHOUSE=0,ELIGIBLE,BA0000006 California Faucets,BA0000006,California Faucets,HIGH,Current StockItem VendorDetails contains 1 vendor row(s); selected first active VendorID BA0000006.,,FOUND,READY
C46-68DCL,Papillon Granite Bathtub - Desert Cream Limestone,Papillon Granite Bathtub - Desert Cream Limestone,PLUMBING,PLUMBING,PLUMB-LOT,SALT LAKE PLUMBING=0,ELIGIBLE,,BA0000736,Lacava LLC,MEDIUM,brand-token BATHTUB suggests BA0000736 in 5/5 existing vendor-populated StockItems; manual review required.,,FOUND,VENDOR_REVIEW_REQUIRED
C90-27SKMT,"Stone Forest Vintage Washbasin, No Splash - Marquina Taupe Marble","Stone Forest Vintage Washbasin, No Splash - Marquina Taupe Marble",PLUMBING,PLUMBING,PLUMB-LOT,SALT LAKE PLUMBING=0,ELIGIBLE,BA0000751 Stone Forest,BA0000751,Stone Forest,HIGH,Current StockItem VendorDetails contains 1 vendor row(s); selected first active VendorID BA0000751.,,FOUND,READY
CASK18-WHI,"Clayburn Fireclay Prep Sink 17 1/2"" X 18 3/8"" X 7 7/8"" With Center Drain - White","Clayburn Fireclay Prep Sink 17 1/2"" X 18 3/8"" X 7 7/8"" With Center Drain - White",PLUMBING,PLUMBING,PLUMB-LOT,SALT LAKE PLUMBING=0,ELIGIBLE,,,,NONE,No current VendorDetails row and no deterministic existing StockItem pattern met the audit threshold.,,FOUND,VENDOR_REVIEW_REQUIRED
CBBT01-WHI,"Colette Freestanding Oval Bathtub 70"" X 32"" X 24"" - White","Colette Freestanding Oval Bathtub 70"" X 32"" X 24"" - White",PLUMBING,PLUMBING,PLUMB-LOT,(no WarehouseDetails rows),ELIGIBLE,,BA0000736,Lacava LLC,MEDIUM,brand-token BATHTUB suggests BA0000736 in 5/5 existing vendor-populated StockItems; manual review required.,,FOUND,VENDOR_REVIEW_REQUIRED
CDA22,"Compact Clamp Down Drain ABS 2"" Throat, 2"" Outlet","Compact Clamp Down Drain ABS 2"" Throat, 2"" Outlet",PLUMBING,PLUMBING,PLUMB-LOT,BOISE WAREHOUSE=0,ELIGIBLE,BA0000731 Infinity Drain,BA0000731,Infinity Drain,HIGH,Current StockItem VendorDetails contains 1 vendor row(s); selected first active VendorID BA0000731.,,FOUND,READY
CEKM10-18BOK,Canteen One Hole High Profile Kitchen Faucet With Oak Lever Handle And Spray - Oak / Brass,Canteen One Hole High Profile Kitchen Faucet With Oak Lever Handle And Spray - Oak / Brass,PLUMBING,PLUMBING,PLUMB-LOT,SALT LAKE PLUMBING=0,ELIGIBLE,,,,NONE,No current VendorDetails row and no deterministic existing StockItem pattern met the audit threshold.,,FOUND,VENDOR_REVIEW_REQUIRED
CEKM30-22VTBOK,Waterworks Canteen One Hole Integrated Pull Spray Kitchen Faucet With Oak Lever Handle - Vintage Brass,Waterworks Canteen One Hole Integrated Pull Spray Kitchen Faucet With Oak Lever Handle - Vintage Brass,PLUMBING,PLUMBING,PLUMB-LOT,SALT LAKE PLUMBING=0,ELIGIBLE,"BA0000008 Waterworks Operating Co., LLC",BA0000008,"Waterworks Operating Co., LLC",HIGH,Current StockItem VendorDetails contains 1 vendor row(s); selected first active VendorID BA0000008.,,FOUND,READY
CKM414-12VTBWA,Henry Chronos One Hole Bar Faucet With Walnut Lever Handle - Vintage Brass,Henry Chronos One Hole Bar Faucet With Walnut Lever Handle - Vintage Brass,PLUMBING,PLUMBING,PLUMB-LOT,(no WarehouseDetails rows),ELIGIBLE,,BA0000008,"Waterworks Operating Co., LLC",HIGH,prefix CKM maps to BA0000008 in 3/3 existing vendor-populated StockItems.,,FOUND,READY
CKM815-NCE,Henry Chronos Low Profile Bar Faucet With Leather Lever Handle - Nickel,Henry Chronos Low Profile Bar Faucet With Leather Lever Handle - Nickel,PLUMBING,PLUMBING,PLUMB-LOT,SALT LAKE PLUMBING=0,ELIGIBLE,,BA0000008,"Waterworks Operating Co., LLC",HIGH,prefix CKM maps to BA0000008 in 3/3 existing vendor-populated StockItems.,,FOUND,READY
CLS311-12DB,Henry Chronos Wall Mounted Lavatory Faucet With Lever Handles - Dark Brass,Henry Chronos Wall Mounted Lavatory Faucet With Lever Handles - Dark Brass,PLUMBING,PLUMBING,PLUMB-LOT,(no WarehouseDetails rows),ELIGIBLE,,BA0000008,"Waterworks Operating Co., LLC",MEDIUM,brand-token HENRY suggests BA0000008 in 53/53 existing vendor-populated StockItems; manual review required.,,FOUND,VENDOR_REVIEW_REQUIRED
CLS314-12BBWA,Henry Chronos Wall Mounted Lavatory Faucet With Walnut Lever Handles - Walnut / Burnished Brass,Henry Chronos Wall Mounted Lavatory Faucet With Walnut Lever Handles - Walnut / Burnished Brass,PLUMBING,PLUMBING,PLUMB-LOT,(no WarehouseDetails rows),ELIGIBLE,,BA0000008,"Waterworks Operating Co., LLC",MEDIUM,brand-token HENRY suggests BA0000008 in 53/53 existing vendor-populated StockItems; manual review required.,,FOUND,VENDOR_REVIEW_REQUIRED
CNCH12-DB,"Henry Chronos 12"" Ceiling Mounted Shower Arm With Flange - Dark Brass","Henry Chronos 12"" Ceiling Mounted Shower Arm With Flange - Dark Brass",PLUMBING,PLUMBING,PLUMB-LOT,(no WarehouseDetails rows),ELIGIBLE,,BA0000008,"Waterworks Operating Co., LLC",MEDIUM,brand-token HENRY suggests BA0000008 in 53/53 existing vendor-populated StockItems; manual review required.,,FOUND,VENDOR_REVIEW_REQUIRED
CNVC11-DB,Henry Chronos Volume Control With Lever Handle - Dark Brass,Henry Chronos Volume Control With Lever Handle - Dark Brass,PLUMBING,PLUMBING,PLUMB-LOT,(no WarehouseDetails rows),ELIGIBLE,,BA0000008,"Waterworks Operating Co., LLC",MEDIUM,brand-token HENRY suggests BA0000008 in 53/53 existing vendor-populated StockItems; manual review required.,,FOUND,VENDOR_REVIEW_REQUIRED
CONTRACTOR333W/CDK,"Insinkerator Contractor 333 Garbage Disposal With Cord, 3/4 Hp","Insinkerator Contractor 333 Garbage Disposal With Cord, 3/4 Hp",PLUMBING,PLUMBING,PLUMB-LOT,BOISE WAREHOUSE=0,ELIGIBLE,BA0000536 Southwest Plumbing Supply,BA0000536,Southwest Plumbing Supply,HIGH,Current StockItem VendorDetails contains 1 vendor row(s); selected first active VendorID BA0000536.,,FOUND,READY
CPKG272,"Cocina Concierge 33"" Undermount Workstation Sink With Cutting Board - Antique Copper","Cocina Concierge 33"" Undermount Workstation Sink With Cutting Board - Antique Copper",PLUMBING,PLUMBING,PLUMB-LOT,SALT LAKE PLUMBING=0,ELIGIBLE,,,,NONE,No current VendorDetails row and no deterministic existing StockItem pattern met the audit threshold.,,FOUND,VENDOR_REVIEW_REQUIRED
CPVMRTF-BA,"Thermosetting Soft Close Seat and Cover, Basalto","Thermosetting Soft Close Seat and Cover, Basalto",PLUMBING,PLUMBING,PLUMB-LOT,(no WarehouseDetails rows),ELIGIBLE,,BA0016237,Phylrich,MEDIUM,brand-token CLOSE suggests BA0016237 in 6/6 existing vendor-populated StockItems; manual review required.,,FOUND,VENDOR_REVIEW_REQUIRED
CRMR41-BUN,"Crystal Wall Mounted Magnifying Extension Mirror 6 1/4"" Dia. - Burnished Nickel","Crystal Wall Mounted Magnifying Extension Mirror 6 1/4"" Dia. - Burnished Nickel",PLUMBING,PLUMBING,PLUMB-LOT,SALT LAKE PLUMBING=0,ELIGIBLE,,,,NONE,No current VendorDetails row and no deterministic existing StockItem pattern met the audit threshold.,,FOUND,VENDOR_REVIEW_REQUIRED
CST446CEMFGN#01,Aquia Iv Two Piece Elongated Dual Flush 1.28 And 0.9 Gpf Toilet With Cefiontect - Cotton,Aquia Iv Two Piece Elongated Dual Flush 1.28 And 0.9 Gpf Toilet With Cefiontect - Cotton,PLUMBING,PLUMBING,PLUMB-LOT,SALT LAKE APPLIANCES=0; SALT LAKE PLUMBING=0,ELIGIBLE,,,,NONE,No current VendorDetails row and no deterministic existing StockItem pattern met the audit threshold.,,FOUND,VENDOR_REVIEW_REQUIRED
CST686CEFGAT40#01,Aurora One Piece Elongated 1.28 GPF Washlet+ And Auto Flush Ready Universal Height Toilet With Cefiontect - Cotton White,Aurora One Piece Elongated 1.28 GPF Washlet+ And Auto Flush Ready Universal Height Toilet With Cefiontect - Cotton White,PLUMBING,PLUMBING,PLUMB-LOT,SALT LAKE PLUMBING=0,ELIGIBLE,,BA0000536,Southwest Plumbing Supply,HIGH,prefix CST6 maps to BA0000536 in 10/10 existing vendor-populated StockItems.,,FOUND,READY
CT2214-00-GAL,"Concrete 22"" Rectangular Concrete Sink - Galaxy","Concrete 22"" Rectangular Concrete Sink - Galaxy",PLUMBING,PLUMBING,PLUMB-LOT,SALT LAKE PLUMBING=0,ELIGIBLE,,,,NONE,No current VendorDetails row and no deterministic existing StockItem pattern met the audit threshold.,,FOUND,VENDOR_REVIEW_REQUIRED
CT2214-00-SLT,"Concrete 22"" Rectangular Concrete Sink - Slate","Concrete 22"" Rectangular Concrete Sink - Slate",PLUMBING,PLUMBING,PLUMB-LOT,SALT LAKE APPLIANCES=0,ELIGIBLE,,,,NONE,No current VendorDetails row and no deterministic existing StockItem pattern met the audit threshold.,,FOUND,VENDOR_REVIEW_REQUIRED
CT2214-03-CHL,"Newterra Wall Mount Or Vanity Top Sink Made Of Concrete, No Overflow, Three Faucet Holes - Charcoal","Newterra Wall Mount Or Vanity Top Sink Made Of Concrete, No Overflow, Three Faucet Holes - Charcoal",PLUMBING,PLUMBING,PLUMB-LOT,SALT LAKE APPLIANCES=0; SALT LAKE PLUMBING=0,ELIGIBLE,,,,NONE,No current VendorDetails row and no deterministic existing StockItem pattern met the audit threshold.,,FOUND,VENDOR_REVIEW_REQUIRED
CT36T-01-FOR,"Newterra Countertop Made Of Concrete For Vanity, One Faucet Hole - Forest","Newterra Countertop Made Of Concrete For Vanity, One Faucet Hole - Forest",PLUMBING,PLUMBING,PLUMB-LOT,SALT LAKE PLUMBING=0,ELIGIBLE,,,,NONE,No current VendorDetails row and no deterministic existing StockItem pattern met the audit threshold.,,FOUND,VENDOR_REVIEW_REQUIRED
CTH111-DB,Henry Chronos Thermostatic Control Valve Trim With Lever Handle - Dark Brass,Henry Chronos Thermostatic Control Valve Trim With Lever Handle - Dark Brass,PLUMBING,PLUMBING,PLUMB-LOT,(no WarehouseDetails rows),ELIGIBLE,,BA0000008,"Waterworks Operating Co., LLC",MEDIUM,brand-token HENRY suggests BA0000008 in 53/53 existing vendor-populated StockItems; manual review required.,,FOUND,VENDOR_REVIEW_REQUIRED
CWT4264726CMFG#MS,Washlet+ Ap Wall Hung Elongated Toilet With S7 Contemporary Bidet Seat And Duofit In-Wall 0.9 And 1.28 Gpf Dual Flush Tank System - Matte Silver,Washlet+ Ap Wall Hung Elongated Toilet With S7 Contemporary Bidet Seat And Duofit In-Wall 0.9 And 1.28 Gpf Dual Flush Tank System - Matte Silver,PLUMBING,PLUMBING,PLUMB-LOT,SALT LAKE PLUMBING=0,ELIGIBLE,,,,NONE,No current VendorDetails row and no deterministic existing StockItem pattern met the audit threshold.,,FOUND,VENDOR_REVIEW_REQUIRED
CWT4474547CMFGA#MBL,Washlet+ RP Wall Hung D-Shape Toilet With RX Bidet Seat And DuoFit In Wall 1.28 And 0.9 GPF Auto Dual Flush Tank System - Matte Black,Washlet+ RP Wall Hung D-Shape Toilet With RX Bidet Seat And DuoFit In Wall 1.28 And 0.9 GPF Auto Dual Flush Tank System - Matte Black,PLUMBING,PLUMBING,PLUMB-LOT,SALT LAKE APPLIANCES=0; SALT LAKE PLUMBING=0,ELIGIBLE,,,,NONE,No current VendorDetails row and no deterministic existing StockItem pattern met the audit threshold.,,FOUND,VENDOR_REVIEW_REQUIRED
CWT9538CEMFG#01,"Neorest Wx1 Dual Flush 1.2 Or 0.8 Gpf Wall Hung Toilet With Integrated Bidet Seat, Ewater+, Tornado Flush And Cefiontect - Cotton","Neorest Wx1 Dual Flush 1.2 Or 0.8 Gpf Wall Hung Toilet With Integrated Bidet Seat, Ewater+, Tornado Flush And Cefiontect - Cotton",PLUMBING,PLUMBING,PLUMB-LOT,SALT LAKE APPLIANCES=0; SALT LAKE PLUMBING=0,ELIGIBLE,,,,NONE,No current VendorDetails row and no deterministic existing StockItem pattern met the audit threshold.,,FOUND,VENDOR_REVIEW_REQUIRED
CXT311-18DB,Henry Chronos Floor Mounted Exposed Tub Filler With Handshower And Lever Handles - Dark Brass,Henry Chronos Floor Mounted Exposed Tub Filler With Handshower And Lever Handles - Dark Brass,PLUMBING,PLUMBING,PLUMB-LOT,(no WarehouseDetails rows),ELIGIBLE,,BA0000008,"Waterworks Operating Co., LLC",MEDIUM,brand-token HENRY suggests BA0000008 in 53/53 existing vendor-populated StockItems; manual review required.,,FOUND,VENDOR_REVIEW_REQUIRED
CYLV12-WHIO,"Clara Undermount Oval Vitreous China Lavatory Sink 19 11/16"" X 16 1/8"" X 7 11/16 Double Glazed - White","Clara Undermount Oval Vitreous China Lavatory Sink 19 11/16"" X 16 1/8"" X 7 11/16 Double Glazed - White",PLUMBING,PLUMBING,PLUMB-LOT,SALT LAKE PLUMBING=0,ELIGIBLE,,,,NONE,No current VendorDetails row and no deterministic existing StockItem pattern met the audit threshold.,,FOUND,VENDOR_REVIEW_REQUIRED
D004DB,Grid Strainer - Dark Bronze,Grid Strainer - Dark Bronze,PLUMBING,PLUMBING,PLUMB-LOT,(no WarehouseDetails rows),ELIGIBLE,,,,NONE,No current VendorDetails row and no deterministic existing StockItem pattern met the audit threshold.,,FOUND,VENDOR_REVIEW_REQUIRED
D1130X3/15G,"Phylrich Basic Wall Tub 7 1/2"" Spout Only - Gun Metal Grey","Phylrich Basic Wall Tub 7 1/2"" Spout Only - Gun Metal Grey",PLUMBING,PLUMBING,PLUMB-LOT,BOISE WAREHOUSE=0,ELIGIBLE,BA0016237 Phylrich,BA0016237,Phylrich,HIGH,Current StockItem VendorDetails contains 1 vendor row(s); selected first active VendorID BA0016237.,,FOUND,READY
D2PV137A/047,"Basic Volume Control / Diverter Trim, Blade Cross Handle - Antique Brass","Basic Volume Control / Diverter Trim, Blade Cross Handle - Antique Brass",PLUMBING,PLUMBING,PLUMB-LOT,SALT LAKE PLUMBING=0,ELIGIBLE,,BA0016237,Phylrich,MEDIUM,brand-token BASIC suggests BA0016237 in 25/26 existing vendor-populated StockItems; manual review required.,,FOUND,VENDOR_REVIEW_REQUIRED
D-52-52-ANF,Deluxe Wall Tub Spout - Antique Nickel Flat,Deluxe Wall Tub Spout - Antique Nickel Flat,PLUMBING,PLUMBING,PLUMB-LOT,SALT LAKE PLUMBING=0,ELIGIBLE,,,,NONE,No current VendorDetails row and no deterministic existing StockItem pattern met the audit threshold.,,FOUND,VENDOR_REVIEW_REQUIRED
D830/15G,"Phylrich Basic 6 Jet 2-3/4"" Round Shower Head - Gun Metal Grey","Phylrich Basic 6 Jet 2-3/4"" Round Shower Head - Gun Metal Grey",PLUMBING,PLUMBING,PLUMB-LOT,BOISE WAREHOUSE=0,ELIGIBLE,BA0016237 Phylrich,BA0016237,Phylrich,HIGH,Current StockItem VendorDetails contains 1 vendor row(s); selected first active VendorID BA0016237.,,FOUND,READY
DB10/040,Basic And Basic Ii Robe Hook - Matte Black,Basic And Basic Ii Robe Hook - Matte Black,PLUMBING,PLUMBING,PLUMB-LOT,BOISE WAREHOUSE=0,ELIGIBLE,,BA0016237,Phylrich,MEDIUM,brand-token BASIC suggests BA0016237 in 25/26 existing vendor-populated StockItems; manual review required.,,FOUND,VENDOR_REVIEW_REQUIRED
DB40/040,Basic And Basic Ii Towel Ring - Matte Black,Basic And Basic Ii Towel Ring - Matte Black,PLUMBING,PLUMBING,PLUMB-LOT,BOISE WAREHOUSE=0,ELIGIBLE,,BA0016237,Phylrich,MEDIUM,brand-token BASIC suggests BA0016237 in 25/26 existing vendor-populated StockItems; manual review required.,,FOUND,VENDOR_REVIEW_REQUIRED
DB55/040,Basic And Basic Ii Single Post Paper Holder - Matte Black,Basic And Basic Ii Single Post Paper Holder - Matte Black,PLUMBING,PLUMBING,PLUMB-LOT,BOISE WAREHOUSE=0,ELIGIBLE,,BA0016237,Phylrich,MEDIUM,brand-token BASIC suggests BA0016237 in 25/26 existing vendor-populated StockItems; manual review required.,,FOUND,VENDOR_REVIEW_REQUIRED
DR320-GM,"Native Trails 3.5"" Basket Strainer - Gunmetal","Native Trails 3.5"" Basket Strainer - Gunmetal",PLUMBING,PLUMBING,PLUMB-LOT,SALT LAKE PLUMBING=1,SKIP_QTY_ON_HAND,BA0000741 Native Trails,BA0000741,Native Trails,HIGH,Current StockItem VendorDetails contains 1 vendor row(s); selected first active VendorID BA0000741.,,FOUND,SKIP_QTY_ON_HAND
DS2T01-B,Dash Two Way Thermostatic Diverter Valve Trim With Roman Numerals And Cross Handle - Brass,Dash Two Way Thermostatic Diverter Valve Trim With Roman Numerals And Cross Handle - Brass,PLUMBING,PLUMBING,PLUMB-LOT,(no WarehouseDetails rows),ELIGIBLE,,,,NONE,No current VendorDetails row and no deterministic existing StockItem pattern met the audit threshold.,,FOUND,VENDOR_REVIEW_REQUIRED
DSHS01-18B,DSHS01-18B,DSHS01-18B,PLUMBING,PLUMBING,PLUMB-LOT,(no WarehouseDetails rows),ELIGIBLE,,,,NONE,No current VendorDetails row and no deterministic existing StockItem pattern met the audit threshold.,,FOUND,VENDOR_REVIEW_REQUIRED
DSLS01-12B,Dash Lavatory Faucet With Cross Handles - Brass,Dash Lavatory Faucet With Cross Handles - Brass,PLUMBING,PLUMBING,PLUMB-LOT,(no WarehouseDetails rows),ELIGIBLE,,,,NONE,No current VendorDetails row and no deterministic existing StockItem pattern met the audit threshold.,,FOUND,VENDOR_REVIEW_REQUIRED
DSPH01-B,Dash Wall Mounted Swing Arm Paper Holder Special Order - Brass,Dash Wall Mounted Swing Arm Paper Holder Special Order - Brass,PLUMBING,PLUMBING,PLUMB-LOT,SALT LAKE PLUMBING=0,ELIGIBLE,,,,NONE,No current VendorDetails row and no deterministic existing StockItem pattern met the audit threshold.,,FOUND,VENDOR_REVIEW_REQUIRED
DSTH01-B,Dash Thermostatic Control Valve Trim With Cross Handle - Brass,Dash Thermostatic Control Valve Trim With Cross Handle - Brass,PLUMBING,PLUMBING,PLUMB-LOT,(no WarehouseDetails rows),ELIGIBLE,,,,NONE,No current VendorDetails row and no deterministic existing StockItem pattern met the audit threshold.,,FOUND,VENDOR_REVIEW_REQUIRED
DSXT20-18B,Dash Wall Mounted Exposed Tub Filler With Handshower And Cross Handles - Brass,Dash Wall Mounted Exposed Tub Filler With Handshower And Cross Handles - Brass,PLUMBING,PLUMBING,PLUMB-LOT,(no WarehouseDetails rows),ELIGIBLE,,,,NONE,No current VendorDetails row and no deterministic existing StockItem pattern met the audit threshold.,,FOUND,VENDOR_REVIEW_REQUIRED
DSXT40-18B,Dash Deck Mounted Exposed Tub Filler With Handshower And Cross Handles - Brass,Dash Deck Mounted Exposed Tub Filler With Handshower And Cross Handles - Brass,PLUMBING,PLUMBING,PLUMB-LOT,(no WarehouseDetails rows),ELIGIBLE,,,,NONE,No current VendorDetails row and no deterministic existing StockItem pattern met the audit threshold.,,FOUND,VENDOR_REVIEW_REQUIRED
DT061411-CZ,"4"" Tile-In Round Shower Drain - Champagne Bronze","4"" Tile-In Round Shower Drain - Champagne Bronze",PLUMBING,PLUMBING,PLUMB-LOT,SALT LAKE PLUMBING=0,ELIGIBLE,,,,NONE,No current VendorDetails row and no deterministic existing StockItem pattern met the audit threshold.,,FOUND,VENDOR_REVIEW_REQUIRED
DTH137/047,"Basic 3/4"" Mini Thermostatic Shower Trim, Blade Cross Handle - Antique Brass","Basic 3/4"" Mini Thermostatic Shower Trim, Blade Cross Handle - Antique Brass",PLUMBING,PLUMBING,PLUMB-LOT,SALT LAKE PLUMBING=0,ELIGIBLE,,BA0016237,Phylrich,MEDIUM,brand-token BASIC suggests BA0016237 in 25/26 existing vendor-populated StockItems; manual review required.,,FOUND,VENDOR_REVIEW_REQUIRED
DWL134/15A,"Phylrich Basic Wall Lavatory Set 7 1/2"" Spout, Tubular Cross Handles - Pewter","Phylrich Basic Wall Lavatory Set 7 1/2"" Spout, Tubular Cross Handles - Pewter",PLUMBING,PLUMBING,PLUMB-LOT,SALT LAKE PLUMBING=1,SKIP_QTY_ON_HAND,BA0016237 Phylrich,BA0016237,Phylrich,HIGH,Current StockItem VendorDetails contains 1 vendor row(s); selected first active VendorID BA0016237.,,FOUND,SKIP_QTY_ON_HAND
DWL137/047,"Basic Wall Lavatory Set 7 1/2"" Spout, Blade Cross Handles - Antique Brass","Basic Wall Lavatory Set 7 1/2"" Spout, Blade Cross Handles - Antique Brass",PLUMBING,PLUMBING,PLUMB-LOT,SALT LAKE PLUMBING=0,ELIGIBLE,,BA0016237,Phylrich,MEDIUM,brand-token BASIC suggests BA0016237 in 25/26 existing vendor-populated StockItems; manual review required.,,FOUND,VENDOR_REVIEW_REQUIRED
DWQ1001012,Clarifi Tankless Under Sink 6-Stage Reverse Osmosis System,Clarifi Tankless Under Sink 6-Stage Reverse Osmosis System,PLUMBING,PLUMBING,PLUMB-LOT,BOISE WAREHOUSE=0; SALT LAKE PLUMBING=0,ELIGIBLE,,,,NONE,No current VendorDetails row and no deterministic existing StockItem pattern met the audit threshold.,,FOUND,VENDOR_REVIEW_REQUIRED
E309-1-SBZ,"Bel Canto Single Hole Lavatory/Bar/Prep Faucet, Low Spout - Satin Bronze","Bel Canto Single Hole Lavatory/Bar/Prep Faucet, Low Spout - Satin Bronze",PLUMBING,PLUMBING,PLUMB-LOT,BOISE WAREHOUSE=0,ELIGIBLE,BA0000006 California Faucets,BA0000006,California Faucets,HIGH,Current StockItem VendorDetails contains 1 vendor row(s); selected first active VendorID BA0000006.,,FOUND,READY
E3-9-ANF,"Bel Canto 9"" Hand Towel Bar - Antique Nickel Flat","Bel Canto 9"" Hand Towel Bar - Antique Nickel Flat",PLUMBING,PLUMBING,PLUMB-LOT,(no WarehouseDetails rows),ELIGIBLE,,,,NONE,No current VendorDetails row and no deterministic existing StockItem pattern met the audit threshold.,,FOUND,VENDOR_REVIEW_REQUIRED
EAHS12-18N,Waterworks Easton Handshower On Hook - Nickel,Waterworks Easton Handshower On Hook - Nickel,PLUMBING,PLUMBING,PLUMB-LOT,SALT LAKE PLUMBING=0,ELIGIBLE,"BA0000008 Waterworks Operating Co., LLC",BA0000008,"Waterworks Operating Co., LLC",HIGH,Current StockItem VendorDetails contains 1 vendor row(s); selected first active VendorID BA0000008.,,FOUND,READY
EAHS13-18NWH,Easton Handshower On Hook With White Porcelain Handle - Nickel,Easton Handshower On Hook With White Porcelain Handle - Nickel,PLUMBING,PLUMBING,PLUMB-LOT,SALT LAKE PLUMBING=0,ELIGIBLE,,BA0000008,"Waterworks Operating Co., LLC",MEDIUM,brand-token EASTON suggests BA0000008 in 7/7 existing vendor-populated StockItems; manual review required.,,FOUND,VENDOR_REVIEW_REQUIRED
EAKM32-18N,Waterworks Easton Two Hole Bridge Gooseneck Kitchen Faucet Lever Handles And Spray - Nickel,Waterworks Easton Two Hole Bridge Gooseneck Kitchen Faucet Lever Handles And Spray - Nickel,PLUMBING,PLUMBING,PLUMB-LOT,SALT LAKE PLUMBING=1,SKIP_QTY_ON_HAND,"BA0000008 Waterworks Operating Co., LLC",BA0000008,"Waterworks Operating Co., LLC",HIGH,Current StockItem VendorDetails contains 1 vendor row(s); selected first active VendorID BA0000008.,,FOUND,SKIP_QTY_ON_HAND
EAKM33-18BWH,Easton Two Hole Bridge Gooseneck Kitchen Faucet White Porcelain Lever Handles And Spray - White / Brass,Easton Two Hole Bridge Gooseneck Kitchen Faucet White Porcelain Lever Handles And Spray - White / Brass,PLUMBING,PLUMBING,PLUMB-LOT,SALT LAKE PLUMBING=0,ELIGIBLE,,BA0000008,"Waterworks Operating Co., LLC",MEDIUM,brand-token EASTON suggests BA0000008 in 7/7 existing vendor-populated StockItems; manual review required.,,FOUND,VENDOR_REVIEW_REQUIRED
EALS01-12N,Easton Lavatory Faucet With Cross Handles - Nickel,Easton Lavatory Faucet With Cross Handles - Nickel,PLUMBING,PLUMBING,PLUMB-LOT,SALT LAKE PLUMBING=0,ELIGIBLE,"BA0000008 Waterworks Operating Co., LLC",BA0000008,"Waterworks Operating Co., LLC",HIGH,Current StockItem VendorDetails contains 1 vendor row(s); selected first active VendorID BA0000008.,,FOUND,READY
EALS11-12N,Waterworks Easton Lavatory Faucet With Cross Handles - Nickel,Waterworks Easton Lavatory Faucet With Cross Handles - Nickel,PLUMBING,PLUMBING,PLUMB-LOT,SALT LAKE PLUMBING=0,ELIGIBLE,"BA0000008 Waterworks Operating Co., LLC",BA0000008,"Waterworks Operating Co., LLC",HIGH,Current StockItem VendorDetails contains 1 vendor row(s); selected first active VendorID BA0000008.,,FOUND,READY
EATH06-NWH,Waterworks Easton Thermostatic Control Valve Trim With White Porcelain Blank Indice And Cross Handle - White / Nickel,Waterworks Easton Thermostatic Control Valve Trim With White Porcelain Blank Indice And Cross Handle - White / Nickel,PLUMBING,PLUMBING,PLUMB-LOT,SALT LAKE PLUMBING=0,ELIGIBLE,"BA0000008 Waterworks Operating Co., LLC",BA0000008,"Waterworks Operating Co., LLC",HIGH,Current StockItem VendorDetails contains 1 vendor row(s); selected first active VendorID BA0000008.,,FOUND,READY
EAVC21-N,Waterworks Easton Volume Control With White Porcelain Indice And Cross Handle - Nickel,Waterworks Easton Volume Control With White Porcelain Indice And Cross Handle - Nickel,PLUMBING,PLUMBING,PLUMB-LOT,SALT LAKE PLUMBING=0,ELIGIBLE,"BA0000008 Waterworks Operating Co., LLC",BA0000008,"Waterworks Operating Co., LLC",HIGH,Current StockItem VendorDetails contains 1 vendor row(s); selected first active VendorID BA0000008.,,FOUND,READY
EAXT21-18NWH,Waterworks Easton Exposed Tub Filler With Lever Diverter And White Porcelain Indices - Nickel,Waterworks Easton Exposed Tub Filler With Lever Diverter And White Porcelain Indices - Nickel,PLUMBING,PLUMBING,PLUMB-LOT,SALT LAKE PLUMBING=1,SKIP_QTY_ON_HAND,"BA0000008 Waterworks Operating Co., LLC",BA0000008,"Waterworks Operating Co., LLC",HIGH,Current StockItem VendorDetails contains 1 vendor row(s); selected first active VendorID BA0000008.,,FOUND,SKIP_QTY_ON_HAND
EGB218-N,"Essentials 18"" Grab Bar - Nickel","Essentials 18"" Grab Bar - Nickel",PLUMBING,PLUMBING,PLUMB-LOT,(no WarehouseDetails rows),ELIGIBLE,,BA0003290,Hajoca Corporation,MEDIUM,brand-token ESSENTIALS suggests BA0003290 in 5/5 existing vendor-populated StockItems; manual review required.,,FOUND,VENDOR_REVIEW_REQUIRED
ELGU2522MB0,"Quartz Classic 24 5/8"" X 18 1/2"" X 9 1/2"" Single Bowl Undermount Sink - Matte Black","Quartz Classic 24 5/8"" X 18 1/2"" X 9 1/2"" Single Bowl Undermount Sink - Matte Black",PLUMBING,PLUMBING,PLUMB-LOT,SALT LAKE PLUMBING=0,ELIGIBLE,,,,NONE,No current VendorDetails row and no deterministic existing StockItem pattern met the audit threshold.,,FOUND,VENDOR_REVIEW_REQUIRED
ENC4(LG)914736BN-E,"English Classics Custom Towel Dryer 36"" X 29"" X 10"", Electric Only - Polished Nickel","English Classics Custom Towel Dryer 36"" X 29"" X 10"", Electric Only - Polished Nickel",PLUMBING,PLUMBING,PLUMB-LOT,BOISE WAREHOUSE=0,ELIGIBLE,BA0003319 Vogue USA,BA0003319,Vogue USA,HIGH,Current StockItem VendorDetails contains 1 vendor row(s); selected default active VendorID BA0003319.,,FOUND,READY
ERUB2216RTWH,"Eirene 22"" X 16"" Undermount Rectangular Lavatory Sink - White","Eirene 22"" X 16"" Undermount Rectangular Lavatory Sink - White",PLUMBING,PLUMBING,PLUMB-LOT,SALT LAKE PLUMBING=0,ELIGIBLE,,,,NONE,No current VendorDetails row and no deterministic existing StockItem pattern met the audit threshold.,,FOUND,VENDOR_REVIEW_REQUIRED
ETHS37-25NWH,Etoile Handshower On Hook With Lever Handle - Nickel,Etoile Handshower On Hook With Lever Handle - Nickel,PLUMBING,PLUMBING,PLUMB-LOT,SALT LAKE PLUMBING=0,ELIGIBLE,,,,NONE,No current VendorDetails row and no deterministic existing StockItem pattern met the audit threshold.,,FOUND,VENDOR_REVIEW_REQUIRED
ETLS42-12B,Etoile Lavatory Faucet With Cross Handles - Brass,Etoile Lavatory Faucet With Cross Handles - Brass,PLUMBING,PLUMBING,PLUMB-LOT,SALT LAKE PLUMBING=0,ELIGIBLE,,,,NONE,No current VendorDetails row and no deterministic existing StockItem pattern met the audit threshold.,,FOUND,VENDOR_REVIEW_REQUIRED
ETLS50-12N,Etoile Lavatory Faucet Flared Spout With Lever Handles - Nickel,Etoile Lavatory Faucet Flared Spout With Lever Handles - Nickel,PLUMBING,PLUMBING,PLUMB-LOT,SALT LAKE PLUMBING=0,ELIGIBLE,,,,NONE,No current VendorDetails row and no deterministic existing StockItem pattern met the audit threshold.,,FOUND,VENDOR_REVIEW_REQUIRED
ETLS62-12N,Etoile Gooseneck Lavatory Faucet With Lever Handles - Nickel,Etoile Gooseneck Lavatory Faucet With Lever Handles - Nickel,PLUMBING,PLUMBING,PLUMB-LOT,SALT LAKE PLUMBING=0,ELIGIBLE,,BA0000008,"Waterworks Operating Co., LLC",MEDIUM,brand-token GOOSENECK suggests BA0000008 in 15/15 existing vendor-populated StockItems; manual review required.,,FOUND,VENDOR_REVIEW_REQUIRED
ETTH26-N,Etoile Thermostatic Control Valve Trim With Cross Handle - Nickel,Etoile Thermostatic Control Valve Trim With Cross Handle - Nickel,PLUMBING,PLUMBING,PLUMB-LOT,SALT LAKE PLUMBING=0,ELIGIBLE,,,,NONE,No current VendorDetails row and no deterministic existing StockItem pattern met the audit threshold.,,FOUND,VENDOR_REVIEW_REQUIRED
ETVC70-N,Etoile Volume Control With Porcelain Blank Indice And Cross Handle - Nickel,Etoile Volume Control With Porcelain Blank Indice And Cross Handle - Nickel,PLUMBING,PLUMBING,PLUMB-LOT,SALT LAKE PLUMBING=0,ELIGIBLE,,,,NONE,No current VendorDetails row and no deterministic existing StockItem pattern met the audit threshold.,,FOUND,VENDOR_REVIEW_REQUIRED
ETXS58-25CWH,"Etoile Exposed Thermostatic Shower System With 8"" Shower Rose, Handshower And White Porcelain Lever Handle - Chrome","Etoile Exposed Thermostatic Shower System With 8"" Shower Rose, Handshower And White Porcelain Lever Handle - Chrome",PLUMBING,PLUMBING,PLUMB-LOT,(no WarehouseDetails rows),ELIGIBLE,,,,NONE,No current VendorDetails row and no deterministic existing StockItem pattern met the audit threshold.,,FOUND,VENDOR_REVIEW_REQUIRED
ETXT60-25N,Etoile Exposed Tub Filler With Handshower And Cross Handles - Nickel,Etoile Exposed Tub Filler With Handshower And Cross Handles - Nickel,PLUMBING,PLUMBING,PLUMB-LOT,SALT LAKE PLUMBING=0,ELIGIBLE,,,,NONE,No current VendorDetails row and no deterministic existing StockItem pattern met the audit threshold.,,FOUND,VENDOR_REVIEW_REQUIRED
EVOLUTION.75HP,Evolution .75Hp Garbage Disposal,Evolution .75Hp Garbage Disposal,PLUMBING,PLUMBING,PLUMB-LOT,(no WarehouseDetails rows),ELIGIBLE,,,,NONE,No current VendorDetails row and no deterministic existing StockItem pattern met the audit threshold.,,FOUND,VENDOR_REVIEW_REQUIRED
EVW201-DB,Essentials 110V Vertical Warmer - Dark Brass,Essentials 110V Vertical Warmer - Dark Brass,PLUMBING,PLUMBING,PLUMB-LOT,SALT LAKE HARDWARE=0,ELIGIBLE,,BA0003290,Hajoca Corporation,MEDIUM,brand-token ESSENTIALS suggests BA0003290 in 5/5 existing vendor-populated StockItems; manual review required.,,FOUND,VENDOR_REVIEW_REQUIRED
F100137PN,Trova Modern Kitchen Faucet with Pull Down Spray - Polished Nickel,Trova Modern Kitchen Faucet with Pull Down Spray - Polished Nickel,PLUMBING,PLUMBING,PLUMB-LOT,BOISE WAREHOUSE=0,ELIGIBLE,"BA0013051 Westover, Inc.",BA0013051,"Westover, Inc.",HIGH,Current StockItem VendorDetails contains 1 vendor row(s); selected first active VendorID BA0013051.,,FOUND,READY
F100142SB,Spring Kitchen Faucet - Satin Brass,Spring Kitchen Faucet - Satin Brass,PLUMBING,PLUMBING,PLUMB-LOT,BOISE WAREHOUSE=0,ELIGIBLE,,,,NONE,No current VendorDetails row and no deterministic existing StockItem pattern met the audit threshold.,,FOUND,VENDOR_REVIEW_REQUIRED
F904A-5TKSB,Round Thermostat Trim Kit - Satin Brass,Round Thermostat Trim Kit - Satin Brass,PLUMBING,PLUMBING,PLUMB-LOT,BOISE WAREHOUSE=0,ELIGIBLE,,,,NONE,No current VendorDetails row and no deterministic existing StockItem pattern met the audit threshold.,,FOUND,VENDOR_REVIEW_REQUIRED
F905-2SB,Body Jet - Satin Brass,Body Jet - Satin Brass,PLUMBING,PLUMBING,PLUMB-LOT,BOISE WAREHOUSE=0,ELIGIBLE,,,,NONE,No current VendorDetails row and no deterministic existing StockItem pattern met the audit threshold.,,FOUND,VENDOR_REVIEW_REQUIRED
F906A-12TKSB,Round Volume Control Trim Kit with Equal Plate - Satin Brass,Round Volume Control Trim Kit with Equal Plate - Satin Brass,PLUMBING,PLUMBING,PLUMB-LOT,BOISE WAREHOUSE=0,ELIGIBLE,,,,NONE,No current VendorDetails row and no deterministic existing StockItem pattern met the audit threshold.,,FOUND,VENDOR_REVIEW_REQUIRED
F907-111SB,Opera Multifunction Flexible Hose Hand Shower Kit - Satin Brass,Opera Multifunction Flexible Hose Hand Shower Kit - Satin Brass,PLUMBING,PLUMBING,PLUMB-LOT,BOISE WAREHOUSE=0,ELIGIBLE,,BA0013051,"Westover, Inc.",HIGH,prefix F907 maps to BA0013051 in 22/22 existing vendor-populated StockItems.,,FOUND,READY
F907-112PN,Opera Multifunction Flexible Hose Hand Shower Kit On Pivoting Hook - Polished Nickel,Opera Multifunction Flexible Hose Hand Shower Kit On Pivoting Hook - Polished Nickel,PLUMBING,PLUMBING,PLUMB-LOT,BOISE WAREHOUSE=1,SKIP_QTY_ON_HAND,"BA0013051 Westover, Inc.",BA0013051,"Westover, Inc.",HIGH,Current StockItem VendorDetails contains 1 vendor row(s); selected first active VendorID BA0013051.,,FOUND,SKIP_QTY_ON_HAND
F907-5TRSB,Harmony Flexible Hose Hand Shower Kit - Satin Brass,Harmony Flexible Hose Hand Shower Kit - Satin Brass,PLUMBING,PLUMBING,PLUMB-LOT,BOISE WAREHOUSE=0,ELIGIBLE,,BA0013051,"Westover, Inc.",HIGH,prefix F907 maps to BA0013051 in 22/22 existing vendor-populated StockItems.,,FOUND,READY
F907-61SB,"10"" Shower Rainhead Ceiling Mount 4.75"" Arm Round - Satin Brass","10"" Shower Rainhead Ceiling Mount 4.75"" Arm Round - Satin Brass",PLUMBING,PLUMBING,PLUMB-LOT,BOISE WAREHOUSE=0,ELIGIBLE,,BA0013051,"Westover, Inc.",HIGH,prefix F907 maps to BA0013051 in 22/22 existing vendor-populated StockItems.,,FOUND,READY
F907-74SB,"Opera 6"" Shower Head On Angled Arm - Satin Brass","Opera 6"" Shower Head On Angled Arm - Satin Brass",PLUMBING,PLUMBING,PLUMB-LOT,BOISE WAREHOUSE=0,ELIGIBLE,,BA0013051,"Westover, Inc.",HIGH,prefix F907 maps to BA0013051 in 22/22 existing vendor-populated StockItems.,,FOUND,READY
F910-13SB,Umbrella Drain Without Overflow - Satin Brass,Umbrella Drain Without Overflow - Satin Brass,PLUMBING,PLUMBING,PLUMB-LOT,BOISE WAREHOUSE=1,SKIP_QTY_ON_HAND,"BA0013051 Westover, Inc.",BA0013051,"Westover, Inc.",HIGH,Current StockItem VendorDetails contains 1 vendor row(s); selected first active VendorID BA0013051.,,FOUND,SKIP_QTY_ON_HAND
F924A6PN,"Harmony 6"" Shower Head On Angled Arm - Polished Nickel","Harmony 6"" Shower Head On Angled Arm - Polished Nickel",PLUMBING,PLUMBING,PLUMB-LOT,BOISE WAREHOUSE=0,ELIGIBLE,,BA0013051,"Westover, Inc.",MEDIUM,brand-token HARMONY suggests BA0013051 in 10/10 existing vendor-populated StockItems; manual review required.,,FOUND,VENDOR_REVIEW_REQUIRED
F924A6SB,"Harmony 6"" Shower Head On Angled Arm - Satin Brass","Harmony 6"" Shower Head On Angled Arm - Satin Brass",PLUMBING,PLUMBING,PLUMB-LOT,BOISE WAREHOUSE=0,ELIGIBLE,,BA0013051,"Westover, Inc.",MEDIUM,brand-token HARMONY suggests BA0013051 in 10/10 existing vendor-populated StockItems; manual review required.,,FOUND,VENDOR_REVIEW_REQUIRED
F962CLTKPN,Classic Pressure Balance Mixer Trim Kit - Polished Nickel,Classic Pressure Balance Mixer Trim Kit - Polished Nickel,PLUMBING,PLUMBING,PLUMB-LOT,BOISE WAREHOUSE=1,SKIP_QTY_ON_HAND,"BA0013051 Westover, Inc.",BA0013051,"Westover, Inc.",HIGH,Current StockItem VendorDetails contains 1 vendor row(s); selected default active VendorID BA0013051.,,FOUND,SKIP_QTY_ON_HAND
F973AVO,"3/4"" Thermostat Valve With 3 Way Shared Diverter And Off Position","3/4"" Thermostat Valve With 3 Way Shared Diverter And Off Position",PLUMBING,PLUMBING,PLUMB-LOT,BOISE WAREHOUSE=0,ELIGIBLE,,,,NONE,No current VendorDetails row and no deterministic existing StockItem pattern met the audit threshold.,,FOUND,VENDOR_REVIEW_REQUIRED
F985TKPN,Harmony Pressure Balance Mixer Trim Kit - Polished Nickel,Harmony Pressure Balance Mixer Trim Kit - Polished Nickel,PLUMBING,PLUMBING,PLUMB-LOT,BOISE WAREHOUSE=0,ELIGIBLE,,BA0013051,"Westover, Inc.",MEDIUM,brand-token HARMONY suggests BA0013051 in 10/10 existing vendor-populated StockItems; manual review required.,,FOUND,VENDOR_REVIEW_REQUIRED
F985TKSB,Harmony Pressure Balance Mixer Trim Kit - Satin Brass,Harmony Pressure Balance Mixer Trim Kit - Satin Brass,PLUMBING,PLUMBING,PLUMB-LOT,BOISE WAREHOUSE=0,ELIGIBLE,,BA0013051,"Westover, Inc.",MEDIUM,brand-token HARMONY suggests BA0013051 in 10/10 existing vendor-populated StockItems; manual review required.,,FOUND,VENDOR_REVIEW_REQUIRED
FCSST60PB,"60"" Slot Drain - Polished Brass","60"" Slot Drain - Polished Brass",PLUMBING,PLUMBING,PLUMB-LOT,(no WarehouseDetails rows),ELIGIBLE,,BA0000731,Infinity Drain,HIGH,prefix FCSS maps to BA0000731 in 7/7 existing vendor-populated StockItems.,,FOUND,READY
FCSTIF6524ORB,"FCS Series 24"" Complete Kit With Tile Insert Frame - Oil Rubbed Bronze","FCS Series 24"" Complete Kit With Tile Insert Frame - Oil Rubbed Bronze",PLUMBING,PLUMBING,PLUMB-LOT,SALT LAKE PLUMBING=0,ELIGIBLE,,,,NONE,No current VendorDetails row and no deterministic existing StockItem pattern met the audit threshold.,,FOUND,VENDOR_REVIEW_REQUIRED
FD.C4-ASH,Flor Double Concrete Basin - Ash,Flor Double Concrete Basin - Ash,PLUMBING,PLUMBING,PLUMB-LOT,SALT LAKE PLUMBING=0,ELIGIBLE,,,,NONE,No current VendorDetails row and no deterministic existing StockItem pattern met the audit threshold.,,FOUND,VENDOR_REVIEW_REQUIRED
FLLS01-12N,Flyte Lavatory Faucet With Cross Handles - Nickel,Flyte Lavatory Faucet With Cross Handles - Nickel,PLUMBING,PLUMBING,PLUMB-LOT,SALT LAKE PLUMBING=0,ELIGIBLE,,,,NONE,No current VendorDetails row and no deterministic existing StockItem pattern met the audit threshold.,,FOUND,VENDOR_REVIEW_REQUIRED
FLLS50-12DN,"One Hole Lavatory Faucet, 1.2 GPM - Dark Nickel","One Hole Lavatory Faucet, 1.2 GPM - Dark Nickel",PLUMBING,PLUMBING,PLUMB-LOT,SALT LAKE PLUMBING=0,ELIGIBLE,,,,NONE,No current VendorDetails row and no deterministic existing StockItem pattern met the audit threshold.,,FOUND,VENDOR_REVIEW_REQUIRED
FLLS50-12N,Flyte One Hole Lavatory Faucet With Lever Handles - Nickel,Flyte One Hole Lavatory Faucet With Lever Handles - Nickel,PLUMBING,PLUMBING,PLUMB-LOT,SALT LAKE PLUMBING=0,ELIGIBLE,,,,NONE,No current VendorDetails row and no deterministic existing StockItem pattern met the audit threshold.,,FOUND,VENDOR_REVIEW_REQUIRED
FLPB10-N,Waterworks Flyte Pressure Balance Control Valve Trim With Lever Handle - Nickel,Waterworks Flyte Pressure Balance Control Valve Trim With Lever Handle - Nickel,PLUMBING,PLUMBING,PLUMB-LOT,SALT LAKE APPLIANCES=0; SALT LAKE PLUMBING=0,ELIGIBLE,"BA0000008 Waterworks Operating Co., LLC",BA0000008,"Waterworks Operating Co., LLC",HIGH,Current StockItem VendorDetails contains 1 vendor row(s); selected default active VendorID BA0000008.,,FOUND,READY
FLPB30-N,Flyte Pressure Balance With Diverter Trim With Lever Handle - Nickel,Flyte Pressure Balance With Diverter Trim With Lever Handle - Nickel,PLUMBING,PLUMBING,PLUMB-LOT,SALT LAKE APPLIANCES=0; SALT LAKE PLUMBING=0,ELIGIBLE,,,,NONE,No current VendorDetails row and no deterministic existing StockItem pattern met the audit threshold.,,FOUND,VENDOR_REVIEW_REQUIRED
FLPH01-N,Flyte Wall Mounted One Arm Paper Holder - Nickel,Flyte Wall Mounted One Arm Paper Holder - Nickel,PLUMBING,PLUMBING,PLUMB-LOT,SALT LAKE PLUMBING=0,ELIGIBLE,,,,NONE,No current VendorDetails row and no deterministic existing StockItem pattern met the audit threshold.,,FOUND,VENDOR_REVIEW_REQUIRED
FLRH01-N,Flyte Single Robe Hook - Nickel,Flyte Single Robe Hook - Nickel,PLUMBING,PLUMBING,PLUMB-LOT,SALT LAKE PLUMBING=0,ELIGIBLE,,,,NONE,No current VendorDetails row and no deterministic existing StockItem pattern met the audit threshold.,,FOUND,VENDOR_REVIEW_REQUIRED
FLS-36-CSS-07,Flash Optional Slatted Wood Shelf For Fls-Un/Vs-36 Console - Natural Walnut,Flash Optional Slatted Wood Shelf For Fls-Un/Vs-36 Console - Natural Walnut,PLUMBING,PLUMBING,PLUMB-LOT,SALT LAKE PLUMBING=0,ELIGIBLE,,,,NONE,No current VendorDetails row and no deterministic existing StockItem pattern met the audit threshold.,,FOUND,VENDOR_REVIEW_REQUIRED
FLS-36-TBR-44,Flash Optional Towel Bar For Fls-Un/Vs-36 Console - Matte Black,Flash Optional Towel Bar For Fls-Un/Vs-36 Console - Matte Black,PLUMBING,PLUMBING,PLUMB-LOT,SALT LAKE PLUMBING=0,ELIGIBLE,,,,NONE,No current VendorDetails row and no deterministic existing StockItem pattern met the audit threshold.,,FOUND,VENDOR_REVIEW_REQUIRED
FLS-UN-36-44,"Flash Metal Console, Undermount, 36""W, 36""H, 21""D, Optional Slated Shelf Priced Separately, Sink H263T Sold Separately - Matte Black","Flash Metal Console, Undermount, 36""W, 36""H, 21""D, Optional Slated Shelf Priced Separately, Sink H263T Sold Separately - Matte Black",PLUMBING,PLUMBING,PLUMB-LOT,SALT LAKE PLUMBING=0,ELIGIBLE,,,,NONE,No current VendorDetails row and no deterministic existing StockItem pattern met the audit threshold.,,FOUND,VENDOR_REVIEW_REQUIRED
FLTB24-N,"Flyte 24"" Single Metal Towel Bar - Nickel","Flyte 24"" Single Metal Towel Bar - Nickel",PLUMBING,PLUMBING,PLUMB-LOT,SALT LAKE PLUMBING=0,ELIGIBLE,,,,NONE,No current VendorDetails row and no deterministic existing StockItem pattern met the audit threshold.,,FOUND,VENDOR_REVIEW_REQUIRED
FLTS80-N,Flyte Wall Mounted Tub Spout - Nickel,Flyte Wall Mounted Tub Spout - Nickel,PLUMBING,PLUMBING,PLUMB-LOT,SALT LAKE APPLIANCES=0; SALT LAKE PLUMBING=0,ELIGIBLE,,,,NONE,No current VendorDetails row and no deterministic existing StockItem pattern met the audit threshold.,,FOUND,VENDOR_REVIEW_REQUIRED
FLTS90-N,Flyte Floor Mounted Tub Spout - Nickel,Flyte Floor Mounted Tub Spout - Nickel,PLUMBING,PLUMBING,PLUMB-LOT,SALT LAKE PLUMBING=0,ELIGIBLE,,,,NONE,No current VendorDetails row and no deterministic existing StockItem pattern met the audit threshold.,,FOUND,VENDOR_REVIEW_REQUIRED
FS311BN,"Trova Classic 8"" Widespread Lavatory Faucet - Brushed Nickel","Trova Classic 8"" Widespread Lavatory Faucet - Brushed Nickel",PLUMBING,PLUMBING,PLUMB-LOT,BOISE WAREHOUSE=2,SKIP_QTY_ON_HAND,"BA0013051 Westover, Inc.",BA0013051,"Westover, Inc.",HIGH,Current StockItem VendorDetails contains 1 vendor row(s); selected first active VendorID BA0013051.,,FOUND,SKIP_QTY_ON_HAND
FS312SB,"Harmony 8"" Widespread Faucet - Satin Brass","Harmony 8"" Widespread Faucet - Satin Brass",PLUMBING,PLUMBING,PLUMB-LOT,BOISE WAREHOUSE=0,ELIGIBLE,,BA0013051,"Westover, Inc.",HIGH,prefix FS31 maps to BA0013051 in 18/18 existing vendor-populated StockItems.,,FOUND,READY
FS313PN,Harmony Single Hole Faucet - Polished Nickel,Harmony Single Hole Faucet - Polished Nickel,PLUMBING,PLUMBING,PLUMB-LOT,BOISE WAREHOUSE=0,ELIGIBLE,,BA0013051,"Westover, Inc.",HIGH,prefix FS31 maps to BA0013051 in 18/18 existing vendor-populated StockItems.,,FOUND,READY
FS324BK,"Opera 8"" Widespread Bathroom Faucet With Arc Spout And Disc Handles","Opera 8"" Widespread Bathroom Faucet With Arc Spout And Disc Handles",PLUMBING,PLUMBING,PLUMB-LOT,BOISE WAREHOUSE=0,ELIGIBLE,"BA0013051 Westover, Inc.",BA0013051,"Westover, Inc.",HIGH,Current StockItem VendorDetails contains 1 vendor row(s); selected first active VendorID BA0013051.,,FOUND,READY
FS400V,TUB FAUCET ROUGH,TUB FAUCET ROUGH,PLUMBING,PLUMBING,PLUMB-LOT,BOISE WAREHOUSE=0,ELIGIBLE,"BA0013051 Westover, Inc.",BA0013051,"Westover, Inc.",HIGH,Current StockItem VendorDetails contains 1 vendor row(s); selected first active VendorID BA0013051.,,FOUND,READY
FS410BK,Opera 3 Hole Deck Mount Tub Filler With Lever Handles - Matte Black,Opera 3 Hole Deck Mount Tub Filler With Lever Handles - Matte Black,PLUMBING,PLUMBING,PLUMB-LOT,BOISE WAREHOUSE=0,ELIGIBLE,,BA0013051,"Westover, Inc.",MEDIUM,brand-token OPERA suggests BA0013051 in 6/6 existing vendor-populated StockItems; manual review required.,,FOUND,VENDOR_REVIEW_REQUIRED
FS410SB,Opera 3 Hole Deck Mount Tub Filler With Lever Handles - Satin Brass,Opera 3 Hole Deck Mount Tub Filler With Lever Handles - Satin Brass,PLUMBING,PLUMBING,PLUMB-LOT,BOISE WAREHOUSE=0,ELIGIBLE,,BA0013051,"Westover, Inc.",MEDIUM,brand-token OPERA suggests BA0013051 in 6/6 existing vendor-populated StockItems; manual review required.,,FOUND,VENDOR_REVIEW_REQUIRED
FS418SB,Harmony 3-hole Wall Mount Tub Filler - Satin Brass,Harmony 3-hole Wall Mount Tub Filler - Satin Brass,PLUMBING,PLUMBING,PLUMB-LOT,BOISE WAREHOUSE=0,ELIGIBLE,,BA0013051,"Westover, Inc.",MEDIUM,brand-token HARMONY suggests BA0013051 in 10/10 existing vendor-populated StockItems; manual review required.,,FOUND,VENDOR_REVIEW_REQUIRED
FS428BK,Opera 3 Hole Deck Mount Tub Filler With Arc Spout And Lever Handles - Matte Black,Opera 3 Hole Deck Mount Tub Filler With Arc Spout And Lever Handles - Matte Black,PLUMBING,PLUMBING,PLUMB-LOT,BOISE WAREHOUSE=0,ELIGIBLE,,BA0013051,"Westover, Inc.",MEDIUM,brand-token OPERA suggests BA0013051 in 6/6 existing vendor-populated StockItems; manual review required.,,FOUND,VENDOR_REVIEW_REQUIRED
FS511TKBN,Classic Floor Mount Tub Filler Trim Kit with Hand Held Shower - Brushed Nickel,Classic Floor Mount Tub Filler Trim Kit with Hand Held Shower - Brushed Nickel,PLUMBING,PLUMBING,PLUMB-LOT,BOISE WAREHOUSE=1,SKIP_QTY_ON_HAND,"BA0013051 Westover, Inc.",BA0013051,"Westover, Inc.",HIGH,Current StockItem VendorDetails contains 1 vendor row(s); selected first active VendorID BA0013051.,,FOUND,SKIP_QTY_ON_HAND
FSB6533-MW,Trinity – Free Standing Round Bowl Tub - Matte White,Trinity – Free Standing Round Bowl Tub - Matte White,PLUMBING,PLUMBING,PLUMB-LOT,SALT LAKE PLUMBING=0,ELIGIBLE,,,,NONE,No current VendorDetails row and no deterministic existing StockItem pattern met the audit threshold.,,FOUND,VENDOR_REVIEW_REQUIRED
FV203/J1.0-UPB,"Industrial Chic Wall Mounted Lavatory Faucet, Less Drain Assembly, Trim Only - Unlacquered Polished Brass","Industrial Chic Wall Mounted Lavatory Faucet, Less Drain Assembly, Trim Only - Unlacquered Polished Brass",PLUMBING,PLUMBING,PLUMB-LOT,(no WarehouseDetails rows),ELIGIBLE,,BA0015235,Franz Viegener,MEDIUM,brand-token CHIC suggests BA0015235 in 8/8 existing vendor-populated StockItems; manual review required.,,FOUND,VENDOR_REVIEW_REQUIRED
FV248.02-UPB,Universal Push Down Pop Up With Overflow With Extra Long Tallpiece - Unlacquered Polished Brass,Universal Push Down Pop Up With Overflow With Extra Long Tallpiece - Unlacquered Polished Brass,PLUMBING,PLUMBING,PLUMB-LOT,(no WarehouseDetails rows),ELIGIBLE,,,,NONE,No current VendorDetails row and no deterministic existing StockItem pattern met the audit threshold.,,FOUND,VENDOR_REVIEW_REQUIRED
FV412.01/K3H-BG,Franz Viegener Classic H Single Handle Deck Mount Kitchen - Brushed Gold PVD,Franz Viegener Classic H Single Handle Deck Mount Kitchen - Brushed Gold PVD,PLUMBING,PLUMBING,PLUMB-LOT,SALT LAKE PLUMBING=0,ELIGIBLE,BA0015235 Franz Viegener,BA0015235,Franz Viegener,HIGH,Current StockItem VendorDetails contains 1 vendor row(s); selected first active VendorID BA0015235.,,FOUND,READY
FV412.01/K3H-PC,Franz Viegener Classic H Single Handle Deck Mount Kitchen - Polished Chrome,Franz Viegener Classic H Single Handle Deck Mount Kitchen - Polished Chrome,PLUMBING,PLUMBING,PLUMB-LOT,SALT LAKE PLUMBING=0,ELIGIBLE,BA0015235 Franz Viegener,BA0015235,Franz Viegener,HIGH,Current StockItem VendorDetails contains 1 vendor row(s); selected first active VendorID BA0015235.,,FOUND,READY
FV412/K3H-BG,Franz Viegener Classic H Single Handle Deck Mount Kitchen - Brushed Gold PVD,Franz Viegener Classic H Single Handle Deck Mount Kitchen - Brushed Gold PVD,PLUMBING,PLUMBING,PLUMB-LOT,SALT LAKE PLUMBING=0,ELIGIBLE,BA0015235 Franz Viegener,BA0015235,Franz Viegener,HIGH,Current StockItem VendorDetails contains 1 vendor row(s); selected first active VendorID BA0015235.,,FOUND,READY
FV412/K3H-SGR,Classic H Single Handle Deck Mount Kitchen - Satin Greystone PVD,Classic H Single Handle Deck Mount Kitchen - Satin Greystone PVD,PLUMBING,PLUMBING,PLUMB-LOT,SALT LAKE PLUMBING=0,ELIGIBLE,BA0015235 Franz Viegener,BA0015235,Franz Viegener,HIGH,Current StockItem VendorDetails contains 1 vendor row(s); selected first active VendorID BA0015235.,,FOUND,READY
FV467/K3-BG,Franz Viegener Kitchen Collection Air Switch - Brushed Gold PVD,Franz Viegener Kitchen Collection Air Switch - Brushed Gold PVD,PLUMBING,PLUMBING,PLUMB-LOT,SALT LAKE PLUMBING=2,SKIP_QTY_ON_HAND,BA0015235 Franz Viegener,BA0015235,Franz Viegener,HIGH,Current StockItem VendorDetails contains 1 vendor row(s); selected first active VendorID BA0015235.,,FOUND,SKIP_QTY_ON_HAND
FV467/K3-SGR,Kitchen Collection Air Switch - Satin Greystone PVD,Kitchen Collection Air Switch - Satin Greystone PVD,PLUMBING,PLUMBING,PLUMB-LOT,SALT LAKE PLUMBING=0,ELIGIBLE,BA0015235 Franz Viegener,BA0015235,Franz Viegener,HIGH,Current StockItem VendorDetails contains 1 vendor row(s); selected first active VendorID BA0015235.,,FOUND,READY
FXDTIF6524BK,"FX Series 24"" Complete Kit With Discorectangle Tile Insert Frame - Matte Black","FX Series 24"" Complete Kit With Discorectangle Tile Insert Frame - Matte Black",PLUMBING,PLUMBING,PLUMB-LOT,(no WarehouseDetails rows),ELIGIBLE,,,,NONE,No current VendorDetails row and no deterministic existing StockItem pattern met the audit threshold.,,FOUND,VENDOR_REVIEW_REQUIRED
G-0001-OB,Dual Flush Actuator Plate - Olive Bronze,Dual Flush Actuator Plate - Olive Bronze,PLUMBING,PLUMBING,PLUMB-LOT,BOISE WAREHOUSE=3,SKIP_QTY_ON_HAND,BA0000727 Graff Faucets Co.,BA0000727,Graff Faucets Co.,HIGH,Current StockItem VendorDetails contains 1 vendor row(s); selected first active VendorID BA0000727.,,FOUND,SKIP_QTY_ON_HAND
G-1011,Rough Valve,Rough Valve,PLUMBING,PLUMBING,PLUMB-LOT,SALT LAKE HARDWARE=0,ELIGIBLE,,,,NONE,No current VendorDetails row and no deterministic existing StockItem pattern met the audit threshold.,,FOUND,VENDOR_REVIEW_REQUIRED
G-11422-LM57B-OX,Harley Two Hole Lavatory Faucet - Onyx PVD,Harley Two Hole Lavatory Faucet - Onyx PVD,PLUMBING,PLUMBING,PLUMB-LOT,(no WarehouseDetails rows),ELIGIBLE,,BA0000727,Graff Faucets Co.,MEDIUM,brand-token HARLEY suggests BA0000727 in 9/9 existing vendor-populated StockItems; manual review required.,,FOUND,VENDOR_REVIEW_REQUIRED
G-11500-***-L2**-BOX,Single Hole Lavatory Faucet - Brushed Onyx PVD,Single Hole Lavatory Faucet - Brushed Onyx PVD,PLUMBING,PLUMBING,PLUMB-LOT,SALT LAKE PLUMBING=0,ELIGIBLE,,,,NONE,No current VendorDetails row and no deterministic existing StockItem pattern met the audit threshold.,,FOUND,VENDOR_REVIEW_REQUIRED
G-11666-OB,"Cameo 7-3/16"" Contemporary Tub Spout - Olive Bronze","Cameo 7-3/16"" Contemporary Tub Spout - Olive Bronze",PLUMBING,PLUMBING,PLUMB-LOT,BOISE WAREHOUSE=1,SKIP_QTY_ON_HAND,BA0000727 Graff Faucets Co.,BA0000727,Graff Faucets Co.,HIGH,Current StockItem VendorDetails contains 1 vendor row(s); selected first active VendorID BA0000727.,,FOUND,SKIP_QTY_ON_HAND
G-4335-LM57L-BNI,Graff Harley Pull-Down Kitchen Faucet - Brushed Nickel,Graff Harley Pull-Down Kitchen Faucet - Brushed Nickel,PLUMBING,PLUMBING,PLUMB-LOT,BOISE WAREHOUSE=1,SKIP_QTY_ON_HAND,BA0000727 Graff Faucets Co.,BA0000727,Graff Faucets Co.,HIGH,Current StockItem VendorDetails contains 1 vendor row(s); selected default active VendorID BA0000727.,,FOUND,SKIP_QTY_ON_HAND
G-4335-LM57L-GM,Harley Pull-Down Kitchen Faucet - Gunmetal PVD,Harley Pull-Down Kitchen Faucet - Gunmetal PVD,PLUMBING,PLUMBING,PLUMB-LOT,BOISE WAREHOUSE=0,ELIGIBLE,BA0000727 Graff Faucets Co.,BA0000727,Graff Faucets Co.,HIGH,Current StockItem VendorDetails contains 1 vendor row(s); selected first active VendorID BA0000727.,,FOUND,READY
G-4335-LM57L-SG,Harley Pull-Down Kitchen Faucet - Satin Gold PVD,Harley Pull-Down Kitchen Faucet - Satin Gold PVD,PLUMBING,PLUMBING,PLUMB-LOT,BOISE WAREHOUSE=0,ELIGIBLE,,BA0000727,Graff Faucets Co.,MEDIUM,brand-token HARLEY suggests BA0000727 in 9/9 existing vendor-populated StockItems; manual review required.,,FOUND,VENDOR_REVIEW_REQUIRED
G-4910-LM57P-BB,Harley Kitchen Pot Filler Faucet - Brushed Brass PVD,Harley Kitchen Pot Filler Faucet - Brushed Brass PVD,PLUMBING,PLUMBING,PLUMB-LOT,BOISE WAREHOUSE=0,ELIGIBLE,BA0000727 Graff Faucets Co.,BA0000727,Graff Faucets Co.,HIGH,Current StockItem VendorDetails contains 1 vendor row(s); selected default active VendorID BA0000727.,,FOUND,READY
G-5330-LM57L-GM,Harley Pull-Down Bar / Prep Faucet - Gunmetal PVD,Harley Pull-Down Bar / Prep Faucet - Gunmetal PVD,PLUMBING,PLUMBING,PLUMB-LOT,BOISE WAREHOUSE=0,ELIGIBLE,BA0000727 Graff Faucets Co.,BA0000727,Graff Faucets Co.,HIGH,Current StockItem VendorDetails contains 1 vendor row(s); selected first active VendorID BA0000727.,,FOUND,READY
G-5672-LM49J-SN,Sospiro Pull-Down Bar / Prep Faucet With Cosmopolitan Sprayer - Steelnox Satin Nickel,Sospiro Pull-Down Bar / Prep Faucet With Cosmopolitan Sprayer - Steelnox Satin Nickel,PLUMBING,PLUMBING,PLUMB-LOT,(no WarehouseDetails rows),ELIGIBLE,,,,NONE,No current VendorDetails row and no deterministic existing StockItem pattern met the audit threshold.,,FOUND,VENDOR_REVIEW_REQUIRED
G-5950C-LM49D-SN,Sospiro Cold Water Dispenser - Steelnox Satin Nickel,Sospiro Cold Water Dispenser - Steelnox Satin Nickel,PLUMBING,PLUMBING,PLUMB-LOT,(no WarehouseDetails rows),ELIGIBLE,,,,NONE,No current VendorDetails row and no deterministic existing StockItem pattern met the audit threshold.,,FOUND,VENDOR_REVIEW_REQUIRED
G-5965C-LM57D-BB,Harley Cold Water Dispenser - Brushed Brass PVD,Harley Cold Water Dispenser - Brushed Brass PVD,PLUMBING,PLUMBING,PLUMB-LOT,BOISE WAREHOUSE=0,ELIGIBLE,BA0000727 Graff Faucets Co.,BA0000727,Graff Faucets Co.,HIGH,Current StockItem VendorDetails contains 1 vendor row(s); selected default active VendorID BA0000727.,,FOUND,READY
G-5965H-LM57D-GM,Harley Hot Water Dispenser - Gunmetal PVD,Harley Hot Water Dispenser - Gunmetal PVD,PLUMBING,PLUMBING,PLUMB-LOT,BOISE WAREHOUSE=0,ELIGIBLE,BA0000727 Graff Faucets Co.,BA0000727,Graff Faucets Co.,HIGH,Current StockItem VendorDetails contains 1 vendor row(s); selected first active VendorID BA0000727.,,FOUND,READY
G-6130-LM37W-GM-T,"M.E. Wall Mounted Lavatory Faucet, Trim - Gunmetal PVD","M.E. Wall Mounted Lavatory Faucet, Trim - Gunmetal PVD",PLUMBING,PLUMBING,PLUMB-LOT,SALT LAKE HARDWARE=0,ELIGIBLE,,,,NONE,No current VendorDetails row and no deterministic existing StockItem pattern met the audit threshold.,,FOUND,VENDOR_REVIEW_REQUIRED
G-6710-C17B-BOX,Terra Widespread Lavatory Faucet - Brushed Onyx PVD,Terra Widespread Lavatory Faucet - Brushed Onyx PVD,PLUMBING,PLUMBING,PLUMB-LOT,(no WarehouseDetails rows),ELIGIBLE,,,,NONE,No current VendorDetails row and no deterministic existing StockItem pattern met the audit threshold.,,FOUND,VENDOR_REVIEW_REQUIRED
G-6710N-C17B-BOX,Terra Widespread Lavatory Faucet - Brushed Onyx PVD,Terra Widespread Lavatory Faucet - Brushed Onyx PVD,PLUMBING,PLUMBING,PLUMB-LOT,(no WarehouseDetails rows),ELIGIBLE,,,,NONE,No current VendorDetails row and no deterministic existing StockItem pattern met the audit threshold.,,FOUND,VENDOR_REVIEW_REQUIRED
G-6910-C16B-SG,Camden Widespread Lavatory Faucet With Cross Handle - Satin Gold PVD,Camden Widespread Lavatory Faucet With Cross Handle - Satin Gold PVD,PLUMBING,PLUMBING,PLUMB-LOT,SALT LAKE PLUMBING=0,ELIGIBLE,,,,NONE,No current VendorDetails row and no deterministic existing StockItem pattern met the audit threshold.,,FOUND,VENDOR_REVIEW_REQUIRED
G-6950-C16B-SG-T,"Camden Roman Tub, Trim - Satin Gold PVD","Camden Roman Tub, Trim - Satin Gold PVD",PLUMBING,PLUMBING,PLUMB-LOT,SALT LAKE PLUMBING=0,ELIGIBLE,,,,NONE,No current VendorDetails row and no deterministic existing StockItem pattern met the audit threshold.,,FOUND,VENDOR_REVIEW_REQUIRED
G-8047-C17E0-BOX-T,M.E. And Terra Round M-Series Valve Trim With Two Handles - Brushed Onyx PVD,M.E. And Terra Round M-Series Valve Trim With Two Handles - Brushed Onyx PVD,PLUMBING,PLUMBING,PLUMB-LOT,(no WarehouseDetails rows),ELIGIBLE,,,,NONE,No current VendorDetails row and no deterministic existing StockItem pattern met the audit threshold.,,FOUND,VENDOR_REVIEW_REQUIRED
G-8307-BOX,Showerhead With Shower Arm - Brushed Onyx PVD,Showerhead With Shower Arm - Brushed Onyx PVD,PLUMBING,PLUMBING,PLUMB-LOT,(no WarehouseDetails rows),ELIGIBLE,,,,NONE,No current VendorDetails row and no deterministic existing StockItem pattern met the audit threshold.,,FOUND,VENDOR_REVIEW_REQUIRED
G-8307-OB,Showerhead With Shower Arm - Olive Bronze,Showerhead With Shower Arm - Olive Bronze,PLUMBING,PLUMBING,PLUMB-LOT,SALT LAKE HARDWARE=0,ELIGIBLE,,,,NONE,No current VendorDetails row and no deterministic existing StockItem pattern met the audit threshold.,,FOUND,VENDOR_REVIEW_REQUIRED
G-8309-SG,Traditional Showerhead With Arm - Satin Gold PVD,Traditional Showerhead With Arm - Satin Gold PVD,PLUMBING,PLUMBING,PLUMB-LOT,SALT LAKE PLUMBING=0,ELIGIBLE,,,,NONE,No current VendorDetails row and no deterministic existing StockItem pattern met the audit threshold.,,FOUND,VENDOR_REVIEW_REQUIRED
G-8403-SG,"2-3/4"" Multi-Function Showerhead - Satin Gold PVD","2-3/4"" Multi-Function Showerhead - Satin Gold PVD",PLUMBING,PLUMBING,PLUMB-LOT,SALT LAKE PLUMBING=0,ELIGIBLE,,,,NONE,No current VendorDetails row and no deterministic existing StockItem pattern met the audit threshold.,,FOUND,VENDOR_REVIEW_REQUIRED
G-8508-SG,"11"" Transitional Shower Arm - Satin Gold PVD","11"" Transitional Shower Arm - Satin Gold PVD",PLUMBING,PLUMBING,PLUMB-LOT,SALT LAKE PLUMBING=0,ELIGIBLE,,,,NONE,No current VendorDetails row and no deterministic existing StockItem pattern met the audit threshold.,,FOUND,VENDOR_REVIEW_REQUIRED
G-8593-SG,"Contemporary 9"" Shower Arm - Satin Gold PVD","Contemporary 9"" Shower Arm - Satin Gold PVD",PLUMBING,PLUMBING,PLUMB-LOT,(no WarehouseDetails rows),ELIGIBLE,,,,NONE,No current VendorDetails row and no deterministic existing StockItem pattern met the audit threshold.,,FOUND,VENDOR_REVIEW_REQUIRED
G-8604-SG,Traditional Handshower - Satin Gold PVD,Traditional Handshower - Satin Gold PVD,PLUMBING,PLUMBING,PLUMB-LOT,(no WarehouseDetails rows),ELIGIBLE,,,,NONE,No current VendorDetails row and no deterministic existing StockItem pattern met the audit threshold.,,FOUND,VENDOR_REVIEW_REQUIRED
G-8618B-WB,Graff Handshower Wall Bracket With Integrated Wall Supply Elbow - Warm Bronze PVD,Graff Handshower Wall Bracket With Integrated Wall Supply Elbow - Warm Bronze PVD,PLUMBING,PLUMBING,PLUMB-LOT,BOISE WAREHOUSE=0,ELIGIBLE,BA0000727 Graff Faucets Co.,BA0000727,Graff Faucets Co.,HIGH,Current StockItem VendorDetails contains 1 vendor row(s); selected first active VendorID BA0000727.,,FOUND,READY
G-8660-BOX,Contemporary Handshower With Wall Mounted Slide Bar - Brushed Onyx PVD,Contemporary Handshower With Wall Mounted Slide Bar - Brushed Onyx PVD,PLUMBING,PLUMBING,PLUMB-LOT,(no WarehouseDetails rows),ELIGIBLE,,,,NONE,No current VendorDetails row and no deterministic existing StockItem pattern met the audit threshold.,,FOUND,VENDOR_REVIEW_REQUIRED
G-8719-SG,"Handshower Set With Wall Bracket And 59"" Hose - Satin Gold PVD","Handshower Set With Wall Bracket And 59"" Hose - Satin Gold PVD",PLUMBING,PLUMBING,PLUMB-LOT,SALT LAKE PLUMBING=0,ELIGIBLE,,,,NONE,No current VendorDetails row and no deterministic existing StockItem pattern met the audit threshold.,,FOUND,VENDOR_REVIEW_REQUIRED
G-8720-OB,Contemporary Handshower With Wall Mounted Slide Bar - Olive Bronze,Contemporary Handshower With Wall Mounted Slide Bar - Olive Bronze,PLUMBING,PLUMBING,PLUMB-LOT,BOISE WAREHOUSE=1,SKIP_QTY_ON_HAND,BA0000727 Graff Faucets Co.,BA0000727,Graff Faucets Co.,HIGH,Current StockItem VendorDetails contains 1 vendor row(s); selected first active VendorID BA0000727.,,FOUND,SKIP_QTY_ON_HAND
G-9131-OB,M.E. Robe / Towel Hook - Olive Bronze,M.E. Robe / Towel Hook - Olive Bronze,PLUMBING,PLUMBING,PLUMB-LOT,SALT LAKE HARDWARE=0,ELIGIBLE,,,,NONE,No current VendorDetails row and no deterministic existing StockItem pattern met the audit threshold.,,FOUND,VENDOR_REVIEW_REQUIRED
G-9516-BOX,"Round Grab Bar, 16"" - Brushed Onyx PVD","Round Grab Bar, 16"" - Brushed Onyx PVD",PLUMBING,PLUMBING,PLUMB-LOT,(no WarehouseDetails rows),ELIGIBLE,,,,NONE,No current VendorDetails row and no deterministic existing StockItem pattern met the audit threshold.,,FOUND,VENDOR_REVIEW_REQUIRED
G-9524-BOX,"Round Grab Bar, 24"" - Brushed Onyx PVD","Round Grab Bar, 24"" - Brushed Onyx PVD",PLUMBING,PLUMBING,PLUMB-LOT,(no WarehouseDetails rows),ELIGIBLE,,,,NONE,No current VendorDetails row and no deterministic existing StockItem pattern met the audit threshold.,,FOUND,VENDOR_REVIEW_REQUIRED
G-9532-BOX,"Round Grab Bar, 32"" - Brushed Onyx PVD","Round Grab Bar, 32"" - Brushed Onyx PVD",PLUMBING,PLUMBING,PLUMB-LOT,(no WarehouseDetails rows),ELIGIBLE,,,,NONE,No current VendorDetails row and no deterministic existing StockItem pattern met the audit threshold.,,FOUND,VENDOR_REVIEW_REQUIRED
G-9544-BOX,"Round Grab Bar, 32"" With Handshower Holder - Brushed Onyx PVD","Round Grab Bar, 32"" With Handshower Holder - Brushed Onyx PVD",PLUMBING,PLUMBING,PLUMB-LOT,(no WarehouseDetails rows),ELIGIBLE,,,,NONE,No current VendorDetails row and no deterministic existing StockItem pattern met the audit threshold.,,FOUND,VENDOR_REVIEW_REQUIRED
G-9924-GM,Harley Soap / Lotion Dispenser - Gunmetal PVD,Harley Soap / Lotion Dispenser - Gunmetal PVD,PLUMBING,PLUMBING,PLUMB-LOT,BOISE WAREHOUSE=0,ELIGIBLE,BA0000727 Graff Faucets Co.,BA0000727,Graff Faucets Co.,HIGH,Current StockItem VendorDetails contains 1 vendor row(s); selected first active VendorID BA0000727.,,FOUND,READY
G-9946-BNI-T,Graff Harley Air Switch Trim - Brushed Nickel,Graff Harley Air Switch Trim - Brushed Nickel,PLUMBING,PLUMBING,PLUMB-LOT,BOISE WAREHOUSE=1,SKIP_QTY_ON_HAND,BA0000727 Graff Faucets Co.,BA0000727,Graff Faucets Co.,HIGH,Current StockItem VendorDetails contains 1 vendor row(s); selected default active VendorID BA0000727.,,FOUND,SKIP_QTY_ON_HAND
G-9946-GM-T,Graff Harley Air Switch Trim - Gunmetal PVD,Graff Harley Air Switch Trim - Gunmetal PVD,PLUMBING,PLUMBING,PLUMB-LOT,BOISE WAREHOUSE=0,ELIGIBLE,BA0000727 Graff Faucets Co.,BA0000727,Graff Faucets Co.,HIGH,Current StockItem VendorDetails contains 1 vendor row(s); selected first active VendorID BA0000727.,,FOUND,READY
G-9946-SG-T,Harley Air Switch Trim - Satin Gold PVD,Harley Air Switch Trim - Satin Gold PVD,PLUMBING,PLUMBING,PLUMB-LOT,BOISE WAREHOUSE=0,ELIGIBLE,,BA0000727,Graff Faucets Co.,MEDIUM,brand-token HARLEY suggests BA0000727 in 9/9 existing vendor-populated StockItems; manual review required.,,FOUND,VENDOR_REVIEW_REQUIRED
G-9947-SN-T,"Futurismo, Sospiro, Perfeque And Manhattan Air Switch Trim - Steelnox Satin Nickel","Futurismo, Sospiro, Perfeque And Manhattan Air Switch Trim - Steelnox Satin Nickel",PLUMBING,PLUMBING,PLUMB-LOT,(no WarehouseDetails rows),ELIGIBLE,,,,NONE,No current VendorDetails row and no deterministic existing StockItem pattern met the audit threshold.,,FOUND,VENDOR_REVIEW_REQUIRED
GKIT7545LMULB-2,"Lux Hot Water Dispenser, Tank And Filter Kit - Unlacquered Brass","Lux Hot Water Dispenser, Tank And Filter Kit - Unlacquered Brass",PLUMBING,PLUMBING,PLUMB-LOT,(no WarehouseDetails rows),ELIGIBLE,,,,NONE,No current VendorDetails row and no deterministic existing StockItem pattern met the audit threshold.,,FOUND,VENDOR_REVIEW_REQUIRED
GT529-TDC,Port Haven 1 Handle Pull Down Kitchen Faucet - Polished Chrome,Port Haven 1 Handle Pull Down Kitchen Faucet - Polished Chrome,PLUMBING,PLUMBING,PLUMB-LOT,SALT LAKE PLUMBING=0,ELIGIBLE,,BA0015641,Pfister,HIGH,prefix GT529 maps to BA0015641 in 10/10 existing vendor-populated StockItems.,,FOUND,READY
GT529-TDY,Port Haven 1 Handle Pull Down Kitchen Faucet - Tuscan Bronze,Port Haven 1 Handle Pull Down Kitchen Faucet - Tuscan Bronze,PLUMBING,PLUMBING,PLUMB-LOT,BOISE WAREHOUSE=0,ELIGIBLE,,BA0015641,Pfister,HIGH,prefix GT529 maps to BA0015641 in 10/10 existing vendor-populated StockItems.,,FOUND,READY
GUDV2T-UF,Waterworks ViaWorks Two Way Thermostatic Diverter Valve,Waterworks ViaWorks Two Way Thermostatic Diverter Valve,PLUMBING,PLUMBING,PLUMB-LOT,SALT LAKE PLUMBING=0,ELIGIBLE,"BA0000008 Waterworks Operating Co., LLC",BA0000008,"Waterworks Operating Co., LLC",HIGH,Current StockItem VendorDetails contains 1 vendor row(s); selected first active VendorID BA0000008.,,FOUND,READY
GUTH38-UF,"Waterworks ViaWorks 3/4"" Thermostatic Valve With Trim Adapter","Waterworks ViaWorks 3/4"" Thermostatic Valve With Trim Adapter",PLUMBING,PLUMBING,PLUMB-LOT,SALT LAKE PLUMBING=2; JACKSON WAREHOUSE=0,SKIP_QTY_ON_HAND,"BA0000008 Waterworks Operating Co., LLC",BA0000008,"Waterworks Operating Co., LLC",HIGH,Current StockItem VendorDetails contains 1 vendor row(s); selected first active VendorID BA0000008.,,FOUND,SKIP_QTY_ON_HAND
GUVC17-UF,"ViaWorks 3/4"" Clockwise Open Volume Control Valve With Exact Handle Alignment","ViaWorks 3/4"" Clockwise Open Volume Control Valve With Exact Handle Alignment",PLUMBING,PLUMBING,PLUMB-LOT,SALT LAKE PLUMBING=0,ELIGIBLE,,BA0000008,"Waterworks Operating Co., LLC",MEDIUM,brand-token VIAWORKS suggests BA0000008 in 5/5 existing vendor-populated StockItems; manual review required.,,FOUND,VENDOR_REVIEW_REQUIRED
GUXT01-UF,Formwork Floor Inlet Rough,Formwork Floor Inlet Rough,PLUMBING,PLUMBING,PLUMB-LOT,(no WarehouseDetails rows),ELIGIBLE,,,,NONE,No current VendorDetails row and no deterministic existing StockItem pattern met the audit threshold.,,FOUND,VENDOR_REVIEW_REQUIRED
H100L-21,"Lacava Hoteliere Grab Bar Made Of Stainless Steel, 24"" - Brushed Stainless Steel","Lacava Hoteliere Grab Bar Made Of Stainless Steel, 24"" - Brushed Stainless Steel",PLUMBING,PLUMBING,PLUMB-LOT,BOISE WAREHOUSE=0,ELIGIBLE,BA0000736 Lacava LLC,BA0000736,Lacava LLC,HIGH,Current StockItem VendorDetails contains 1 vendor row(s); selected first active VendorID BA0000736.,,FOUND,READY
H103-21,"Lacava Hoteliere Grab Bar Made Of Stainless Steel, 17"" - Brushed Stainless Steel","Lacava Hoteliere Grab Bar Made Of Stainless Steel, 17"" - Brushed Stainless Steel",PLUMBING,PLUMBING,PLUMB-LOT,BOISE WAREHOUSE=0,ELIGIBLE,BA0000736 Lacava LLC,BA0000736,Lacava LLC,HIGH,Current StockItem VendorDetails contains 1 vendor row(s); selected first active VendorID BA0000736.,,FOUND,READY
H261UN-G,Kubista Under Counter Bathroom Sink Made Of Solid Surface With An Overflow - Gloss White,Kubista Under Counter Bathroom Sink Made Of Solid Surface With An Overflow - Gloss White,PLUMBING,PLUMBING,PLUMB-LOT,SALT LAKE APPLIANCES=0; SALT LAKE PLUMBING=0,ELIGIBLE,BA0000736 Lacava LLC,BA0000736,Lacava LLC,HIGH,Current StockItem VendorDetails contains 1 vendor row(s); selected first active VendorID BA0000736.,,FOUND,READY
H599CZ-PR,"Delta Broderick 2 Handle Roman Tub Handle Kit, Cross - Lumicoat Champagne Bronze","Delta Broderick 2 Handle Roman Tub Handle Kit, Cross - Lumicoat Champagne Bronze",PLUMBING,PLUMBING,PLUMB-LOT,BOISE WAREHOUSE=1,SKIP_QTY_ON_HAND,BA0000714 Delta Faucet Company,BA0000714,Delta Faucet Company,HIGH,Current StockItem VendorDetails contains 1 vendor row(s); selected first active VendorID BA0000714.,,FOUND,SKIP_QTY_ON_HAND
HGHS01-18B,Highgate Handshower On Hook With White Handle - Brass,Highgate Handshower On Hook With White Handle - Brass,PLUMBING,PLUMBING,PLUMB-LOT,SALT LAKE PLUMBING=0,ELIGIBLE,,BA0000008,"Waterworks Operating Co., LLC",MEDIUM,brand-token HIGHGATE suggests BA0000008 in 9/9 existing vendor-populated StockItems; manual review required.,,FOUND,VENDOR_REVIEW_REQUIRED
HGLS10-12BWH,Highgate Lavatory Faucet With White Porcelain Lever Handles - White / Brass,Highgate Lavatory Faucet With White Porcelain Lever Handles - White / Brass,PLUMBING,PLUMBING,PLUMB-LOT,SALT LAKE PLUMBING=0,ELIGIBLE,,BA0000008,"Waterworks Operating Co., LLC",HIGH,prefix HGLS maps to BA0000008 in 3/3 existing vendor-populated StockItems.,,FOUND,READY
HGLS10-12NWH,Waterworks Highgate Lavatory Faucet With White Porcelain Lever Handles - Nickel,Waterworks Highgate Lavatory Faucet With White Porcelain Lever Handles - Nickel,PLUMBING,PLUMBING,PLUMB-LOT,SALT LAKE PLUMBING=1,SKIP_QTY_ON_HAND,"BA0000008 Waterworks Operating Co., LLC",BA0000008,"Waterworks Operating Co., LLC",HIGH,Current StockItem VendorDetails contains 1 vendor row(s); selected first active VendorID BA0000008.,,FOUND,SKIP_QTY_ON_HAND
HGVC40-B,Highgate Volume Control With Cross Handle - Brass,Highgate Volume Control With Cross Handle - Brass,PLUMBING,PLUMBING,PLUMB-LOT,SALT LAKE PLUMBING=0,ELIGIBLE,,BA0000008,"Waterworks Operating Co., LLC",MEDIUM,brand-token HIGHGATE suggests BA0000008 in 9/9 existing vendor-populated StockItems; manual review required.,,FOUND,VENDOR_REVIEW_REQUIRED
HGXT40-18N,Highgate Deck Mounted Exposed Tub Filler With Handshower And Cross Handles - Nickel,Highgate Deck Mounted Exposed Tub Filler With Handshower And Cross Handles - Nickel,PLUMBING,PLUMBING,PLUMB-LOT,SALT LAKE PLUMBING=0,ELIGIBLE,,BA0000008,"Waterworks Operating Co., LLC",MEDIUM,brand-token HIGHGATE suggests BA0000008 in 9/9 existing vendor-populated StockItems; manual review required.,,FOUND,VENDOR_REVIEW_REQUIRED
HGXT60-18B,Highgate Floor Mounted Exposed Tub Filler With Handshower And Cross Handles - Brass,Highgate Floor Mounted Exposed Tub Filler With Handshower And Cross Handles - Brass,PLUMBING,PLUMBING,PLUMB-LOT,SALT LAKE PLUMBING=0,ELIGIBLE,,BA0000008,"Waterworks Operating Co., LLC",MEDIUM,brand-token HIGHGATE suggests BA0000008 in 9/9 existing vendor-populated StockItems; manual review required.,,FOUND,VENDOR_REVIEW_REQUIRED
HKM211-18B,Henry Gooseneck Kitchen Faucet With Lever Handle And Spray - Brass,Henry Gooseneck Kitchen Faucet With Lever Handle And Spray - Brass,PLUMBING,PLUMBING,PLUMB-LOT,SALT LAKE PLUMBING=0,ELIGIBLE,,BA0000008,"Waterworks Operating Co., LLC",HIGH,prefix HKM maps to BA0000008 in 7/7 existing vendor-populated StockItems.,,FOUND,READY
HKM311-18B,Henry Three Hole Gooseneck Kitchen Faucet With Lever Handles And Spray - Brass,Henry Three Hole Gooseneck Kitchen Faucet With Lever Handles And Spray - Brass,PLUMBING,PLUMBING,PLUMB-LOT,(no WarehouseDetails rows),ELIGIBLE,,BA0000008,"Waterworks Operating Co., LLC",HIGH,prefix HKM maps to BA0000008 in 7/7 existing vendor-populated StockItems.,,FOUND,READY
HKM711-18DN,Henry Gooseneck Integrated Pull Spray Kitchen Faucet With Lever Handle - Dark Nickel,Henry Gooseneck Integrated Pull Spray Kitchen Faucet With Lever Handle - Dark Nickel,PLUMBING,PLUMBING,PLUMB-LOT,(no WarehouseDetails rows),ELIGIBLE,,BA0000008,"Waterworks Operating Co., LLC",HIGH,prefix HKM maps to BA0000008 in 7/7 existing vendor-populated StockItems.,,FOUND,READY
HKM911-18N,Waterworks Henry One Hole Gooseneck Integrated Pull Spray Kitchen Faucet With Lever Handle - Nickel,Waterworks Henry One Hole Gooseneck Integrated Pull Spray Kitchen Faucet With Lever Handle - Nickel,PLUMBING,PLUMBING,PLUMB-LOT,SALT LAKE PLUMBING=3,SKIP_QTY_ON_HAND,"BA0000008 Waterworks Operating Co., LLC",BA0000008,"Waterworks Operating Co., LLC",HIGH,Current StockItem VendorDetails contains 1 vendor row(s); selected first active VendorID BA0000008.,,FOUND,SKIP_QTY_ON_HAND
HL53110-GL,Brizo Roccesco Widespread Lavatory Lever Handle Kit - Luxe Gold,Brizo Roccesco Widespread Lavatory Lever Handle Kit - Luxe Gold,PLUMBING,PLUMBING,PLUMB-LOT,SALT LAKE APPLIANCES=0; SALT LAKE PLUMBING=2,SKIP_QTY_ON_HAND,BA0000714 Delta Faucet Company,BA0000714,Delta Faucet Company,HIGH,Current StockItem VendorDetails contains 1 vendor row(s); selected first active VendorID BA0000714.,,FOUND,SKIP_QTY_ON_HAND
HL53111-BL,Roccesco Widespread Lavatory Bent Lever Handle Kit - Matte Black,Roccesco Widespread Lavatory Bent Lever Handle Kit - Matte Black,PLUMBING,PLUMBING,PLUMB-LOT,SALT LAKE APPLIANCES=0; SALT LAKE PLUMBING=0,ELIGIBLE,BA0000714 Delta Faucet Company,BA0000714,Delta Faucet Company,HIGH,Current StockItem VendorDetails contains 1 vendor row(s); selected first active VendorID BA0000714.,,FOUND,READY
HL58111-BL,Roccesco Single Handle Wall Mount Lavatory Bent Lever Handle Kit - Matte Black,Roccesco Single Handle Wall Mount Lavatory Bent Lever Handle Kit - Matte Black,PLUMBING,PLUMBING,PLUMB-LOT,SALT LAKE APPLIANCES=0; SALT LAKE PLUMBING=0,ELIGIBLE,BA0000714 Delta Faucet Company,BA0000714,Delta Faucet Company,HIGH,Current StockItem VendorDetails contains 1 vendor row(s); selected first active VendorID BA0000714.,,FOUND,READY
HL5865-PG,Beauclere Wall Mount Lavatory Lever Handle Kit - Polished Gold,Beauclere Wall Mount Lavatory Lever Handle Kit - Polished Gold,PLUMBING,PLUMBING,PLUMB-LOT,SALT LAKE PLUMBING=0,ELIGIBLE,,BA0000714,Delta Faucet Company,MEDIUM,brand-token BEAUCLERE suggests BA0000714 in 11/11 existing vendor-populated StockItems; manual review required.,,FOUND,VENDOR_REVIEW_REQUIRED
HL5867-GL,"Brizo Allaria Single Hole, Wall Mount Lavatory Twist Lever Handle - Luxe Gold","Brizo Allaria Single Hole, Wall Mount Lavatory Twist Lever Handle - Luxe Gold",PLUMBING,PLUMBING,PLUMB-LOT,BOISE WAREHOUSE=1,SKIP_QTY_ON_HAND,BA0000714 Delta Faucet Company,BA0000714,Delta Faucet Company,HIGH,Current StockItem VendorDetails contains 1 vendor row(s); selected first active VendorID BA0000714.,,FOUND,SKIP_QTY_ON_HAND
HL6039-GL,Litze Tempassure Thermostatic Trim Handle Kit Notch Lever - Luxe Gold,Litze Tempassure Thermostatic Trim Handle Kit Notch Lever - Luxe Gold,PLUMBING,PLUMBING,PLUMB-LOT,(no WarehouseDetails rows),ELIGIBLE,,,,NONE,No current VendorDetails row and no deterministic existing StockItem pattern met the audit threshold.,,FOUND,VENDOR_REVIEW_REQUIRED
HL66110-GL,Brizo Roccesco Sensori Thermostatic Valve Trim Lever Handle Kit - Luxe Gold,Brizo Roccesco Sensori Thermostatic Valve Trim Lever Handle Kit - Luxe Gold,PLUMBING,PLUMBING,PLUMB-LOT,SALT LAKE APPLIANCES=0; SALT LAKE PLUMBING=1,SKIP_QTY_ON_HAND,BA0000714 Delta Faucet Company,BA0000714,Delta Faucet Company,HIGH,Current StockItem VendorDetails contains 1 vendor row(s); selected first active VendorID BA0000714.,,FOUND,SKIP_QTY_ON_HAND
HL7032-BL,Brizo Litze Single Handle Freestanding Tub Filler Handle Kit Lever - Matte Black,Brizo Litze Single Handle Freestanding Tub Filler Handle Kit Lever - Matte Black,PLUMBING,PLUMBING,PLUMB-LOT,BOISE WAREHOUSE=1,SKIP_QTY_ON_HAND,BA0000714 Delta Faucet Company,BA0000714,Delta Faucet Company,HIGH,Current StockItem VendorDetails contains 1 vendor row(s); selected first active VendorID BA0000714.,,FOUND,SKIP_QTY_ON_HAND
HL70468-GL,Allaria Wall Mount Tub Filler Lever Handle Kit - Luxe Gold,Allaria Wall Mount Tub Filler Lever Handle Kit - Luxe Gold,PLUMBING,PLUMBING,PLUMB-LOT,SALT LAKE PLUMBING=0,ELIGIBLE,,BA0000714,Delta Faucet Company,HIGH,prefix HL704 maps to BA0000714 in 9/9 existing vendor-populated StockItems.,,FOUND,READY
HL7065-PG,Beauclere Single Handle Floor Mount Tub Filler Lever Handle Kit - Polished Gold,Beauclere Single Handle Floor Mount Tub Filler Lever Handle Kit - Polished Gold,PLUMBING,PLUMBING,PLUMB-LOT,SALT LAKE PLUMBING=0,ELIGIBLE,,BA0000714,Delta Faucet Company,MEDIUM,brand-token BEAUCLERE suggests BA0000714 in 11/11 existing vendor-populated StockItems; manual review required.,,FOUND,VENDOR_REVIEW_REQUIRED
HL939-GL,Litze 3 And 6 Setting Diverter Trim Handle Kit Notch Lever - Luxe Gold,Litze 3 And 6 Setting Diverter Trim Handle Kit Notch Lever - Luxe Gold,PLUMBING,PLUMBING,PLUMB-LOT,(no WarehouseDetails rows),ELIGIBLE,,,,NONE,No current VendorDetails row and no deterministic existing StockItem pattern met the audit threshold.,,FOUND,VENDOR_REVIEW_REQUIRED
HLK006-BL,Kintsu Pull Down Faucet Lever Handle Kit - Matte Black,Kintsu Pull Down Faucet Lever Handle Kit - Matte Black,PLUMBING,PLUMBING,PLUMB-LOT,BOISE WAREHOUSE=0,ELIGIBLE,,BA0000714,Delta Faucet Company,HIGH,prefix HLK maps to BA0000714 in 25/25 existing vendor-populated StockItems.,,FOUND,READY
HLK048-ULB,Faircroft Pull Down Faucet Industrial Lever Handle Kit - Unlacquered Brass,Faircroft Pull Down Faucet Industrial Lever Handle Kit - Unlacquered Brass,PLUMBING,PLUMBING,PLUMB-LOT,SALT LAKE PLUMBING=0,ELIGIBLE,,BA0000714,Delta Faucet Company,HIGH,prefix HLK maps to BA0000714 in 25/25 existing vendor-populated StockItems.,,FOUND,READY
HLR048-ULB,Faircroft Bridge Faucet Industrial Lever Handle Kit - Unlacquered Brass,Faircroft Bridge Faucet Industrial Lever Handle Kit - Unlacquered Brass,PLUMBING,PLUMBING,PLUMB-LOT,SALT LAKE PLUMBING=0,ELIGIBLE,,,,NONE,No current VendorDetails row and no deterministic existing StockItem pattern met the audit threshold.,,FOUND,VENDOR_REVIEW_REQUIRED
HLS311-12B,Henry Wall Mounted Lavatory Faucet With Lever Handles - Brass,Henry Wall Mounted Lavatory Faucet With Lever Handles - Brass,PLUMBING,PLUMBING,PLUMB-LOT,(no WarehouseDetails rows),ELIGIBLE,,BA0000008,"Waterworks Operating Co., LLC",HIGH,prefix HLS maps to BA0000008 in 9/9 existing vendor-populated StockItems.,,FOUND,READY
HLS311-12BUN,Henry Wall Mounted Lavatory Faucet With Lever Handles - Burnished Nickel,Henry Wall Mounted Lavatory Faucet With Lever Handles - Burnished Nickel,PLUMBING,PLUMBING,PLUMB-LOT,SALT LAKE PLUMBING=0,ELIGIBLE,,BA0000008,"Waterworks Operating Co., LLC",HIGH,prefix HLS maps to BA0000008 in 9/9 existing vendor-populated StockItems.,,FOUND,READY
HLS311-12DN,Henry Wall Mounted Lavatory Faucet With Lever Handles - Dark Nickel,Henry Wall Mounted Lavatory Faucet With Lever Handles - Dark Nickel,PLUMBING,PLUMBING,PLUMB-LOT,SALT LAKE PLUMBING=0,ELIGIBLE,,BA0000008,"Waterworks Operating Co., LLC",HIGH,prefix HLS maps to BA0000008 in 9/9 existing vendor-populated StockItems.,,FOUND,READY
HLS311-12VTB,Henry Wall Mounted Lavatory Faucet With Lever Handles - Vintage Brass,Henry Wall Mounted Lavatory Faucet With Lever Handles - Vintage Brass,PLUMBING,PLUMBING,PLUMB-LOT,SALT LAKE PLUMBING=0,ELIGIBLE,,BA0000008,"Waterworks Operating Co., LLC",HIGH,prefix HLS maps to BA0000008 in 9/9 existing vendor-populated StockItems.,,FOUND,READY
HMKS,"Hair Maintenance Kit, Includes Maintenance Guide, Skey Lift-Out Key, And Hs 2 Hair Strainer","Hair Maintenance Kit, Includes Maintenance Guide, Skey Lift-Out Key, And Hs 2 Hair Strainer",PLUMBING,PLUMBING,PLUMB-LOT,(no WarehouseDetails rows),ELIGIBLE,,,,NONE,No current VendorDetails row and no deterministic existing StockItem pattern met the audit threshold.,,FOUND,VENDOR_REVIEW_REQUIRED
HN2T11-B,Henry Two Way Thermostatic Diverter Valve Trim With Roman Numerals And Lever Handle - Brass,Henry Two Way Thermostatic Diverter Valve Trim With Roman Numerals And Lever Handle - Brass,PLUMBING,PLUMBING,PLUMB-LOT,(no WarehouseDetails rows),ELIGIBLE,,BA0000008,"Waterworks Operating Co., LLC",MEDIUM,brand-token HENRY suggests BA0000008 in 53/53 existing vendor-populated StockItems; manual review required.,,FOUND,VENDOR_REVIEW_REQUIRED
HN2T11-BUN,Henry Two Way Thermostatic Diverter Valve Trim With Roman Numerals And Lever Handle - Burnished Nickel,Henry Two Way Thermostatic Diverter Valve Trim With Roman Numerals And Lever Handle - Burnished Nickel,PLUMBING,PLUMBING,PLUMB-LOT,SALT LAKE PLUMBING=0,ELIGIBLE,,BA0000008,"Waterworks Operating Co., LLC",MEDIUM,brand-token HENRY suggests BA0000008 in 53/53 existing vendor-populated StockItems; manual review required.,,FOUND,VENDOR_REVIEW_REQUIRED
HN3T11-B,Henry Three Way Thermostatic Diverter Valve Trim With Roman Numerals And Lever Handle - Brass,Henry Three Way Thermostatic Diverter Valve Trim With Roman Numerals And Lever Handle - Brass,PLUMBING,PLUMBING,PLUMB-LOT,(no WarehouseDetails rows),ELIGIBLE,,BA0000008,"Waterworks Operating Co., LLC",MEDIUM,brand-token HENRY suggests BA0000008 in 53/53 existing vendor-populated StockItems; manual review required.,,FOUND,VENDOR_REVIEW_REQUIRED
HNBF01-B,Henry One Hole Bidet Fitting With Cross Handles - Brass,Henry One Hole Bidet Fitting With Cross Handles - Brass,PLUMBING,PLUMBING,PLUMB-LOT,(no WarehouseDetails rows),ELIGIBLE,,BA0000008,"Waterworks Operating Co., LLC",MEDIUM,brand-token HENRY suggests BA0000008 in 53/53 existing vendor-populated StockItems; manual review required.,,FOUND,VENDOR_REVIEW_REQUIRED
HNCH12-B,"Henry 12"" Ceiling Mounted Shower Arm With Flange - Brass","Henry 12"" Ceiling Mounted Shower Arm With Flange - Brass",PLUMBING,PLUMBING,PLUMB-LOT,(no WarehouseDetails rows),ELIGIBLE,,BA0000008,"Waterworks Operating Co., LLC",MEDIUM,brand-token HENRY suggests BA0000008 in 53/53 existing vendor-populated StockItems; manual review required.,,FOUND,VENDOR_REVIEW_REQUIRED
HNCH12-DN,"Henry 12"" Ceiling Mounted Shower Arm With Flange - Dark Nickel","Henry 12"" Ceiling Mounted Shower Arm With Flange - Dark Nickel",PLUMBING,PLUMBING,PLUMB-LOT,SALT LAKE PLUMBING=0,ELIGIBLE,,BA0000008,"Waterworks Operating Co., LLC",MEDIUM,brand-token HENRY suggests BA0000008 in 53/53 existing vendor-populated StockItems; manual review required.,,FOUND,VENDOR_REVIEW_REQUIRED
HNHS01-10N,"Handshower on Hook, 1.0 GPM - Nickel","Handshower on Hook, 1.0 GPM - Nickel",PLUMBING,PLUMBING,PLUMB-LOT,(no WarehouseDetails rows),ELIGIBLE,,,,NONE,No current VendorDetails row and no deterministic existing StockItem pattern met the audit threshold.,,FOUND,VENDOR_REVIEW_REQUIRED
HNHS01-18DN,Henry Handshower On Hook - Dark Nickel,Henry Handshower On Hook - Dark Nickel,PLUMBING,PLUMBING,PLUMB-LOT,SALT LAKE PLUMBING=0,ELIGIBLE,,BA0000008,"Waterworks Operating Co., LLC",MEDIUM,brand-token HENRY suggests BA0000008 in 53/53 existing vendor-populated StockItems; manual review required.,,FOUND,VENDOR_REVIEW_REQUIRED
HNHS10-18BUN,Henry Handshower On Bar - Burnished Nickel,Henry Handshower On Bar - Burnished Nickel,PLUMBING,PLUMBING,PLUMB-LOT,SALT LAKE PLUMBING=0,ELIGIBLE,,BA0000008,"Waterworks Operating Co., LLC",MEDIUM,brand-token HENRY suggests BA0000008 in 53/53 existing vendor-populated StockItems; manual review required.,,FOUND,VENDOR_REVIEW_REQUIRED
HNLS30-12B,"Gooseneck Lavatory Faucet, 1.2 GPM - Brass","Gooseneck Lavatory Faucet, 1.2 GPM - Brass",PLUMBING,PLUMBING,PLUMB-LOT,(no WarehouseDetails rows),ELIGIBLE,,BA0000008,"Waterworks Operating Co., LLC",MEDIUM,brand-token GOOSENECK suggests BA0000008 in 15/15 existing vendor-populated StockItems; manual review required.,,FOUND,VENDOR_REVIEW_REQUIRED
HNRH01-B,Henry Single Hook - Brass,Henry Single Hook - Brass,PLUMBING,PLUMBING,PLUMB-LOT,SALT LAKE PLUMBING=0,ELIGIBLE,,BA0000008,"Waterworks Operating Co., LLC",HIGH,prefix HNRH maps to BA0000008 in 4/4 existing vendor-populated StockItems.,,FOUND,READY
HNRH01-BUN,Henry Single Hook - Burnished Nickel,Henry Single Hook - Burnished Nickel,PLUMBING,PLUMBING,PLUMB-LOT,SALT LAKE PLUMBING=0,ELIGIBLE,"BA0000008 Waterworks Operating Co., LLC",BA0000008,"Waterworks Operating Co., LLC",HIGH,Current StockItem VendorDetails contains 1 vendor row(s); selected first active VendorID BA0000008.,,FOUND,READY
HNRHG1-BUN,Henry Single Sided Glass Mounted Hook - Burnished Nickel,Henry Single Sided Glass Mounted Hook - Burnished Nickel,PLUMBING,PLUMBING,PLUMB-LOT,SALT LAKE PLUMBING=0,ELIGIBLE,,BA0000008,"Waterworks Operating Co., LLC",HIGH,prefix HNRH maps to BA0000008 in 4/4 existing vendor-populated StockItems.,,FOUND,READY
HNTB01-B,"Henry 6 1/2"" Towel Ring - Brass","Henry 6 1/2"" Towel Ring - Brass",PLUMBING,PLUMBING,PLUMB-LOT,SALT LAKE PLUMBING=0,ELIGIBLE,,BA0000008,"Waterworks Operating Co., LLC",HIGH,prefix HNTB maps to BA0000008 in 5/5 existing vendor-populated StockItems.,,FOUND,READY
HNTB01-BUN,"Henry 6 1/2"" Towel Ring - Burnished Nickel","Henry 6 1/2"" Towel Ring - Burnished Nickel",PLUMBING,PLUMBING,PLUMB-LOT,SALT LAKE PLUMBING=0,ELIGIBLE,,BA0000008,"Waterworks Operating Co., LLC",HIGH,prefix HNTB maps to BA0000008 in 5/5 existing vendor-populated StockItems.,,FOUND,READY
HNTH10-B,Thermostatic Control Valve Trim - Brass,Thermostatic Control Valve Trim - Brass,PLUMBING,PLUMBING,PLUMB-LOT,(no WarehouseDetails rows),ELIGIBLE,,,,NONE,No current VendorDetails row and no deterministic existing StockItem pattern met the audit threshold.,,FOUND,VENDOR_REVIEW_REQUIRED
HNVC11-B,Henry Volume Control With Lever Handle - Brass,Henry Volume Control With Lever Handle - Brass,PLUMBING,PLUMBING,PLUMB-LOT,(no WarehouseDetails rows),ELIGIBLE,,BA0000008,"Waterworks Operating Co., LLC",MEDIUM,brand-token HENRY suggests BA0000008 in 53/53 existing vendor-populated StockItems; manual review required.,,FOUND,VENDOR_REVIEW_REQUIRED
HNWH08-BUN,"Henry 8"" Wall Mounted 45 Degree Shower Arm With Flange - Burnished Nickel","Henry 8"" Wall Mounted 45 Degree Shower Arm With Flange - Burnished Nickel",PLUMBING,PLUMBING,PLUMB-LOT,SALT LAKE PLUMBING=0,ELIGIBLE,,BA0000008,"Waterworks Operating Co., LLC",HIGH,prefix HNWH maps to BA0000008 in 4/4 existing vendor-populated StockItems.,,FOUND,READY
HNWH18-DN,"Henry 18"" Wall Mounted 90 Degree Shower Arm With Flange - Dark Nickel","Henry 18"" Wall Mounted 90 Degree Shower Arm With Flange - Dark Nickel",PLUMBING,PLUMBING,PLUMB-LOT,SALT LAKE PLUMBING=0,ELIGIBLE,,BA0000008,"Waterworks Operating Co., LLC",HIGH,prefix HNWH maps to BA0000008 in 4/4 existing vendor-populated StockItems.,,FOUND,READY
HPF101-B,Henry Wall Mounted Articulated Pot Filler With Cross Handle - Brass,Henry Wall Mounted Articulated Pot Filler With Cross Handle - Brass,PLUMBING,PLUMBING,PLUMB-LOT,(no WarehouseDetails rows),ELIGIBLE,,BA0000008,"Waterworks Operating Co., LLC",MEDIUM,brand-token HENRY suggests BA0000008 in 53/53 existing vendor-populated StockItems; manual review required.,,FOUND,VENDOR_REVIEW_REQUIRED
HS-061-30K.25-CB,"Descanso 3"" Handshower, Knurled - Carbon","Descanso 3"" Handshower, Knurled - Carbon",PLUMBING,PLUMBING,PLUMB-LOT,SALT LAKE PLUMBING=0,ELIGIBLE,,BA0000006,California Faucets,MEDIUM,brand-token DESCANSO suggests BA0000006 in 17/17 existing vendor-populated StockItems; manual review required.,,FOUND,VENDOR_REVIEW_REQUIRED
HS-083-30K.18-ORB,"Industrial 4 1/16"" Brass Multi Function Handshower - Oil Rubbed Bronze","Industrial 4 1/16"" Brass Multi Function Handshower - Oil Rubbed Bronze",PLUMBING,PLUMBING,PLUMB-LOT,SALT LAKE PLUMBING=0,ELIGIBLE,BA0000006 California Faucets,BA0000006,California Faucets,HIGH,Current StockItem VendorDetails contains 1 vendor row(s); selected first active VendorID BA0000006.,,FOUND,READY
HSC-05SHWD,Pfister Round Handheld Shower - Polished Nickel,Pfister Round Handheld Shower - Polished Nickel,PLUMBING,PLUMBING,PLUMB-LOT,SALT LAKE APPLIANCES=0; SALT LAKE PLUMBING=0,ELIGIBLE,BA0000676 The Lovell Company,BA0000676,The Lovell Company,HIGH,Current StockItem VendorDetails contains 2 vendor row(s); selected first active VendorID BA0000676.,,FOUND,READY
HSK-21SHWD,Pfister Modern Round 3 Piece Handshower Holder Kit - Polished Nickel,Pfister Modern Round 3 Piece Handshower Holder Kit - Polished Nickel,PLUMBING,PLUMBING,PLUMB-LOT,SALT LAKE APPLIANCES=0; SALT LAKE PLUMBING=0,ELIGIBLE,BA0000676 The Lovell Company,BA0000676,The Lovell Company,HIGH,Current StockItem VendorDetails contains 2 vendor row(s); selected first active VendorID BA0000676.,,FOUND,READY
HSU3219SBGG,"Matrix 32"" Undermount Workstation 16 Gauge Single Bowl Stainless Steel Kitchen Sink With Accessories - Gunmetal Grey","Matrix 32"" Undermount Workstation 16 Gauge Single Bowl Stainless Steel Kitchen Sink With Accessories - Gunmetal Grey",PLUMBING,PLUMBING,PLUMB-LOT,BOISE WAREHOUSE=0,ELIGIBLE,,,,NONE,No current VendorDetails row and no deterministic existing StockItem pattern met the audit threshold.,,FOUND,VENDOR_REVIEW_REQUIRED
HTF111-18N,HTF111-18N,HTF111-18N,PLUMBING,PLUMBING,PLUMB-LOT,(no WarehouseDetails rows),ELIGIBLE,,,,NONE,No current VendorDetails row and no deterministic existing StockItem pattern met the audit threshold.,,FOUND,VENDOR_REVIEW_REQUIRED
HTH111-B,Henry Thermostatic Control Valve Trim With Lever Handle - Brass,Henry Thermostatic Control Valve Trim With Lever Handle - Brass,PLUMBING,PLUMBING,PLUMB-LOT,(no WarehouseDetails rows),ELIGIBLE,,BA0000008,"Waterworks Operating Co., LLC",HIGH,prefix HTH maps to BA0000008 in 6/6 existing vendor-populated StockItems.,,FOUND,READY
HTH111-BUN,Henry Thermostatic Control Valve Trim With Lever Handle - Burnished Nickel,Henry Thermostatic Control Valve Trim With Lever Handle - Burnished Nickel,PLUMBING,PLUMBING,PLUMB-LOT,SALT LAKE PLUMBING=0,ELIGIBLE,,BA0000008,"Waterworks Operating Co., LLC",HIGH,prefix HTH maps to BA0000008 in 6/6 existing vendor-populated StockItems.,,FOUND,READY
HTH411-DN,Henry Integrated Thermostatic And Two Way Diverter Valve Trim With Cross And Lever Handles - Dark Nickel,Henry Integrated Thermostatic And Two Way Diverter Valve Trim With Cross And Lever Handles - Dark Nickel,PLUMBING,PLUMBING,PLUMB-LOT,SALT LAKE PLUMBING=0,ELIGIBLE,,BA0000008,"Waterworks Operating Co., LLC",HIGH,prefix HTH maps to BA0000008 in 6/6 existing vendor-populated StockItems.,,FOUND,READY
HX5365-GL,Brizo Beauclere Widespread Lavatory Cross Handle Kit - Luxe Gold,Brizo Beauclere Widespread Lavatory Cross Handle Kit - Luxe Gold,PLUMBING,PLUMBING,PLUMB-LOT,SALT LAKE PLUMBING=0,ELIGIBLE,BA0000714 Delta Faucet Company,BA0000714,Delta Faucet Company,HIGH,Current StockItem VendorDetails contains 1 vendor row(s); selected first active VendorID BA0000714.,,FOUND,READY
HX5365-PG,Beauclere Widespread Lavatory Cross Handle Kit - Polished Gold,Beauclere Widespread Lavatory Cross Handle Kit - Polished Gold,PLUMBING,PLUMBING,PLUMB-LOT,SALT LAKE PLUMBING=0,ELIGIBLE,BA0000714 Delta Faucet Company,BA0000714,Delta Faucet Company,HIGH,Current StockItem VendorDetails contains 1 vendor row(s); selected first active VendorID BA0000714.,,FOUND,READY
HXT311-18B,Henry Floor Mounted Exposed Tub Filler With Handshower And Lever Handles - Brass,Henry Floor Mounted Exposed Tub Filler With Handshower And Lever Handles - Brass,PLUMBING,PLUMBING,PLUMB-LOT,(no WarehouseDetails rows),ELIGIBLE,,BA0000008,"Waterworks Operating Co., LLC",MEDIUM,brand-token HENRY suggests BA0000008 in 53/53 existing vendor-populated StockItems; manual review required.,,FOUND,VENDOR_REVIEW_REQUIRED
HXT311-18BUN,Henry Floor Mounted Exposed Tub Filler With Handshower And Lever Handles - Burnished Nickel,Henry Floor Mounted Exposed Tub Filler With Handshower And Lever Handles - Burnished Nickel,PLUMBING,PLUMBING,PLUMB-LOT,SALT LAKE PLUMBING=0,ELIGIBLE,,BA0000008,"Waterworks Operating Co., LLC",MEDIUM,brand-token HENRY suggests BA0000008 in 53/53 existing vendor-populated StockItems; manual review required.,,FOUND,VENDOR_REVIEW_REQUIRED
IAO20846-CZ,Delta Velum Towel Ring - Champagne Bronze,Delta Velum Towel Ring - Champagne Bronze,PLUMBING,PLUMBING,PLUMB-LOT,BOISE WAREHOUSE=1,SKIP_QTY_ON_HAND,BA0000714 Delta Faucet Company,BA0000714,Delta Faucet Company,HIGH,Current StockItem VendorDetails contains 1 vendor row(s); selected first active VendorID BA0000714.,,FOUND,SKIP_QTY_ON_HAND
ISXBKPN,iSteamX Steam Shower Control And Steamhead - Black / Polished Nickel,iSteamX Steam Shower Control And Steamhead - Black / Polished Nickel,PLUMBING,PLUMBING,PLUMB-LOT,(no WarehouseDetails rows),ELIGIBLE,,BA0000753,Atmos Project LLC DBA Mr. Steam,HIGH,brand-token STEAM maps to BA0000753 in 27/27 existing vendor-populated StockItems.,,FOUND,READY
ITRDBB,iTempo Round Steam Shower Control And Steamhead - Brushed Bronze,iTempo Round Steam Shower Control And Steamhead - Brushed Bronze,PLUMBING,PLUMBING,PLUMB-LOT,SALT LAKE PLUMBING=1,SKIP_QTY_ON_HAND,BA0000753 Atmos Project LLC DBA Mr. Steam,BA0000753,Atmos Project LLC DBA Mr. Steam,HIGH,Current StockItem VendorDetails contains 1 vendor row(s); selected first active VendorID BA0000753.,,FOUND,SKIP_QTY_ON_HAND
ITRDMB,iTempo Round Steam Shower Control And Steamhead - Matte Black,iTempo Round Steam Shower Control And Steamhead - Matte Black,PLUMBING,PLUMBING,PLUMB-LOT,SALT LAKE APPLIANCES=0; SALT LAKE PLUMBING=0,ELIGIBLE,BA0000753 Atmos Project LLC DBA Mr. Steam,BA0000753,Atmos Project LLC DBA Mr. Steam,HIGH,Current StockItem VendorDetails contains 1 vendor row(s); selected first active VendorID BA0000753.,,FOUND,READY
ITRDPG,iTempo Round Steam Shower Control And Steamhead - Polished Gold,iTempo Round Steam Shower Control And Steamhead - Polished Gold,PLUMBING,PLUMBING,PLUMB-LOT,SALT LAKE PLUMBING=0,ELIGIBLE,,BA0000753,Atmos Project LLC DBA Mr. Steam,HIGH,brand-token STEAM maps to BA0000753 in 27/27 existing vendor-populated StockItems.,,FOUND,READY
ITSQBN,iTempo Square Steam Shower Control And Steamhead - Brushed Nickel,iTempo Square Steam Shower Control And Steamhead - Brushed Nickel,PLUMBING,PLUMBING,PLUMB-LOT,(no WarehouseDetails rows),ELIGIBLE,,BA0000753,Atmos Project LLC DBA Mr. Steam,HIGH,brand-token STEAM maps to BA0000753 in 27/27 existing vendor-populated StockItems.,,FOUND,READY
IWA-30-S-QW,"The Galley Workstation Ideal Washstation 30S With Four Tool Wash Kit, Resin+ - Quartered White Oak","The Galley Workstation Ideal Washstation 30S With Four Tool Wash Kit, Resin+ - Quartered White Oak",PLUMBING,PLUMBING,PLUMB-LOT,SALT LAKE APPLIANCES=0; SALT LAKE PLUMBING=0,ELIGIBLE,,BA0000724,The Galley,HIGH,prefix IWA maps to BA0000724 in 4/4 existing vendor-populated StockItems.,,FOUND,READY
IWA-4-D-WA,"The Galley Workstation Ideal Double Bowl Washstation 4D With Four Tool Wash Kit, Resin+ - American Black Walnut","The Galley Workstation Ideal Double Bowl Washstation 4D With Four Tool Wash Kit, Resin+ - American Black Walnut",PLUMBING,PLUMBING,PLUMB-LOT,SALT LAKE PLUMBING=0,ELIGIBLE,,BA0000724,The Galley,HIGH,prefix IWA maps to BA0000724 in 4/4 existing vendor-populated StockItems.,,FOUND,READY
IWW-4-D-GT,"The Galley Workstation Ideal Workandwashstation 4D With Five Tool Culinary Kit And Four Tool Wash Kit, Resin+ - Graphite Wood Composite","The Galley Workstation Ideal Workandwashstation 4D With Five Tool Culinary Kit And Four Tool Wash Kit, Resin+ - Graphite Wood Composite",PLUMBING,PLUMBING,PLUMB-LOT,(no WarehouseDetails rows),ELIGIBLE,,,,NONE,No current VendorDetails row and no deterministic existing StockItem pattern met the audit threshold.,,FOUND,VENDOR_REVIEW_REQUIRED
JUHS11-18N,Julia Handshower On Hook - Nickel,Julia Handshower On Hook - Nickel,PLUMBING,PLUMBING,PLUMB-LOT,SALT LAKE PLUMBING=0,ELIGIBLE,,,,NONE,No current VendorDetails row and no deterministic existing StockItem pattern met the audit threshold.,,FOUND,VENDOR_REVIEW_REQUIRED
JUKM09-18B,Julia One Hole High Profile Kitchen Faucet With Lever Handle And Spray - Brass,Julia One Hole High Profile Kitchen Faucet With Lever Handle And Spray - Brass,PLUMBING,PLUMBING,PLUMB-LOT,SALT LAKE PLUMBING=0,ELIGIBLE,,,,NONE,No current VendorDetails row and no deterministic existing StockItem pattern met the audit threshold.,,FOUND,VENDOR_REVIEW_REQUIRED
JUTH59-N,Julia Thermostatic Control Valve Trim With Cross Handle - Nickel,Julia Thermostatic Control Valve Trim With Cross Handle - Nickel,PLUMBING,PLUMBING,PLUMB-LOT,SALT LAKE PLUMBING=0,ELIGIBLE,,,,NONE,No current VendorDetails row and no deterministic existing StockItem pattern met the audit threshold.,,FOUND,VENDOR_REVIEW_REQUIRED
JUVC34-N,Julia Volume Control With Cross Handle - Nickel,Julia Volume Control With Cross Handle - Nickel,PLUMBING,PLUMBING,PLUMB-LOT,SALT LAKE PLUMBING=0,ELIGIBLE,,,,NONE,No current VendorDetails row and no deterministic existing StockItem pattern met the audit threshold.,,FOUND,VENDOR_REVIEW_REQUIRED
K10-120S-33-ORB,Davoli Bridge Kitchen Faucet with Sidespray - Oil Rubbed Bronze,Davoli Bridge Kitchen Faucet with Sidespray - Oil Rubbed Bronze,PLUMBING,PLUMBING,PLUMB-LOT,SALT LAKE PLUMBING=0,ELIGIBLE,BA0000006 California Faucets,BA0000006,California Faucets,HIGH,Current StockItem VendorDetails contains 1 vendor row(s); selected first active VendorID BA0000006.,,FOUND,READY
K-13690-2MB,"Contemporary Round 12"" Single Function Rainhead, 2.5 Gpm - Vibrant Brushed Moderne Brass","Contemporary Round 12"" Single Function Rainhead, 2.5 Gpm - Vibrant Brushed Moderne Brass",PLUMBING,PLUMBING,PLUMB-LOT,BOISE WAREHOUSE=0,ELIGIBLE,,,,NONE,No current VendorDetails row and no deterministic existing StockItem pattern met the audit threshold.,,FOUND,VENDOR_REVIEW_REQUIRED
K-14427-BN,Purist Wall Mount Bath Spout - Vibrant Brushed Nickel,Purist Wall Mount Bath Spout - Vibrant Brushed Nickel,PLUMBING,PLUMBING,PLUMB-LOT,SALT LAKE PLUMBING=0,ELIGIBLE,,,,NONE,No current VendorDetails row and no deterministic existing StockItem pattern met the audit threshold.,,FOUND,VENDOR_REVIEW_REQUIRED
K-14436-BN,"Purist 24"" Towel Bar - Vibrant Brushed Nickel","Purist 24"" Towel Bar - Vibrant Brushed Nickel",PLUMBING,PLUMBING,PLUMB-LOT,SALT LAKE PLUMBING=0,ELIGIBLE,,,,NONE,No current VendorDetails row and no deterministic existing StockItem pattern met the audit threshold.,,FOUND,VENDOR_REVIEW_REQUIRED
K-17890-RL-K8,"Derring Carillon 17 3/4"" Round Drop In Bathroom Sink, No Overflow - Translucent White","Derring Carillon 17 3/4"" Round Drop In Bathroom Sink, No Overflow - Translucent White",PLUMBING,PLUMBING,PLUMB-LOT,SALT LAKE PLUMBING=1,SKIP_QTY_ON_HAND,BA0000749 Standard Plumbing Supply,BA0000749,Standard Plumbing Supply,HIGH,Current StockItem VendorDetails contains 1 vendor row(s); selected first active VendorID BA0000749.,,FOUND,SKIP_QTY_ON_HAND
K-1848-0,"Underscore 60"" X 36"" Drop In Bath - White","Underscore 60"" X 36"" Drop In Bath - White",PLUMBING,PLUMBING,PLUMB-LOT,(no WarehouseDetails rows),ELIGIBLE,,,,NONE,No current VendorDetails row and no deterministic existing StockItem pattern met the audit threshold.,,FOUND,VENDOR_REVIEW_REQUIRED
K-1956-RA-0,"Underscore 60"" X 30"" Alcove Bath Right Drain - White","Underscore 60"" X 30"" Alcove Bath Right Drain - White",PLUMBING,PLUMBING,PLUMB-LOT,SALT LAKE PLUMBING=0,ELIGIBLE,,,,NONE,No current VendorDetails row and no deterministic existing StockItem pattern met the audit threshold.,,FOUND,VENDOR_REVIEW_REQUIRED
K-20027-0,Artifacts Bath Base For Freestanding Bath - White,Artifacts Bath Base For Freestanding Bath - White,PLUMBING,PLUMBING,PLUMB-LOT,SALT LAKE PLUMBING=0,ELIGIBLE,,,,NONE,No current VendorDetails row and no deterministic existing StockItem pattern met the audit threshold.,,FOUND,VENDOR_REVIEW_REQUIRED
K-2005-0,Kingston 21X18 Lavatory 4Cc - White,Kingston 21X18 Lavatory 4Cc - White,PLUMBING,PLUMBING,PLUMB-LOT,(no WarehouseDetails rows),ELIGIBLE,,,,NONE,No current VendorDetails row and no deterministic existing StockItem pattern met the audit threshold.,,FOUND,VENDOR_REVIEW_REQUIRED
K-20197-0,"Betello Two Piece Elongated Toilet With Skirted Trapway, 1.28 Gpf - White","Betello Two Piece Elongated Toilet With Skirted Trapway, 1.28 Gpf - White",PLUMBING,PLUMBING,PLUMB-LOT,SALT LAKE PLUMBING=0,ELIGIBLE,,,,NONE,No current VendorDetails row and no deterministic existing StockItem pattern met the audit threshold.,,FOUND,VENDOR_REVIEW_REQUIRED
K-21000-W-0,"Artifacts 66 1/4"" X 32 1/2"" Freestanding Bath - White","Artifacts 66 1/4"" X 32 1/2"" Freestanding Bath - White",PLUMBING,PLUMBING,PLUMB-LOT,SALT LAKE PLUMBING=0,ELIGIBLE,,,,NONE,No current VendorDetails row and no deterministic existing StockItem pattern met the audit threshold.,,FOUND,VENDOR_REVIEW_REQUIRED
K-21710-R-BN,Reach Right Hand Trip Lever - Vibrant Brushed Nickel,Reach Right Hand Trip Lever - Vibrant Brushed Nickel,PLUMBING,PLUMBING,PLUMB-LOT,SALT LAKE HARDWARE=0,ELIGIBLE,,,,NONE,No current VendorDetails row and no deterministic existing StockItem pattern met the audit threshold.,,FOUND,VENDOR_REVIEW_REQUIRED
K-22178-SN,"Purist 30"" Four Function Handshower Kit, 2.5 Gpm - Vibrant Polished Nickel","Purist 30"" Four Function Handshower Kit, 2.5 Gpm - Vibrant Polished Nickel",PLUMBING,PLUMBING,PLUMB-LOT,(no WarehouseDetails rows),ELIGIBLE,,,,NONE,No current VendorDetails row and no deterministic existing StockItem pattern met the audit threshold.,,FOUND,VENDOR_REVIEW_REQUIRED
K-22181-BN,"Purist Showering Kit, 2.5 Gpm - Vibrant Brushed Nickel","Purist Showering Kit, 2.5 Gpm - Vibrant Brushed Nickel",PLUMBING,PLUMBING,PLUMB-LOT,SALT LAKE PLUMBING=0,ELIGIBLE,,,,NONE,No current VendorDetails row and no deterministic existing StockItem pattern met the audit threshold.,,FOUND,VENDOR_REVIEW_REQUIRED
K-22665-BN,Clearflo Square Brass Tile In Shower Drain Drain Body Not Included - Vibrant Brushed Nickel,Clearflo Square Brass Tile In Shower Drain Drain Body Not Included - Vibrant Brushed Nickel,PLUMBING,PLUMBING,PLUMB-LOT,SALT LAKE HARDWARE=0,ELIGIBLE,,,,NONE,No current VendorDetails row and no deterministic existing StockItem pattern met the audit threshold.,,FOUND,VENDOR_REVIEW_REQUIRED
K-23218-BL,Awaken 2 In 1 Multifunction 2.5 Gpm Shower Combo Kit - Matte Black,Awaken 2 In 1 Multifunction 2.5 Gpm Shower Combo Kit - Matte Black,PLUMBING,PLUMBING,PLUMB-LOT,BOISE WAREHOUSE=0,ELIGIBLE,,,,NONE,No current VendorDetails row and no deterministic existing StockItem pattern met the audit threshold.,,FOUND,VENDOR_REVIEW_REQUIRED
K-23651-NA,"Prolific 29"" Undermount Single Bowl Workstation Kitchen Sink - Stainless Steel","Prolific 29"" Undermount Single Bowl Workstation Kitchen Sink - Stainless Steel",PLUMBING,PLUMBING,PLUMB-LOT,SALT LAKE HARDWARE=0,ELIGIBLE,,,,NONE,No current VendorDetails row and no deterministic existing StockItem pattern met the audit threshold.,,FOUND,VENDOR_REVIEW_REQUIRED
K-25834-0,"Avec 72"" X 36"" Drop In Bath - White","Avec 72"" X 36"" Drop In Bath - White",PLUMBING,PLUMBING,PLUMB-LOT,SALT LAKE PLUMBING=0,ELIGIBLE,,,,NONE,No current VendorDetails row and no deterministic existing StockItem pattern met the audit threshold.,,FOUND,VENDOR_REVIEW_REQUIRED
K-25863-0,Snapflo Toe Tap Bath Drain - White,Snapflo Toe Tap Bath Drain - White,PLUMBING,PLUMBING,PLUMB-LOT,SALT LAKE HARDWARE=0,ELIGIBLE,,,,NONE,No current VendorDetails row and no deterministic existing StockItem pattern met the audit threshold.,,FOUND,VENDOR_REVIEW_REQUIRED
K-26107-RA-0,"Entity 60"" X 36"" Alcove Bath With Right Drain - White","Entity 60"" X 36"" Alcove Bath With Right Drain - White",PLUMBING,PLUMBING,PLUMB-LOT,SALT LAKE PLUMBING=0,ELIGIBLE,,,,NONE,No current VendorDetails row and no deterministic existing StockItem pattern met the audit threshold.,,FOUND,VENDOR_REVIEW_REQUIRED
K-26300-2MB,"Statement Oblong Vichy Single Function Body Spray, 2.5 Gpm - Vibrant Brushed Moderne Brass","Statement Oblong Vichy Single Function Body Spray, 2.5 Gpm - Vibrant Brushed Moderne Brass",PLUMBING,PLUMBING,PLUMB-LOT,BOISE WAREHOUSE=0,ELIGIBLE,,,,NONE,No current VendorDetails row and no deterministic existing StockItem pattern met the audit threshold.,,FOUND,VENDOR_REVIEW_REQUIRED
K-26369-2MB,Contemporary Beverage Faucet - Vibrant Brushed Moderne Brass,Contemporary Beverage Faucet - Vibrant Brushed Moderne Brass,PLUMBING,PLUMBING,PLUMB-LOT,SALT LAKE PLUMBING=0,ELIGIBLE,,,,NONE,No current VendorDetails row and no deterministic existing StockItem pattern met the audit threshold.,,FOUND,VENDOR_REVIEW_REQUIRED
K-26369-VS,Contemporary Beverage Faucet - Vibrant Stainless,Contemporary Beverage Faucet - Vibrant Stainless,PLUMBING,PLUMBING,PLUMB-LOT,SALT LAKE PLUMBING=0,ELIGIBLE,,,,NONE,No current VendorDetails row and no deterministic existing StockItem pattern met the audit threshold.,,FOUND,VENDOR_REVIEW_REQUIRED
K-2660-8-V10,"Vox 23"" Rectangular Vessel Bathroom Sink - 150th Peachblow","Vox 23"" Rectangular Vessel Bathroom Sink - 150th Peachblow",PLUMBING,PLUMBING,PLUMB-LOT,SALT LAKE PLUMBING=0,ELIGIBLE,BA0000749 Standard Plumbing Supply,BA0000749,Standard Plumbing Supply,HIGH,Current StockItem VendorDetails contains 1 vendor row(s); selected first active VendorID BA0000749.,,FOUND,READY
K-28268-VS,Components Pull Down Kitchen Sink Faucet With Two Function Sprayhead - Vibrant Stainless,Components Pull Down Kitchen Sink Faucet With Two Function Sprayhead - Vibrant Stainless,PLUMBING,PLUMBING,PLUMB-LOT,SALT LAKE PLUMBING=0,ELIGIBLE,,,,NONE,No current VendorDetails row and no deterministic existing StockItem pattern met the audit threshold.,,FOUND,VENDOR_REVIEW_REQUIRED
K-28529-NY,"Leap One Piece Elongated Smart Toilet, Dual Flush - Dune","Leap One Piece Elongated Smart Toilet, Dual Flush - Dune",PLUMBING,PLUMBING,PLUMB-LOT,SALT LAKE APPLIANCES=0; SALT LAKE PLUMBING=0,ELIGIBLE,,,,NONE,No current VendorDetails row and no deterministic existing StockItem pattern met the audit threshold.,,FOUND,VENDOR_REVIEW_REQUIRED
K-28670-3RT2-AF,Billet Touchless Pull Down Kitchen Sink Faucet With Two Function Sprayhead - Vibrant French Gold,Billet Touchless Pull Down Kitchen Sink Faucet With Two Function Sprayhead - Vibrant French Gold,PLUMBING,PLUMBING,PLUMB-LOT,SALT LAKE PLUMBING=0,ELIGIBLE,,,,NONE,No current VendorDetails row and no deterministic existing StockItem pattern met the audit threshold.,,FOUND,VENDOR_REVIEW_REQUIRED
K-28821-0,Kohler Purewash E930 Elongated Bidet Toilet Seat With Remote Control - White,Kohler Purewash E930 Elongated Bidet Toilet Seat With Remote Control - White,PLUMBING,PLUMBING,PLUMB-LOT,BOISE WAREHOUSE=0; SALT LAKE PLUMBING=1,SKIP_QTY_ON_HAND,BA0003290 Hajoca Corporation,BA0003290,Hajoca Corporation,HIGH,Current StockItem VendorDetails contains 2 vendor row(s); selected first active VendorID BA0003290.,,FOUND,SKIP_QTY_ON_HAND
K-2882-42,"Verticyl 19 3/4"" Rectangular Undermount Bathroom Sink - Aspen Green","Verticyl 19 3/4"" Rectangular Undermount Bathroom Sink - Aspen Green",PLUMBING,PLUMBING,PLUMB-LOT,SALT LAKE PLUMBING=0,ELIGIBLE,BA0000749 Standard Plumbing Supply,BA0000749,Standard Plumbing Supply,HIGH,Current StockItem VendorDetails contains 1 vendor row(s); selected first active VendorID BA0000749.,,FOUND,READY
K30-102-TL-ANF,"Descanso Pull Down Kitchen Faucet with Button Sprayer, Low Arc Spout - Antique Nickel Flat","Descanso Pull Down Kitchen Faucet with Button Sprayer, Low Arc Spout - Antique Nickel Flat",PLUMBING,PLUMBING,PLUMB-LOT,(no WarehouseDetails rows),ELIGIBLE,,BA0000006,California Faucets,MEDIUM,brand-token DESCANSO suggests BA0000006 in 17/17 existing vendor-populated StockItems; manual review required.,,FOUND,VENDOR_REVIEW_REQUIRED
K30-103-KL-SB,"California Faucets Descanso Pull Down Kitchen Faucet with Button Sprayer, Quad Spout - Satin Brass","California Faucets Descanso Pull Down Kitchen Faucet with Button Sprayer, Quad Spout - Satin Brass",PLUMBING,PLUMBING,PLUMB-LOT,BOISE WAREHOUSE=0,ELIGIBLE,BA0000006 California Faucets,BA0000006,California Faucets,HIGH,Current StockItem VendorDetails contains 1 vendor row(s); selected first active VendorID BA0000006.,,FOUND,READY
K-30754-PA-0,"Numi 2.0 One Piece Elongated Smart Toilet, Dual Flush - White","Numi 2.0 One Piece Elongated Smart Toilet, Dual Flush - White",PLUMBING,PLUMBING,PLUMB-LOT,SALT LAKE HARDWARE=0,ELIGIBLE,,,,NONE,No current VendorDetails row and no deterministic existing StockItem pattern met the audit threshold.,,FOUND,VENDOR_REVIEW_REQUIRED
K-31364-BGL,"Essential 24"" X 36"" Rectangular Framed Mirror - Moderne Brushed Gold","Essential 24"" X 36"" Rectangular Framed Mirror - Moderne Brushed Gold",PLUMBING,PLUMBING,PLUMB-LOT,SALT LAKE APPLIANCES=0; SALT LAKE PLUMBING=0,ELIGIBLE,,,,NONE,No current VendorDetails row and no deterministic existing StockItem pattern met the audit threshold.,,FOUND,VENDOR_REVIEW_REQUIRED
K-31364-BNL,"Essential 24"" X 36"" Rectangular Framed Mirror - Brushed Nickel","Essential 24"" X 36"" Rectangular Framed Mirror - Brushed Nickel",PLUMBING,PLUMBING,PLUMB-LOT,SALT LAKE APPLIANCES=0; SALT LAKE PLUMBING=0,ELIGIBLE,,,,NONE,No current VendorDetails row and no deterministic existing StockItem pattern met the audit threshold.,,FOUND,VENDOR_REVIEW_REQUIRED
K-31373-BNL,"Essential 22"" X 60"" Capsule Framed Mirror - Brushed Nickel","Essential 22"" X 60"" Capsule Framed Mirror - Brushed Nickel",PLUMBING,PLUMBING,PLUMB-LOT,SALT LAKE APPLIANCES=0; SALT LAKE PLUMBING=0,ELIGIBLE,,,,NONE,No current VendorDetails row and no deterministic existing StockItem pattern met the audit threshold.,,FOUND,VENDOR_REVIEW_REQUIRED
K-33152-NA,"Strive 18 1/4"" Undermount Single Bowl Bar Sink - Stainless Steel","Strive 18 1/4"" Undermount Single Bowl Bar Sink - Stainless Steel",PLUMBING,PLUMBING,PLUMB-LOT,SALT LAKE APPLIANCES=0; SALT LAKE PLUMBING=0; JACKSON WAREHOUSE=0,ELIGIBLE,BA0000749 Standard Plumbing Supply,BA0000749,Standard Plumbing Supply,HIGH,Current StockItem VendorDetails contains 1 vendor row(s); selected first active VendorID BA0000749.,,FOUND,READY
K-33812-0,Kohler Corbelle Tall Elongated Toilet Bowl With Skirted Trapway - White,Kohler Corbelle Tall Elongated Toilet Bowl With Skirted Trapway - White,PLUMBING,PLUMBING,PLUMB-LOT,BOISE WAREHOUSE=0,ELIGIBLE,BA0003290 Hajoca Corporation,BA0003290,Hajoca Corporation,HIGH,Current StockItem VendorDetails contains 1 vendor row(s); selected first active VendorID BA0003290.,,FOUND,READY
K-35570-BNL,"Verdera 22"" X 34"" Rectangular Framed Medicine Cabinet - Brushed Nickel","Verdera 22"" X 34"" Rectangular Framed Medicine Cabinet - Brushed Nickel",PLUMBING,PLUMBING,PLUMB-LOT,SALT LAKE APPLIANCES=0; SALT LAKE PLUMBING=0,ELIGIBLE,,,,NONE,No current VendorDetails row and no deterministic existing StockItem pattern met the audit threshold.,,FOUND,VENDOR_REVIEW_REQUIRED
K-35723-VS,Garbage Disposal Air Switch Kit - Vibrant Stainless,Garbage Disposal Air Switch Kit - Vibrant Stainless,PLUMBING,PLUMBING,PLUMB-LOT,SALT LAKE PLUMBING=0,ELIGIBLE,,,,NONE,No current VendorDetails row and no deterministic existing StockItem pattern met the audit threshold.,,FOUND,VENDOR_REVIEW_REQUIRED
K-35724-BL,Kohler Garbage Disposal Air Switch Kit - Matte Black,Kohler Garbage Disposal Air Switch Kit - Matte Black,PLUMBING,PLUMBING,PLUMB-LOT,BOISE WAREHOUSE=1,SKIP_QTY_ON_HAND,BA0003290 Hajoca Corporation,BA0003290,Hajoca Corporation,HIGH,Current StockItem VendorDetails contains 1 vendor row(s); selected first active VendorID BA0003290.,,FOUND,SKIP_QTY_ON_HAND
K-35724-VS,Kohler Garbage Disposal Air Switch Kit - Vibrant Stainless,Kohler Garbage Disposal Air Switch Kit - Vibrant Stainless,PLUMBING,PLUMBING,PLUMB-LOT,BOISE WAREHOUSE=1,SKIP_QTY_ON_HAND,BA0003290 Hajoca Corporation,BA0003290,Hajoca Corporation,HIGH,Current StockItem VendorDetails contains 1 vendor row(s); selected first active VendorID BA0003290.,,FOUND,SKIP_QTY_ON_HAND
K-35745-VS,Wall Mount Pot Filler - Vibrant Stainless,Wall Mount Pot Filler - Vibrant Stainless,PLUMBING,PLUMBING,PLUMB-LOT,SALT LAKE HARDWARE=0,ELIGIBLE,,,,NONE,No current VendorDetails row and no deterministic existing StockItem pattern met the audit threshold.,,FOUND,VENDOR_REVIEW_REQUIRED
K-35851-NA,Sirona Water Supply Filter,Sirona Water Supply Filter,PLUMBING,PLUMBING,PLUMB-LOT,SALT LAKE HARDWARE=0,ELIGIBLE,,,,NONE,No current VendorDetails row and no deterministic existing StockItem pattern met the audit threshold.,,FOUND,VENDOR_REVIEW_REQUIRED
K-35853-NA,Sirona Cartridge Water Filter,Sirona Cartridge Water Filter,PLUMBING,PLUMBING,PLUMB-LOT,SALT LAKE HARDWARE=0,ELIGIBLE,,,,NONE,No current VendorDetails row and no deterministic existing StockItem pattern met the audit threshold.,,FOUND,VENDOR_REVIEW_REQUIRED
K-35854-NA,Residential Six Month Ice Bath Maintenance Kit,Residential Six Month Ice Bath Maintenance Kit,PLUMBING,PLUMBING,PLUMB-LOT,SALT LAKE HARDWARE=0,ELIGIBLE,,,,NONE,No current VendorDetails row and no deterministic existing StockItem pattern met the audit threshold.,,FOUND,VENDOR_REVIEW_REQUIRED
K-35908-4K-SN,"Castia By Studio Mcgee Widespread Bathroom Sink Faucet, 1.0 Gpm - Vibrant Polished Nickel","Castia By Studio Mcgee Widespread Bathroom Sink Faucet, 1.0 Gpm - Vibrant Polished Nickel",PLUMBING,PLUMBING,PLUMB-LOT,(no WarehouseDetails rows),ELIGIBLE,,,,NONE,No current VendorDetails row and no deterministic existing StockItem pattern met the audit threshold.,,FOUND,VENDOR_REVIEW_REQUIRED
K-35908-4N-BN,"Kohler Castia By Studio Mcgee Widespread Bathroom Sink Faucet, 0.5 Gpm - Vibrant Brushed Nickel","Kohler Castia By Studio Mcgee Widespread Bathroom Sink Faucet, 0.5 Gpm - Vibrant Brushed Nickel",PLUMBING,PLUMBING,PLUMB-LOT,BOISE WAREHOUSE=0,ELIGIBLE,BA0003290 Hajoca Corporation,BA0003290,Hajoca Corporation,HIGH,Current StockItem VendorDetails contains 1 vendor row(s); selected default active VendorID BA0003290.,,FOUND,READY
K-35926-BN,"Castia By Studio Mcgee 24"" Towel Bar - Vibrant Brushed Nickel","Castia By Studio Mcgee 24"" Towel Bar - Vibrant Brushed Nickel",PLUMBING,PLUMBING,PLUMB-LOT,SALT LAKE PLUMBING=0,ELIGIBLE,,,,NONE,No current VendorDetails row and no deterministic existing StockItem pattern met the audit threshold.,,FOUND,VENDOR_REVIEW_REQUIRED
K-35927-BN,Castia By Studio Mcgee Double Robe Hook - Vibrant Brushed Nickel,Castia By Studio Mcgee Double Robe Hook - Vibrant Brushed Nickel,PLUMBING,PLUMBING,PLUMB-LOT,SALT LAKE PLUMBING=0,ELIGIBLE,,,,NONE,No current VendorDetails row and no deterministic existing StockItem pattern met the audit threshold.,,FOUND,VENDOR_REVIEW_REQUIRED
K-35929-BN,Castia By Studio Mcgee Toilet Paper Holder - Vibrant Brushed Nickel,Castia By Studio Mcgee Toilet Paper Holder - Vibrant Brushed Nickel,PLUMBING,PLUMBING,PLUMB-LOT,SALT LAKE PLUMBING=0,ELIGIBLE,,,,NONE,No current VendorDetails row and no deterministic existing StockItem pattern met the audit threshold.,,FOUND,VENDOR_REVIEW_REQUIRED
K-37626-0,"Verticyl 16 1/2"" Rectangular Undermount Bathroom Sink - White","Verticyl 16 1/2"" Rectangular Undermount Bathroom Sink - White",PLUMBING,PLUMBING,PLUMB-LOT,SALT LAKE APPLIANCES=0; SALT LAKE PLUMBING=0; JACKSON WAREHOUSE=0,ELIGIBLE,BA0000749 Standard Plumbing Supply,BA0000749,Standard Plumbing Supply,HIGH,Current StockItem VendorDetails contains 1 vendor row(s); selected first active VendorID BA0000749.,,FOUND,READY
K-37907-PAP-NA,"Synthos 45 3/4"" Undermount Single Bowl Workstation Kitchen Sink","Synthos 45 3/4"" Undermount Single Bowl Workstation Kitchen Sink",PLUMBING,PLUMBING,PLUMB-LOT,(no WarehouseDetails rows),ELIGIBLE,,,,NONE,No current VendorDetails row and no deterministic existing StockItem pattern met the audit threshold.,,FOUND,VENDOR_REVIEW_REQUIRED
K-37911-NA,"Synthos 27 3/4"" Undermount Single Bowl Kitchen Sink","Synthos 27 3/4"" Undermount Single Bowl Kitchen Sink",PLUMBING,PLUMBING,PLUMB-LOT,(no WarehouseDetails rows),ELIGIBLE,,,,NONE,No current VendorDetails row and no deterministic existing StockItem pattern met the audit threshold.,,FOUND,VENDOR_REVIEW_REQUIRED
K4014W,"Icobath Kontour 24"" X 27"" Linear Electric Hardwired Towel Warmer - Brushed Nickel","Icobath Kontour 24"" X 27"" Linear Electric Hardwired Towel Warmer - Brushed Nickel",PLUMBING,PLUMBING,PLUMB-LOT,BOISE WAREHOUSE=0,ELIGIBLE,BA0021299 Ico Bath,BA0021299,Ico Bath,HIGH,Current StockItem VendorDetails contains 1 vendor row(s); selected first active VendorID BA0021299.,,FOUND,READY
K-44199-0,Highline Elongated Toilet Bowl - White,Highline Elongated Toilet Bowl - White,PLUMBING,PLUMBING,PLUMB-LOT,BOISE WAREHOUSE=0,ELIGIBLE,,,,NONE,No current VendorDetails row and no deterministic existing StockItem pattern met the audit threshold.,,FOUND,VENDOR_REVIEW_REQUIRED
K-44468-0,"Wellworth Toilet Tank, 1.6 Gpf - White","Wellworth Toilet Tank, 1.6 Gpf - White",PLUMBING,PLUMBING,PLUMB-LOT,BOISE WAREHOUSE=0,ELIGIBLE,,,,NONE,No current VendorDetails row and no deterministic existing StockItem pattern met the audit threshold.,,FOUND,VENDOR_REVIEW_REQUIRED
K50-100-FB-ANF,"Poetto Pull Down Kitchen Faucet with Button Sprayer, High Arc Spout - Antique Nickel Flat","Poetto Pull Down Kitchen Faucet with Button Sprayer, High Arc Spout - Antique Nickel Flat",PLUMBING,PLUMBING,PLUMB-LOT,SALT LAKE PLUMBING=0,ELIGIBLE,,,,NONE,No current VendorDetails row and no deterministic existing StockItem pattern met the audit threshold.,,FOUND,VENDOR_REVIEW_REQUIRED
K50-103-BST-BBU,"Poetto Pull Down Kitchen Faucet with Button Sprayer, Quad Spout - Burnished Brass","Poetto Pull Down Kitchen Faucet with Button Sprayer, Quad Spout - Burnished Brass",PLUMBING,PLUMBING,PLUMB-LOT,SALT LAKE APPLIANCES=0; SALT LAKE PLUMBING=0,ELIGIBLE,,,,NONE,No current VendorDetails row and no deterministic existing StockItem pattern met the audit threshold.,,FOUND,VENDOR_REVIEW_REQUIRED
K50-103-FB-ANF,"Poetto Pull Down Kitchen Faucet with Button Sprayer, Quad Spout - Antique Nickel Flat","Poetto Pull Down Kitchen Faucet with Button Sprayer, Quad Spout - Antique Nickel Flat",PLUMBING,PLUMBING,PLUMB-LOT,SALT LAKE PLUMBING=0,ELIGIBLE,,,,NONE,No current VendorDetails row and no deterministic existing StockItem pattern met the audit threshold.,,FOUND,VENDOR_REVIEW_REQUIRED
K51-100SQ-ST-SBZ,"Corsano Pull Down Kitchen Faucet with Squeeze Sprayer, High Arc Spout - Satin Bronze","Corsano Pull Down Kitchen Faucet with Squeeze Sprayer, High Arc Spout - Satin Bronze",PLUMBING,PLUMBING,PLUMB-LOT,(no WarehouseDetails rows),ELIGIBLE,,,,NONE,No current VendorDetails row and no deterministic existing StockItem pattern met the audit threshold.,,FOUND,VENDOR_REVIEW_REQUIRED
K51-101SQ-FB-GRP,California Faucets Corsano Pull Down Prep / Bar Faucet with Squeeze Sprayer - Graphite,California Faucets Corsano Pull Down Prep / Bar Faucet with Squeeze Sprayer - Graphite,PLUMBING,PLUMBING,PLUMB-LOT,BOISE WAREHOUSE=0,ELIGIBLE,BA0000006 California Faucets,BA0000006,California Faucets,HIGH,Current StockItem VendorDetails contains 1 vendor row(s); selected first active VendorID BA0000006.,,FOUND,READY
K51-101SQ-ST-ANF,Corsano Pull Down Prep / Bar Faucet with Squeeze Sprayer - Antique Nickel Flat,Corsano Pull Down Prep / Bar Faucet with Squeeze Sprayer - Antique Nickel Flat,PLUMBING,PLUMBING,PLUMB-LOT,(no WarehouseDetails rows),ELIGIBLE,,,,NONE,No current VendorDetails row and no deterministic existing StockItem pattern met the audit threshold.,,FOUND,VENDOR_REVIEW_REQUIRED
K51-102SQ-ST-SN,"California Faucet Corsano Pull Down Kitchen Faucet with Squeeze Sprayer, Low Arc Spout - Satin Nickel","California Faucet Corsano Pull Down Kitchen Faucet with Squeeze Sprayer, Low Arc Spout - Satin Nickel",PLUMBING,PLUMBING,PLUMB-LOT,SALT LAKE APPLIANCES=0; SALT LAKE PLUMBING=0,ELIGIBLE,BA0000006 California Faucets,BA0000006,California Faucets,HIGH,Current StockItem VendorDetails contains 1 vendor row(s); selected first active VendorID BA0000006.,,FOUND,READY
K51-103-ST-BNU,"Corsano Pull Down Kitchen Faucet with Button Sprayer, Quad Spout - Burnished Nickel","Corsano Pull Down Kitchen Faucet with Button Sprayer, Quad Spout - Burnished Nickel",PLUMBING,PLUMBING,PLUMB-LOT,SALT LAKE PLUMBING=0,ELIGIBLE,,,,NONE,No current VendorDetails row and no deterministic existing StockItem pattern met the audit threshold.,,FOUND,VENDOR_REVIEW_REQUIRED
K51-103-ST-GRP,"Corsano Pull Down Kitchen Faucet with Button Sprayer, Quad Spout - Graphite","Corsano Pull Down Kitchen Faucet with Button Sprayer, Quad Spout - Graphite",PLUMBING,PLUMBING,PLUMB-LOT,SALT LAKE PLUMBING=0,ELIGIBLE,,,,NONE,No current VendorDetails row and no deterministic existing StockItem pattern met the audit threshold.,,FOUND,VENDOR_REVIEW_REQUIRED
K-5172-42,"San Souci One Piece Compact Elongated Toilet With Concealed Trapway, 1.28 Gpf - Aspen Green","San Souci One Piece Compact Elongated Toilet With Concealed Trapway, 1.28 Gpf - Aspen Green",PLUMBING,PLUMBING,PLUMB-LOT,SALT LAKE PLUMBING=0,ELIGIBLE,BA0000749 Standard Plumbing Supply,BA0000749,Standard Plumbing Supply,HIGH,Current StockItem VendorDetails contains 1 vendor row(s); selected first active VendorID BA0000749.,,FOUND,READY
K-5172-V10,"San Souci One Piece Compact Elongated Toilet With Concealed Trapway, 1.28 Gpf - 150th Peachblow","San Souci One Piece Compact Elongated Toilet With Concealed Trapway, 1.28 Gpf - 150th Peachblow",PLUMBING,PLUMBING,PLUMB-LOT,SALT LAKE PLUMBING=0,ELIGIBLE,BA0000749 Standard Plumbing Supply,BA0000749,Standard Plumbing Supply,HIGH,Current StockItem VendorDetails contains 1 vendor row(s); selected first active VendorID BA0000749.,,FOUND,READY
K-534-NA,Underscore Undermount Installation Kit For K 1848/K 1849,Underscore Undermount Installation Kit For K 1848/K 1849,PLUMBING,PLUMBING,PLUMB-LOT,(no WarehouseDetails rows),ELIGIBLE,,,,NONE,No current VendorDetails row and no deterministic existing StockItem pattern met the audit threshold.,,FOUND,VENDOR_REVIEW_REQUIRED
K55-100SQ-TG-SBZ,"California Faucets La Spezia Pull Down Kitchen Faucet with Squeeze Sprayer, High Arc Spout - Satin Bronze","California Faucets La Spezia Pull Down Kitchen Faucet with Squeeze Sprayer, High Arc Spout - Satin Bronze",PLUMBING,PLUMBING,PLUMB-LOT,SALT LAKE APPLIANCES=0; SALT LAKE PLUMBING=0,ELIGIBLE,BA0000006 California Faucets,BA0000006,California Faucets,HIGH,Current StockItem VendorDetails contains 1 vendor row(s); selected first active VendorID BA0000006.,,FOUND,READY
K55-100SQ-TG-USS,"La Spezia Pull Down Kitchen Faucet with Squeeze Sprayer, High Arc Spout - Ultra Stainless Steel","La Spezia Pull Down Kitchen Faucet with Squeeze Sprayer, High Arc Spout - Ultra Stainless Steel",PLUMBING,PLUMBING,PLUMB-LOT,(no WarehouseDetails rows),ELIGIBLE,,,,NONE,No current VendorDetails row and no deterministic existing StockItem pattern met the audit threshold.,,FOUND,VENDOR_REVIEW_REQUIRED
K55-101-TG-GRP,La Spezia Pull Down Prep / Bar Faucet with Button Sprayer - Graphite,La Spezia Pull Down Prep / Bar Faucet with Button Sprayer - Graphite,PLUMBING,PLUMBING,PLUMB-LOT,(no WarehouseDetails rows),ELIGIBLE,,,,NONE,No current VendorDetails row and no deterministic existing StockItem pattern met the audit threshold.,,FOUND,VENDOR_REVIEW_REQUIRED
K55-102-TG-BTB,"California Faucets La Spezia Pull Down Kitchen Faucet with Button Sprayer, Low Arc Spout - Bella Terra Bronze","California Faucets La Spezia Pull Down Kitchen Faucet with Button Sprayer, Low Arc Spout - Bella Terra Bronze",PLUMBING,PLUMBING,PLUMB-LOT,SALT LAKE PLUMBING=1,SKIP_QTY_ON_HAND,BA0000006 California Faucets,BA0000006,California Faucets,HIGH,Current StockItem VendorDetails contains 1 vendor row(s); selected first active VendorID BA0000006.,,FOUND,SKIP_QTY_ON_HAND
K55-200-TG-BTB,"California Faucets La Spezia Pot Filler, Dual Handle Wall Mount, Contemporary - Bella Terra Bronze","California Faucets La Spezia Pot Filler, Dual Handle Wall Mount, Contemporary - Bella Terra Bronze",PLUMBING,PLUMBING,PLUMB-LOT,SALT LAKE PLUMBING=0,ELIGIBLE,BA0000006 California Faucets,BA0000006,California Faucets,HIGH,Current StockItem VendorDetails contains 1 vendor row(s); selected first active VendorID BA0000006.,,FOUND,READY
K6002/008,"Phylrich Wall Bracket For Hand Shower With 1/2"" Outlet - Architectural Bronze","Phylrich Wall Bracket For Hand Shower With 1/2"" Outlet - Architectural Bronze",PLUMBING,PLUMBING,PLUMB-LOT,BOISE WAREHOUSE=0,ELIGIBLE,BA0016237 Phylrich,BA0016237,Phylrich,HIGH,Current StockItem VendorDetails contains 1 vendor row(s); selected first active VendorID BA0016237.,,FOUND,READY
K6007/040,Holder And Connector For K6530 Shower - Matte Black,Holder And Connector For K6530 Shower - Matte Black,PLUMBING,PLUMBING,PLUMB-LOT,BOISE WAREHOUSE=0,ELIGIBLE,,BA0016237,Phylrich,HIGH,prefix K600 maps to BA0016237 in 11/11 existing vendor-populated StockItems.,,FOUND,READY
K6007/047,Holder And Connector For K6530 Shower - Antique Brass,Holder And Connector For K6530 Shower - Antique Brass,PLUMBING,PLUMBING,PLUMB-LOT,BOISE WAREHOUSE=0,ELIGIBLE,,BA0016237,Phylrich,HIGH,prefix K600 maps to BA0016237 in 11/11 existing vendor-populated StockItems.,,FOUND,READY
K6104/008,Phylrich Hand Shower With Hose - Architectural Bronze,Phylrich Hand Shower With Hose - Architectural Bronze,PLUMBING,PLUMBING,PLUMB-LOT,BOISE WAREHOUSE=0,ELIGIBLE,BA0016237 Phylrich,BA0016237,Phylrich,HIGH,Current StockItem VendorDetails contains 1 vendor row(s); selected first active VendorID BA0016237.,,FOUND,READY
K6530/040,"Basic Hand Shower Including 59"" Hose - Matte Black","Basic Hand Shower Including 59"" Hose - Matte Black",PLUMBING,PLUMBING,PLUMB-LOT,BOISE WAREHOUSE=0,ELIGIBLE,,BA0016237,Phylrich,HIGH,prefix K6530 maps to BA0016237 in 7/7 existing vendor-populated StockItems.,,FOUND,READY
K6530/047,"Basic Hand Shower Including 59"" Hose - Antique Brass","Basic Hand Shower Including 59"" Hose - Antique Brass",PLUMBING,PLUMBING,PLUMB-LOT,BOISE WAREHOUSE=0,ELIGIBLE,,BA0016237,Phylrich,HIGH,prefix K6530 maps to BA0016237 in 7/7 existing vendor-populated StockItems.,,FOUND,READY
K-705767-BN,Purist Shower Door Handle - Vibrant Brushed Nickel,Purist Shower Door Handle - Vibrant Brushed Nickel,PLUMBING,PLUMBING,PLUMB-LOT,SALT LAKE PLUMBING=0,ELIGIBLE,,,,NONE,No current VendorDetails row and no deterministic existing StockItem pattern met the audit threshold.,,FOUND,VENDOR_REVIEW_REQUIRED
K-7159-BV,"Artifacts 1 1/2"" Pop Up Bath Drain For Above And Through The Floor Freestanding Bath Installations - Vibrant Brushed Bronze","Artifacts 1 1/2"" Pop Up Bath Drain For Above And Through The Floor Freestanding Bath Installations - Vibrant Brushed Bronze",PLUMBING,PLUMBING,PLUMB-LOT,SALT LAKE PLUMBING=0,ELIGIBLE,,,,NONE,No current VendorDetails row and no deterministic existing StockItem pattern met the audit threshold.,,FOUND,VENDOR_REVIEW_REQUIRED
K-7213-2MB,Clearflo Cable Bath Drain With Pvc Tubing - Vibrant Brushed Moderne Brass,Clearflo Cable Bath Drain With Pvc Tubing - Vibrant Brushed Moderne Brass,PLUMBING,PLUMBING,PLUMB-LOT,SALT LAKE PLUMBING=0,ELIGIBLE,,,,NONE,No current VendorDetails row and no deterministic existing StockItem pattern met the audit threshold.,,FOUND,VENDOR_REVIEW_REQUIRED
K-72414-Y-2MB,"Awaken G90 Four Function Handshower, 2.5 Gpm - Vibrant Brushed Moderne Brass","Awaken G90 Four Function Handshower, 2.5 Gpm - Vibrant Brushed Moderne Brass",PLUMBING,PLUMBING,PLUMB-LOT,BOISE WAREHOUSE=0,ELIGIBLE,,,,NONE,No current VendorDetails row and no deterministic existing StockItem pattern met the audit threshold.,,FOUND,VENDOR_REVIEW_REQUIRED
K-72797-SN,Artifacts Handshower Holder - Vibrant Polished Nickel,Artifacts Handshower Holder - Vibrant Polished Nickel,PLUMBING,PLUMBING,PLUMB-LOT,SALT LAKE PLUMBING=1,SKIP_QTY_ON_HAND,BA0000749 Standard Plumbing Supply,BA0000749,Standard Plumbing Supply,HIGH,Current StockItem VendorDetails contains 1 vendor row(s); selected first active VendorID BA0000749.,,FOUND,SKIP_QTY_ON_HAND
K-7394-2MB,"6"" Ceiling Mount Single Function Rainhead Arm And Flange - Vibrant Brushed Moderne Brass","6"" Ceiling Mount Single Function Rainhead Arm And Flange - Vibrant Brushed Moderne Brass",PLUMBING,PLUMBING,PLUMB-LOT,BOISE WAREHOUSE=0,ELIGIBLE,,,,NONE,No current VendorDetails row and no deterministic existing StockItem pattern met the audit threshold.,,FOUND,VENDOR_REVIEW_REQUIRED
K-7548-4-VS,Purist Two Hole Bridge Kitchen Sink Faucet With Side Sprayer - Vibrant Stainless,Purist Two Hole Bridge Kitchen Sink Faucet With Side Sprayer - Vibrant Stainless,PLUMBING,PLUMBING,PLUMB-LOT,SALT LAKE PLUMBING=0,ELIGIBLE,,,,NONE,No current VendorDetails row and no deterministic existing StockItem pattern met the audit threshold.,,FOUND,VENDOR_REVIEW_REQUIRED
K-7605-P-BN,"Pair 3/8"" Npt Angle Supplies With Stop, Cross Handle And Annealed Vertical Tube - Vibrant Brushed Nickel","Pair 3/8"" Npt Angle Supplies With Stop, Cross Handle And Annealed Vertical Tube - Vibrant Brushed Nickel",PLUMBING,PLUMBING,PLUMB-LOT,SALT LAKE HARDWARE=0,ELIGIBLE,,,,NONE,No current VendorDetails row and no deterministic existing StockItem pattern met the audit threshold.,,FOUND,VENDOR_REVIEW_REQUIRED
K-77967-2MB,"Components Bathroom Sink Faucet Spout With Tube Design, 1.2 Gpm - Vibrant Brushed Moderne Brass","Components Bathroom Sink Faucet Spout With Tube Design, 1.2 Gpm - Vibrant Brushed Moderne Brass",PLUMBING,PLUMBING,PLUMB-LOT,BOISE WAREHOUSE=0,ELIGIBLE,,,,NONE,No current VendorDetails row and no deterministic existing StockItem pattern met the audit threshold.,,FOUND,VENDOR_REVIEW_REQUIRED
K-77974-8-2MB,Components Oyl Bathroom Sink Faucet Handles - Vibrant Brushed Moderne Brass,Components Oyl Bathroom Sink Faucet Handles - Vibrant Brushed Moderne Brass,PLUMBING,PLUMBING,PLUMB-LOT,BOISE WAREHOUSE=0,ELIGIBLE,,,,NONE,No current VendorDetails row and no deterministic existing StockItem pattern met the audit threshold.,,FOUND,VENDOR_REVIEW_REQUIRED
K-78377-2MB,Components Towel Arm - Vibrant Brushed Moderne Brass,Components Towel Arm - Vibrant Brushed Moderne Brass,PLUMBING,PLUMBING,PLUMB-LOT,BOISE WAREHOUSE=0,ELIGIBLE,,,,NONE,No current VendorDetails row and no deterministic existing StockItem pattern met the audit threshold.,,FOUND,VENDOR_REVIEW_REQUIRED
K-78378-2MB,Components Robe Hook - Vibrant Brushed Moderne Brass,Components Robe Hook - Vibrant Brushed Moderne Brass,PLUMBING,PLUMBING,PLUMB-LOT,BOISE WAREHOUSE=0,ELIGIBLE,,,,NONE,No current VendorDetails row and no deterministic existing StockItem pattern met the audit threshold.,,FOUND,VENDOR_REVIEW_REQUIRED
K-78382-2MB,Components Pivoting Toilet Paper Holder - Vibrant Brushed Moderne Brass,Components Pivoting Toilet Paper Holder - Vibrant Brushed Moderne Brass,PLUMBING,PLUMBING,PLUMB-LOT,BOISE WAREHOUSE=0,ELIGIBLE,,,,NONE,No current VendorDetails row and no deterministic existing StockItem pattern met the audit threshold.,,FOUND,VENDOR_REVIEW_REQUIRED
K81-120S-BL-SBZ,"California Faucets Descanso Works Bridge Kitchen Faucet with Sidespray, Arc Spout - Satin Bronze","California Faucets Descanso Works Bridge Kitchen Faucet with Sidespray, Arc Spout - Satin Bronze",PLUMBING,PLUMBING,PLUMB-LOT,SALT LAKE PLUMBING=0,ELIGIBLE,BA0000006 California Faucets,BA0000006,California Faucets,HIGH,Current StockItem VendorDetails contains 1 vendor row(s); selected first active VendorID BA0000006.,,FOUND,READY
K-8189-58,"Verticyl 17"" Rectangular Undermount Bathroom Sink - Thunder Grey","Verticyl 17"" Rectangular Undermount Bathroom Sink - Thunder Grey",PLUMBING,PLUMBING,PLUMB-LOT,(no WarehouseDetails rows),ELIGIBLE,,,,NONE,No current VendorDetails row and no deterministic existing StockItem pattern met the audit threshold.,,FOUND,VENDOR_REVIEW_REQUIRED
K-8189-NY,"Verticyl 17"" Rectangular Undermount Bathroom Sink - Dune","Verticyl 17"" Rectangular Undermount Bathroom Sink - Dune",PLUMBING,PLUMBING,PLUMB-LOT,SALT LAKE PLUMBING=0,ELIGIBLE,,,,NONE,No current VendorDetails row and no deterministic existing StockItem pattern met the audit threshold.,,FOUND,VENDOR_REVIEW_REQUIRED
K831/008,"Phylrich 8"" Round Shower Head - Architectural Bronze","Phylrich 8"" Round Shower Head - Architectural Bronze",PLUMBING,PLUMBING,PLUMB-LOT,BOISE WAREHOUSE=0,ELIGIBLE,BA0016237 Phylrich,BA0016237,Phylrich,HIGH,Current StockItem VendorDetails contains 1 vendor row(s); selected first active VendorID BA0016237.,,FOUND,READY
K831/040,"8"" Round Shower Head - Matte Black","8"" Round Shower Head - Matte Black",PLUMBING,PLUMBING,PLUMB-LOT,BOISE WAREHOUSE=0,ELIGIBLE,,BA0016237,Phylrich,HIGH,prefix K831 maps to BA0016237 in 6/6 existing vendor-populated StockItems.,,FOUND,READY
K831/047,"8"" Round Shower Head - Antique Brass","8"" Round Shower Head - Antique Brass",PLUMBING,PLUMBING,PLUMB-LOT,BOISE WAREHOUSE=0,ELIGIBLE,,BA0016237,Phylrich,HIGH,prefix K831 maps to BA0016237 in 6/6 existing vendor-populated StockItems.,,FOUND,READY
K837/008,"Phylrich 4 1/2"" Contemporary Shower Head, 3 Functions - Architectural Bronze","Phylrich 4 1/2"" Contemporary Shower Head, 3 Functions - Architectural Bronze",PLUMBING,PLUMBING,PLUMB-LOT,BOISE WAREHOUSE=0,ELIGIBLE,BA0016237 Phylrich,BA0016237,Phylrich,HIGH,Current StockItem VendorDetails contains 1 vendor row(s); selected first active VendorID BA0016237.,,FOUND,READY
K839/008,"5"" Contemporary Shower Head, 4 Functions - Architectural Bronze","5"" Contemporary Shower Head, 4 Functions - Architectural Bronze",PLUMBING,PLUMBING,PLUMB-LOT,SALT LAKE PLUMBING=0,ELIGIBLE,,BA0016237,Phylrich,HIGH,prefix K839 maps to BA0016237 in 3/3 existing vendor-populated StockItems.,,FOUND,READY
K839/014,"Phylrich 5"" Contemporary Shower Head, 4 Functions - Polished Nickel","Phylrich 5"" Contemporary Shower Head, 4 Functions - Polished Nickel",PLUMBING,PLUMBING,PLUMB-LOT,SALT LAKE PLUMBING=0,ELIGIBLE,BA0016237 Phylrich,BA0016237,Phylrich,HIGH,Current StockItem VendorDetails contains 1 vendor row(s); selected first active VendorID BA0016237.,,FOUND,READY
K839/047,"Phylrich 5"" Contemporary Shower Head, 4 Functions - Antique Brass","Phylrich 5"" Contemporary Shower Head, 4 Functions - Antique Brass",PLUMBING,PLUMBING,PLUMB-LOT,SALT LAKE PLUMBING=0,ELIGIBLE,BA0016237 Phylrich,BA0016237,Phylrich,HIGH,Current StockItem VendorDetails contains 1 vendor row(s); selected first active VendorID BA0016237.,,FOUND,READY
K839/15A,"Phylrich 5"" Contemporary Shower Head - Pewter","Phylrich 5"" Contemporary Shower Head - Pewter",PLUMBING,PLUMBING,PLUMB-LOT,SALT LAKE PLUMBING=0,ELIGIBLE,BA0016237 Phylrich,BA0016237,Phylrich,HIGH,Current StockItem VendorDetails contains 1 vendor row(s); selected first active VendorID BA0016237.,,FOUND,READY
K-875-0,"Bellwether 60"" X 32"" Alcove Bath, Left Drain - White","Bellwether 60"" X 32"" Alcove Bath, Left Drain - White",PLUMBING,PLUMBING,PLUMB-LOT,SALT LAKE APPLIANCES=0; SALT LAKE PLUMBING=0,ELIGIBLE,BA0003290 Hajoca Corporation,BA0003290,Hajoca Corporation,HIGH,Current StockItem VendorDetails contains 1 vendor row(s); selected first active VendorID BA0003290.,,FOUND,READY
K-9379-2MB,Wellworth Highline Trip Lever - Vibrant Brushed Moderne Brass,Wellworth Highline Trip Lever - Vibrant Brushed Moderne Brass,PLUMBING,PLUMBING,PLUMB-LOT,BOISE WAREHOUSE=0,ELIGIBLE,,,,NONE,No current VendorDetails row and no deterministic existing StockItem pattern met the audit threshold.,,FOUND,VENDOR_REVIEW_REQUIRED
K-9466-L-BV,Cimarron Left Hand Trip Lever - Vibrant Brushed Bronze,Cimarron Left Hand Trip Lever - Vibrant Brushed Bronze,PLUMBING,PLUMBING,PLUMB-LOT,SALT LAKE PLUMBING=1,SKIP_QTY_ON_HAND,BA0000749 Standard Plumbing Supply,BA0000749,Standard Plumbing Supply,HIGH,Current StockItem VendorDetails contains 1 vendor row(s); selected first active VendorID BA0000749.,,FOUND,SKIP_QTY_ON_HAND
K-975-BN,Stillness Adjustable Wall Mount Holder - Vibrant Brushed Nickel,Stillness Adjustable Wall Mount Holder - Vibrant Brushed Nickel,PLUMBING,PLUMBING,PLUMB-LOT,SALT LAKE PLUMBING=0,ELIGIBLE,,,,NONE,No current VendorDetails row and no deterministic existing StockItem pattern met the audit threshold.,,FOUND,VENDOR_REVIEW_REQUIRED
K-98354-2MB,Exhale Wall Mount Handshower Holder With Supply Elbow And Check Valve - Vibrant Brushed Moderne Brass,Exhale Wall Mount Handshower Holder With Supply Elbow And Check Valve - Vibrant Brushed Moderne Brass,PLUMBING,PLUMBING,PLUMB-LOT,BOISE WAREHOUSE=0,ELIGIBLE,,,,NONE,No current VendorDetails row and no deterministic existing StockItem pattern met the audit threshold.,,FOUND,VENDOR_REVIEW_REQUIRED
KHU101-13,"Kraus Standart Pro 13"" Undermount 16 Gauge Single Bowl Bar Prep Kitchen Sink - Stainless Steel","Kraus Standart Pro 13"" Undermount 16 Gauge Single Bowl Bar Prep Kitchen Sink - Stainless Steel",PLUMBING,PLUMBING,PLUMB-LOT,SALT LAKE APPLIANCES=0; SALT LAKE PLUMBING=2,SKIP_QTY_ON_HAND,,,,NONE,No current VendorDetails row and no deterministic existing StockItem pattern met the audit threshold.,,FOUND,SKIP_QTY_ON_HAND
KHU101-21,"Kraus Standart Pro 21"" 16 Gauge Undermount Single Bowl Kitchen Sink - Stainless Steel","Kraus Standart Pro 21"" 16 Gauge Undermount Single Bowl Kitchen Sink - Stainless Steel",PLUMBING,PLUMBING,PLUMB-LOT,BOISE WAREHOUSE=1,SKIP_QTY_ON_HAND,"BA0012625 Kraus USA Plumbing, LLC",BA0012625,"Kraus USA Plumbing, LLC",HIGH,Current StockItem VendorDetails contains 1 vendor row(s); selected first active VendorID BA0012625.,,FOUND,SKIP_QTY_ON_HAND
KPF-2620SFS,Kraus Oletto Pull Down Single Handle Kitchen Faucet - Spot Free Stainless Steel,Kraus Oletto Pull Down Single Handle Kitchen Faucet - Spot Free Stainless Steel,PLUMBING,PLUMBING,PLUMB-LOT,SALT LAKE APPLIANCES=0; SALT LAKE PLUMBING=2,SKIP_QTY_ON_HAND,,,,NONE,No current VendorDetails row and no deterministic existing StockItem pattern met the audit threshold.,,FOUND,SKIP_QTY_ON_HAND
KS313AB,Kingston Brass Two Handle 2 Hole Wall Mount Kitchen Faucet - Antique Brass,Kingston Brass Two Handle 2 Hole Wall Mount Kitchen Faucet - Antique Brass,PLUMBING,PLUMBING,PLUMB-LOT,SALT LAKE APPLIANCES=0; SALT LAKE PLUMBING=0,ELIGIBLE,BA0003290 Hajoca Corporation,BA0003290,Hajoca Corporation,HIGH,Current StockItem VendorDetails contains 1 vendor row(s); selected default active VendorID BA0003290.,,FOUND,READY
KT02-30K.25-ANF,"Descanso StyleTherm 1/2"" Thermostatic Shower System with Showerhead and Handshower on Hook - Antique Nickel Flat","Descanso StyleTherm 1/2"" Thermostatic Shower System with Showerhead and Handshower on Hook - Antique Nickel Flat",PLUMBING,PLUMBING,PLUMB-LOT,(no WarehouseDetails rows),ELIGIBLE,,BA0000006,California Faucets,MEDIUM,brand-token DESCANSO suggests BA0000006 in 17/17 existing vendor-populated StockItems; manual review required.,,FOUND,VENDOR_REVIEW_REQUIRED
KT04-66.25-SBZ,"Tiburon StyleTherm 1/2"" Thermostatic Shower System with Showerhead and Tub Spout - Satin Bronze","Tiburon StyleTherm 1/2"" Thermostatic Shower System with Showerhead and Tub Spout - Satin Bronze",PLUMBING,PLUMBING,PLUMB-LOT,BOISE WAREHOUSE=0,ELIGIBLE,BA0000006 California Faucets,BA0000006,California Faucets,HIGH,Current StockItem VendorDetails contains 1 vendor row(s); selected first active VendorID BA0000006.,,FOUND,READY
KT13-77.25-BLKN,"Morro Bay StyleTherm 1/2"" Thermostatic Shower System with Showerhead and Handshower on Slide Bar - Black Nickel","Morro Bay StyleTherm 1/2"" Thermostatic Shower System with Showerhead and Handshower on Slide Bar - Black Nickel",PLUMBING,PLUMBING,PLUMB-LOT,(no WarehouseDetails rows),ELIGIBLE,,BA0000006,California Faucets,MEDIUM,brand-token STYLETHERM suggests BA0000006 in 5/5 existing vendor-populated StockItems; manual review required.,,FOUND,VENDOR_REVIEW_REQUIRED
K-T14414-4-BN,"Purist Wall Mount Bathroom Sink Faucet Trim With Lever Handles, 1.2 Gpm - Vibrant Brushed Nickel","Purist Wall Mount Bathroom Sink Faucet Trim With Lever Handles, 1.2 Gpm - Vibrant Brushed Nickel",PLUMBING,PLUMBING,PLUMB-LOT,SALT LAKE HARDWARE=0,ELIGIBLE,,,,NONE,No current VendorDetails row and no deterministic existing StockItem pattern met the audit threshold.,,FOUND,VENDOR_REVIEW_REQUIRED
K-T14428-4-BN,Purist Deck Mount Bath Faucet Trim With Lever Handles - Vibrant Brushed Nickel,Purist Deck Mount Bath Faucet Trim With Lever Handles - Vibrant Brushed Nickel,PLUMBING,PLUMBING,PLUMB-LOT,SALT LAKE PLUMBING=0,ELIGIBLE,,,,NONE,No current VendorDetails row and no deterministic existing StockItem pattern met the audit threshold.,,FOUND,VENDOR_REVIEW_REQUIRED
K-T14429-4-BN,Purist Deck Or Wall Mount Bath Faucet Handle Trim With Lever Design - Vibrant Brushed Nickel,Purist Deck Or Wall Mount Bath Faucet Handle Trim With Lever Design - Vibrant Brushed Nickel,PLUMBING,PLUMBING,PLUMB-LOT,SALT LAKE PLUMBING=0,ELIGIBLE,,,,NONE,No current VendorDetails row and no deterministic existing StockItem pattern met the audit threshold.,,FOUND,VENDOR_REVIEW_REQUIRED
K-T14501-4-BN,Purist Rite-Temp Valve Trim With Push Button Diverter And Lever Handle - Vibrant Brushed Nickel,Purist Rite-Temp Valve Trim With Push Button Diverter And Lever Handle - Vibrant Brushed Nickel,PLUMBING,PLUMBING,PLUMB-LOT,SALT LAKE PLUMBING=0,ELIGIBLE,,,,NONE,No current VendorDetails row and no deterministic existing StockItem pattern met the audit threshold.,,FOUND,VENDOR_REVIEW_REQUIRED
K-T35909-3-BN,"Castia By Studio Mcgee Wall Mount Bathroom Sink Faucet Trim, 1.2 Gpm - Vibrant Brushed Nickel","Castia By Studio Mcgee Wall Mount Bathroom Sink Faucet Trim, 1.2 Gpm - Vibrant Brushed Nickel",PLUMBING,PLUMBING,PLUMB-LOT,SALT LAKE PLUMBING=0,ELIGIBLE,,,,NONE,No current VendorDetails row and no deterministic existing StockItem pattern met the audit threshold.,,FOUND,VENDOR_REVIEW_REQUIRED
K-T72768-3-SN,Artifacts Rite-Temp Valve Trim With Push Button Diverter And Cross Handle - Vibrant Polished Nickel,Artifacts Rite-Temp Valve Trim With Push Button Diverter And Cross Handle - Vibrant Polished Nickel,PLUMBING,PLUMBING,PLUMB-LOT,SALT LAKE PLUMBING=1,SKIP_QTY_ON_HAND,BA0000749 Standard Plumbing Supply,BA0000749,Standard Plumbing Supply,HIGH,Current StockItem VendorDetails contains 1 vendor row(s); selected first active VendorID BA0000749.,,FOUND,SKIP_QTY_ON_HAND
K-T73133-4-BL,Composed Mastershower Temperature Control Valve Trim With Lever Handle - Matte Black,Composed Mastershower Temperature Control Valve Trim With Lever Handle - Matte Black,PLUMBING,PLUMBING,PLUMB-LOT,BOISE WAREHOUSE=0,ELIGIBLE,,,,NONE,No current VendorDetails row and no deterministic existing StockItem pattern met the audit threshold.,,FOUND,VENDOR_REVIEW_REQUIRED
K-T77984-4-2MB,Components Floor Mount Bath Filler Trim With Lever Handles And Handshower - Vibrant Brushed Moderne Brass,Components Floor Mount Bath Filler Trim With Lever Handles And Handshower - Vibrant Brushed Moderne Brass,PLUMBING,PLUMBING,PLUMB-LOT,BOISE WAREHOUSE=0,ELIGIBLE,,,,NONE,No current VendorDetails row and no deterministic existing StockItem pattern met the audit threshold.,,FOUND,VENDOR_REVIEW_REQUIRED
K-T78025-8-2MB,Components Mastershower Volume Control Valve Trim With Oyl Handle - Vibrant Brushed Moderne Brass,Components Mastershower Volume Control Valve Trim With Oyl Handle - Vibrant Brushed Moderne Brass,PLUMBING,PLUMBING,PLUMB-LOT,BOISE WAREHOUSE=0,ELIGIBLE,,,,NONE,No current VendorDetails row and no deterministic existing StockItem pattern met the audit threshold.,,FOUND,VENDOR_REVIEW_REQUIRED
K-T78027-8-2MB,Components Mastershower Temperature Control Valve Trim With Oyl Handle - Vibrant Brushed Moderne Brass,Components Mastershower Temperature Control Valve Trim With Oyl Handle - Vibrant Brushed Moderne Brass,PLUMBING,PLUMBING,PLUMB-LOT,BOISE WAREHOUSE=0,ELIGIBLE,,,,NONE,No current VendorDetails row and no deterministic existing StockItem pattern met the audit threshold.,,FOUND,VENDOR_REVIEW_REQUIRED
K-T97328-4-BV,Purist Floor Mount Bath Filler Trim With Handshower - Vibrant Brushed Bronze,Purist Floor Mount Bath Filler Trim With Handshower - Vibrant Brushed Bronze,PLUMBING,PLUMBING,PLUMB-LOT,SALT LAKE PLUMBING=0,ELIGIBLE,,,,NONE,No current VendorDetails row and no deterministic existing StockItem pattern met the audit threshold.,,FOUND,VENDOR_REVIEW_REQUIRED
K-TLS28127-4-BL,Venza Rite-Temp Bath And Shower Trim Kit Without Showerhead - Matte Black,Venza Rite-Temp Bath And Shower Trim Kit Without Showerhead - Matte Black,PLUMBING,PLUMBING,PLUMB-LOT,BOISE WAREHOUSE=0,ELIGIBLE,,,,NONE,No current VendorDetails row and no deterministic existing StockItem pattern met the audit threshold.,,FOUND,VENDOR_REVIEW_REQUIRED
K-TS35916-4G-SN,"Kohler Castia By Studio Mcgee Rite-Temp Shower Trim Kit, 1.75 Gpm - Vibrant Polished Nickel","Kohler Castia By Studio Mcgee Rite-Temp Shower Trim Kit, 1.75 Gpm - Vibrant Polished Nickel",PLUMBING,PLUMBING,PLUMB-LOT,BOISE WAREHOUSE=0,ELIGIBLE,BA0003290 Hajoca Corporation,BA0003290,Hajoca Corporation,HIGH,Current StockItem VendorDetails contains 1 vendor row(s); selected first active VendorID BA0003290.,,FOUND,READY
K-TS35916-4Y-SN,"Castia By Studio Mcgee Rite-Temp Shower Trim Kit, 2.5 Gpm - Vibrant Polished Nickel","Castia By Studio Mcgee Rite-Temp Shower Trim Kit, 2.5 Gpm - Vibrant Polished Nickel",PLUMBING,PLUMBING,PLUMB-LOT,(no WarehouseDetails rows),ELIGIBLE,,,,NONE,No current VendorDetails row and no deterministic existing StockItem pattern met the audit threshold.,,FOUND,VENDOR_REVIEW_REQUIRED
K-TS35917-4G-SN,"Kohler Castia By Studio Mcgee Rite-Temp Bath And Shower Trim Kit, 1.75 Gpm - Vibrant Polished Nickel","Kohler Castia By Studio Mcgee Rite-Temp Bath And Shower Trim Kit, 1.75 Gpm - Vibrant Polished Nickel",PLUMBING,PLUMBING,PLUMB-LOT,BOISE WAREHOUSE=4,SKIP_QTY_ON_HAND,BA0003290 Hajoca Corporation,BA0003290,Hajoca Corporation,HIGH,Current StockItem VendorDetails contains 1 vendor row(s); selected first active VendorID BA0003290.,,FOUND,SKIP_QTY_ON_HAND
KWF210-36,"Kraus Kore Workstation 36"" 16 Gauge Single Bowl Farmhouse Kitchen Sink With Accessories Pack Of 5 - Stainless Steel","Kraus Kore Workstation 36"" 16 Gauge Single Bowl Farmhouse Kitchen Sink With Accessories Pack Of 5 - Stainless Steel",PLUMBING,PLUMBING,PLUMB-LOT,SALT LAKE APPLIANCES=0; SALT LAKE PLUMBING=1,SKIP_QTY_ON_HAND,,,,NONE,No current VendorDetails row and no deterministic existing StockItem pattern met the audit threshold.,,FOUND,SKIP_QTY_ON_HAND
KWU110-32,"Kore Workstation 32"" Undermount 16 Gauge Single Bowl Kitchen Sink With Accessories Pack Of 5 - Stainless Steel","Kore Workstation 32"" Undermount 16 Gauge Single Bowl Kitchen Sink With Accessories Pack Of 5 - Stainless Steel",PLUMBING,PLUMBING,PLUMB-LOT,BOISE WAREHOUSE=0,ELIGIBLE,,,,NONE,No current VendorDetails row and no deterministic existing StockItem pattern met the audit threshold.,,FOUND,VENDOR_REVIEW_REQUIRED
LBWDM06BKBC,Liv EZ Filtered and Chilled Water Dispenser - Midnight,Liv EZ Filtered and Chilled Water Dispenser - Midnight,PLUMBING,PLUMBING,PLUMB-LOT,BOISE WAREHOUSE=0; SALT LAKE PLUMBING=0,ELIGIBLE,BA0000536 Southwest Plumbing Supply,BA0000536,Southwest Plumbing Supply,HIGH,Current StockItem VendorDetails contains 1 vendor row(s); selected first active VendorID BA0000536.,,FOUND,READY
LD24G1-B,"Waterworks Ludlow 24"" Single Sided Glass Mounted Towel Bar - Brass","Waterworks Ludlow 24"" Single Sided Glass Mounted Towel Bar - Brass",PLUMBING,PLUMBING,PLUMB-LOT,SALT LAKE APPLIANCES=0; SALT LAKE PLUMBING=0,ELIGIBLE,"BA0000008 Waterworks Operating Co., LLC",BA0000008,"Waterworks Operating Co., LLC",HIGH,Current StockItem VendorDetails contains 1 vendor row(s); selected default active VendorID BA0000008.,,FOUND,READY
LD45G2-N,"Ludlow 18"" Double Sided Glass Mounted Towel Bars - Nickel","Ludlow 18"" Double Sided Glass Mounted Towel Bars - Nickel",PLUMBING,PLUMBING,PLUMB-LOT,(no WarehouseDetails rows),ELIGIBLE,,BA0000008,"Waterworks Operating Co., LLC",MEDIUM,brand-token LUDLOW suggests BA0000008 in 40/40 existing vendor-populated StockItems; manual review required.,,FOUND,VENDOR_REVIEW_REQUIRED
LD65G2-N,"Ludlow 24"" Double Sided Glass Mounted Towel Bar - Nickel","Ludlow 24"" Double Sided Glass Mounted Towel Bar - Nickel",PLUMBING,PLUMBING,PLUMB-LOT,(no WarehouseDetails rows),ELIGIBLE,,BA0000008,"Waterworks Operating Co., LLC",MEDIUM,brand-token LUDLOW suggests BA0000008 in 40/40 existing vendor-populated StockItems; manual review required.,,FOUND,VENDOR_REVIEW_REQUIRED
LDHS01-18B,LDHS01-18B,LDHS01-18B,PLUMBING,PLUMBING,PLUMB-LOT,(no WarehouseDetails rows),ELIGIBLE,,,,NONE,No current VendorDetails row and no deterministic existing StockItem pattern met the audit threshold.,,FOUND,VENDOR_REVIEW_REQUIRED
LDLS30-12B,Ludlow Gooseneck Lavatory Faucet With Lever Handles - Brass,Ludlow Gooseneck Lavatory Faucet With Lever Handles - Brass,PLUMBING,PLUMBING,PLUMB-LOT,(no WarehouseDetails rows),ELIGIBLE,,BA0000008,"Waterworks Operating Co., LLC",HIGH,prefix LDLS maps to BA0000008 in 5/5 existing vendor-populated StockItems.,,FOUND,READY
LDLS90-12B,Ludlow Wall Mounted Lavatory Faucet With Lever Handles - Brass,Ludlow Wall Mounted Lavatory Faucet With Lever Handles - Brass,PLUMBING,PLUMBING,PLUMB-LOT,(no WarehouseDetails rows),ELIGIBLE,,BA0000008,"Waterworks Operating Co., LLC",HIGH,prefix LDLS maps to BA0000008 in 5/5 existing vendor-populated StockItems.,,FOUND,READY
LDPH01-BUN,Waterworks Ludlow One Arm Paper Holder - Burnished Nickel,Waterworks Ludlow One Arm Paper Holder - Burnished Nickel,PLUMBING,PLUMBING,PLUMB-LOT,SALT LAKE PLUMBING=0,ELIGIBLE,"BA0000008 Waterworks Operating Co., LLC",BA0000008,"Waterworks Operating Co., LLC",HIGH,Current StockItem VendorDetails contains 1 vendor row(s); selected first active VendorID BA0000008.,,FOUND,READY
LDPH01-DN,Waterworks Ludlow One Arm Paper Holder - Dark Nickel,Waterworks Ludlow One Arm Paper Holder - Dark Nickel,PLUMBING,PLUMBING,PLUMB-LOT,SALT LAKE PLUMBING=0,ELIGIBLE,"BA0000008 Waterworks Operating Co., LLC",BA0000008,"Waterworks Operating Co., LLC",HIGH,Current StockItem VendorDetails contains 1 vendor row(s); selected first active VendorID BA0000008.,,FOUND,READY
LDPH01-N,Waterworks Ludlow One Arm Paper Holder - Nickel,Waterworks Ludlow One Arm Paper Holder - Nickel,PLUMBING,PLUMBING,PLUMB-LOT,SALT LAKE PLUMBING=0,ELIGIBLE,"BA0000008 Waterworks Operating Co., LLC",BA0000008,"Waterworks Operating Co., LLC",HIGH,Current StockItem VendorDetails contains 1 vendor row(s); selected first active VendorID BA0000008.,,FOUND,READY
LDRH01-BUN,Waterworks Ludlow Single Hook - Burnished Nickel,Waterworks Ludlow Single Hook - Burnished Nickel,PLUMBING,PLUMBING,PLUMB-LOT,SALT LAKE PLUMBING=0,ELIGIBLE,"BA0000008 Waterworks Operating Co., LLC",BA0000008,"Waterworks Operating Co., LLC",HIGH,Current StockItem VendorDetails contains 1 vendor row(s); selected first active VendorID BA0000008.,,FOUND,READY
LDRH01-DN,Waterworks Ludlow Single Hook - Dark Nickel,Waterworks Ludlow Single Hook - Dark Nickel,PLUMBING,PLUMBING,PLUMB-LOT,SALT LAKE PLUMBING=0,ELIGIBLE,"BA0000008 Waterworks Operating Co., LLC",BA0000008,"Waterworks Operating Co., LLC",HIGH,Current StockItem VendorDetails contains 1 vendor row(s); selected first active VendorID BA0000008.,,FOUND,READY
LDRH15-N,Waterworks Ludlow Single Hook - Nickel,Waterworks Ludlow Single Hook - Nickel,PLUMBING,PLUMBING,PLUMB-LOT,SALT LAKE PLUMBING=1,SKIP_QTY_ON_HAND,"BA0000008 Waterworks Operating Co., LLC",BA0000008,"Waterworks Operating Co., LLC",HIGH,Current StockItem VendorDetails contains 1 vendor row(s); selected first active VendorID BA0000008.,,FOUND,SKIP_QTY_ON_HAND
LDTB18-DN,"Waterworks Ludlow 18"" Single Towel Bar - Dark Nickel","Waterworks Ludlow 18"" Single Towel Bar - Dark Nickel",PLUMBING,PLUMBING,PLUMB-LOT,SALT LAKE PLUMBING=0,ELIGIBLE,"BA0000008 Waterworks Operating Co., LLC",BA0000008,"Waterworks Operating Co., LLC",HIGH,Current StockItem VendorDetails contains 1 vendor row(s); selected first active VendorID BA0000008.,,FOUND,READY
LDTB18-N,"Ludlow 18"" Single Towel Bar - Nickel","Ludlow 18"" Single Towel Bar - Nickel",PLUMBING,PLUMBING,PLUMB-LOT,SALT LAKE PLUMBING=0,ELIGIBLE,,BA0000008,"Waterworks Operating Co., LLC",HIGH,prefix LDTB maps to BA0000008 in 3/3 existing vendor-populated StockItems.,,FOUND,READY
LDTB24-BUN,"Waterworks Ludlow 24"" Single Towel Bar - Burnished Nickel","Waterworks Ludlow 24"" Single Towel Bar - Burnished Nickel",PLUMBING,PLUMBING,PLUMB-LOT,SALT LAKE PLUMBING=0,ELIGIBLE,"BA0000008 Waterworks Operating Co., LLC",BA0000008,"Waterworks Operating Co., LLC",HIGH,Current StockItem VendorDetails contains 1 vendor row(s); selected first active VendorID BA0000008.,,FOUND,READY
LDTH32-B,Ludlow Integrated Thermostatic And Diverter Valve Trim With Lever Handle - Brass,Ludlow Integrated Thermostatic And Diverter Valve Trim With Lever Handle - Brass,PLUMBING,PLUMBING,PLUMB-LOT,(no WarehouseDetails rows),ELIGIBLE,,BA0000008,"Waterworks Operating Co., LLC",MEDIUM,brand-token LUDLOW suggests BA0000008 in 40/40 existing vendor-populated StockItems; manual review required.,,FOUND,VENDOR_REVIEW_REQUIRED
LDTH32-N,Ludlow Integrated Thermostatic And Diverter Valve Trim With Lever Handle - Nickel,Ludlow Integrated Thermostatic And Diverter Valve Trim With Lever Handle - Nickel,PLUMBING,PLUMBING,PLUMB-LOT,(no WarehouseDetails rows),ELIGIBLE,,BA0000008,"Waterworks Operating Co., LLC",MEDIUM,brand-token LUDLOW suggests BA0000008 in 40/40 existing vendor-populated StockItems; manual review required.,,FOUND,VENDOR_REVIEW_REQUIRED
LDTS80-N,Ludlow Wall Mounted Tub Spout - Nickel,Ludlow Wall Mounted Tub Spout - Nickel,PLUMBING,PLUMBING,PLUMB-LOT,(no WarehouseDetails rows),ELIGIBLE,,BA0000008,"Waterworks Operating Co., LLC",MEDIUM,brand-token LUDLOW suggests BA0000008 in 40/40 existing vendor-populated StockItems; manual review required.,,FOUND,VENDOR_REVIEW_REQUIRED
LG15-TB0D,Pfister Tisbury Single Function Raincan Showerhead - Polished Nickel,Pfister Tisbury Single Function Raincan Showerhead - Polished Nickel,PLUMBING,PLUMBING,PLUMB-LOT,SALT LAKE APPLIANCES=0; SALT LAKE PLUMBING=0,ELIGIBLE,,,,NONE,No current VendorDetails row and no deterministic existing StockItem pattern met the audit threshold.,,FOUND,VENDOR_REVIEW_REQUIRED
LG31-TDD,Pfister Port Haven 2 Handle Kitchen Faucet With Side Spray - Polished Nickel,Pfister Port Haven 2 Handle Kitchen Faucet With Side Spray - Polished Nickel,PLUMBING,PLUMBING,PLUMB-LOT,SALT LAKE APPLIANCES=0; SALT LAKE PLUMBING=0,ELIGIBLE,BA0000676 The Lovell Company,BA0000676,The Lovell Company,HIGH,Current StockItem VendorDetails contains 2 vendor row(s); selected first active VendorID BA0000676.,,FOUND,READY
LG42-HLSB,Hillstone Single Control Bathroom Faucet - Matte Black,Hillstone Single Control Bathroom Faucet - Matte Black,PLUMBING,PLUMBING,PLUMB-LOT,BOISE WAREHOUSE=0,ELIGIBLE,,BA0015641,Pfister,HIGH,prefix LG42 maps to BA0015641 in 11/11 existing vendor-populated StockItems.,,FOUND,READY
LG42-HT0SDB,Holliston Single Control Bathroom Faucet - Spot Defense Matte Black,Holliston Single Control Bathroom Faucet - Spot Defense Matte Black,PLUMBING,PLUMBING,PLUMB-LOT,BOISE WAREHOUSE=0,ELIGIBLE,,BA0015641,Pfister,HIGH,prefix LG42 maps to BA0015641 in 11/11 existing vendor-populated StockItems.,,FOUND,READY
LG42-HV0D,Pfister Havenridge Single Control Bathroom Faucet - Polished Nickel,Pfister Havenridge Single Control Bathroom Faucet - Polished Nickel,PLUMBING,PLUMBING,PLUMB-LOT,SALT LAKE APPLIANCES=0; SALT LAKE PLUMBING=0,ELIGIBLE,,BA0015641,Pfister,HIGH,prefix LG42 maps to BA0015641 in 11/11 existing vendor-populated StockItems.,,FOUND,READY
LG49-TB0TLD,"Pfister Tisbury 2 Handle 8"" Widespread Bathroom Faucet With Lever Handles - Polished Nickel","Pfister Tisbury 2 Handle 8"" Widespread Bathroom Faucet With Lever Handles - Polished Nickel",PLUMBING,PLUMBING,PLUMB-LOT,SALT LAKE APPLIANCES=0; SALT LAKE PLUMBING=0,ELIGIBLE,,,,NONE,No current VendorDetails row and no deterministic existing StockItem pattern met the audit threshold.,,FOUND,VENDOR_REVIEW_REQUIRED
LG49-WN2D,"Pfister Winter Park 2 Handle 8"" Widespread Bathroom Faucet With Cross Handle - Polished Nickel","Pfister Winter Park 2 Handle 8"" Widespread Bathroom Faucet With Cross Handle - Polished Nickel",PLUMBING,PLUMBING,PLUMB-LOT,SALT LAKE APPLIANCES=0; SALT LAKE PLUMBING=0,ELIGIBLE,BA0000676 The Lovell Company,BA0000676,The Lovell Company,HIGH,Current StockItem VendorDetails contains 2 vendor row(s); selected first active VendorID BA0000676.,,FOUND,READY
LG6-3TBD,Pfister Tisbury Wall Mount Tub Filler - Polished Nickel,Pfister Tisbury Wall Mount Tub Filler - Polished Nickel,PLUMBING,PLUMBING,PLUMB-LOT,SALT LAKE APPLIANCES=0; SALT LAKE PLUMBING=0,ELIGIBLE,BA0000676 The Lovell Company,BA0000676,The Lovell Company,HIGH,Current StockItem VendorDetails contains 2 vendor row(s); selected first active VendorID BA0000676.,,FOUND,READY
LG89-8HVD,Pfister Havenridge 1 Handle Tub & Shower Trim Kit - Polished Nickel,Pfister Havenridge 1 Handle Tub & Shower Trim Kit - Polished Nickel,PLUMBING,PLUMBING,PLUMB-LOT,SALT LAKE APPLIANCES=0; SALT LAKE PLUMBING=0,ELIGIBLE,,,,NONE,No current VendorDetails row and no deterministic existing StockItem pattern met the audit threshold.,,FOUND,VENDOR_REVIEW_REQUIRED
LND52ASS,"5"" X 5"" Lnd 5 Slotted Pattern Complete Kit With Abs Drain Body, 2"" Outlet - Satin Stainless","5"" X 5"" Lnd 5 Slotted Pattern Complete Kit With Abs Drain Body, 2"" Outlet - Satin Stainless",PLUMBING,PLUMBING,PLUMB-LOT,SALT LAKE HARDWARE=0,ELIGIBLE,,,,NONE,No current VendorDetails row and no deterministic existing StockItem pattern met the audit threshold.,,FOUND,VENDOR_REVIEW_REQUIRED
LT1575G#01,20” Rectangular Undermount Bathroom Sink With Cefiontect - Cotton White,20” Rectangular Undermount Bathroom Sink With Cefiontect - Cotton White,PLUMBING,PLUMBING,PLUMB-LOT,(no WarehouseDetails rows),ELIGIBLE,,,,NONE,No current VendorDetails row and no deterministic existing StockItem pattern met the audit threshold.,,FOUND,VENDOR_REVIEW_REQUIRED
MA110-2CD,"Waterstone Macari Pull Down Faucet, Lever Spray - Chardonnay","Waterstone Macari Pull Down Faucet, Lever Spray - Chardonnay",PLUMBING,PLUMBING,PLUMB-LOT,SALT LAKE PLUMBING=0,ELIGIBLE,"BA0000759 Waterstone, LLC",BA0000759,"Waterstone, LLC",HIGH,Current StockItem VendorDetails contains 1 vendor row(s); selected first active VendorID BA0000759.,,FOUND,READY
MAG11023-MBK,"Maris Undermount 25"" X 18.94"" Fragranite Single Bowl Kitchen Sink - Matte Black","Maris Undermount 25"" X 18.94"" Fragranite Single Bowl Kitchen Sink - Matte Black",PLUMBING,PLUMBING,PLUMB-LOT,(no WarehouseDetails rows),ELIGIBLE,,BA0000722,"Franke Kitchen Systems, LLC",HIGH,prefix MAG110 maps to BA0000722 in 21/22 existing vendor-populated StockItems.,,FOUND,READY
MAG11029-MBK,"Maris Undermount 31"" X 17.81"" Fragranite Single Bowl Kitchen Sink - Matte Black","Maris Undermount 31"" X 17.81"" Fragranite Single Bowl Kitchen Sink - Matte Black",PLUMBING,PLUMBING,PLUMB-LOT,(no WarehouseDetails rows),ELIGIBLE,,BA0000722,"Franke Kitchen Systems, LLC",HIGH,prefix MAG110 maps to BA0000722 in 21/22 existing vendor-populated StockItems.,,FOUND,READY
MAG61023L-CHA,"Maris Dual Mount 25"" X 22"" Fragranite Dual Mount Single Bowl Laundry Sink - Champagne","Maris Dual Mount 25"" X 22"" Fragranite Dual Mount Single Bowl Laundry Sink - Champagne",PLUMBING,PLUMBING,PLUMB-LOT,(no WarehouseDetails rows),ELIGIBLE,,,,NONE,No current VendorDetails row and no deterministic existing StockItem pattern met the audit threshold.,,FOUND,VENDOR_REVIEW_REQUIRED
MB01D1LMULB,Graceline Single Handle Lavatory Faucet - Unlacquered Brass,Graceline Single Handle Lavatory Faucet - Unlacquered Brass,PLUMBING,PLUMBING,PLUMB-LOT,SALT LAKE APPLIANCES=0; SALT LAKE PLUMBING=0,ELIGIBLE,,,,NONE,No current VendorDetails row and no deterministic existing StockItem pattern met the audit threshold.,,FOUND,VENDOR_REVIEW_REQUIRED
MB2019LMULB-2,Rohl Graceline Widespread Lavatory Faucet With C Spout - Unlacquered Brass,Rohl Graceline Widespread Lavatory Faucet With C Spout - Unlacquered Brass,PLUMBING,PLUMBING,PLUMB-LOT,SALT LAKE PLUMBING=0,ELIGIBLE,"BA0000007 Rohl, LLC",BA0000007,"Rohl, LLC",HIGH,Current StockItem VendorDetails contains 1 vendor row(s); selected first active VendorID BA0000007.,,FOUND,READY
MB2046ULB,"Rohl Graceline Handshower Set With 24"" Slide Bar And 5 Function Handshower - Unlacquered Brass","Rohl Graceline Handshower Set With 24"" Slide Bar And 5 Function Handshower - Unlacquered Brass",PLUMBING,PLUMBING,PLUMB-LOT,SALT LAKE PLUMBING=0,ELIGIBLE,"BA0000007 Rohl, LLC",BA0000007,"Rohl, LLC",HIGH,Current StockItem VendorDetails contains 1 vendor row(s); selected first active VendorID BA0000007.,,FOUND,READY
MB2090LMULB,"Rohl Graceline 1/2"" Thermostatic Trim With Diverter - Unlacquered Brass","Rohl Graceline 1/2"" Thermostatic Trim With Diverter - Unlacquered Brass",PLUMBING,PLUMBING,PLUMB-LOT,SALT LAKE PLUMBING=0,ELIGIBLE,"BA0000007 Rohl, LLC",BA0000007,"Rohl, LLC",HIGH,Current StockItem VendorDetails contains 1 vendor row(s); selected first active VendorID BA0000007.,,FOUND,READY
MD08D3LMSTN,Modelle Widespread Bathroom Faucet With C-spout - Satin Nickel,Modelle Widespread Bathroom Faucet With C-spout - Satin Nickel,PLUMBING,PLUMBING,PLUMB-LOT,SALT LAKE APPLIANCES=0; SALT LAKE PLUMBING=0,ELIGIBLE,,BA0000007,"Rohl, LLC",MEDIUM,brand-token MODELLE suggests BA0000007 in 10/10 existing vendor-populated StockItems; manual review required.,,FOUND,VENDOR_REVIEW_REQUIRED
MIBT70-WHIL,"Minna Rectangular Cast Iron Bathtub 60"" X 30"" X 20"" - White","Minna Rectangular Cast Iron Bathtub 60"" X 30"" X 20"" - White",PLUMBING,PLUMBING,PLUMB-LOT,SALT LAKE PLUMBING=0,ELIGIBLE,,,,NONE,No current VendorDetails row and no deterministic existing StockItem pattern met the audit threshold.,,FOUND,VENDOR_REVIEW_REQUIRED
MIBT70-WHIW,"Minna Rectangular Cast Iron Bathtub 60"" X 30"" X 20"" - White","Minna Rectangular Cast Iron Bathtub 60"" X 30"" X 20"" - White",PLUMBING,PLUMBING,PLUMB-LOT,SALT LAKE PLUMBING=0,ELIGIBLE,,,,NONE,No current VendorDetails row and no deterministic existing StockItem pattern met the audit threshold.,,FOUND,VENDOR_REVIEW_REQUIRED
MPT1.5-AB,"1 1/4"" X 11/2"" P Trap - Antique Brass","1 1/4"" X 11/2"" P Trap - Antique Brass",PLUMBING,PLUMBING,PLUMB-LOT,SALT LAKE PLUMBING=0,ELIGIBLE,,,,NONE,No current VendorDetails row and no deterministic existing StockItem pattern met the audit threshold.,,FOUND,VENDOR_REVIEW_REQUIRED
MPU3-VB,Grid Lavatory Drain With Overflow - Vintage Brass,Grid Lavatory Drain With Overflow - Vintage Brass,PLUMBING,PLUMBING,PLUMB-LOT,SALT LAKE PLUMBING=0,ELIGIBLE,,BA0000760,Watermark,HIGH,prefix MPU maps to BA0000760 in 30/30 existing vendor-populated StockItems.,,FOUND,READY
MPU6-AB,Soft Touch Lavatory Drain Without Overflow - Antique Brass,Soft Touch Lavatory Drain Without Overflow - Antique Brass,PLUMBING,PLUMBING,PLUMB-LOT,SALT LAKE PLUMBING=0,ELIGIBLE,,BA0000760,Watermark,HIGH,prefix MPU maps to BA0000760 in 30/30 existing vendor-populated StockItems.,,FOUND,READY
MRLVCU-BWHI,"Manchester Undermount Oval Vitreous China Lavatory Sink 19 1/4"" X 15 1/2"" X 8"" - Bright White","Manchester Undermount Oval Vitreous China Lavatory Sink 19 1/4"" X 15 1/2"" X 8"" - Bright White",PLUMBING,PLUMBING,PLUMB-LOT,SALT LAKE PLUMBING=0,ELIGIBLE,,BA0000008,"Waterworks Operating Co., LLC",HIGH,prefix MRLV maps to BA0000008 in 3/3 existing vendor-populated StockItems.,,FOUND,READY
MRLVQU-BWHI,"Manchester Undermount Oval Vitreous China Lavatory Sink 13 1/2"" X 11"" X 6"" - Bright White","Manchester Undermount Oval Vitreous China Lavatory Sink 13 1/2"" X 11"" X 6"" - Bright White",PLUMBING,PLUMBING,PLUMB-LOT,(no WarehouseDetails rows),ELIGIBLE,,BA0000008,"Waterworks Operating Co., LLC",HIGH,prefix MRLV maps to BA0000008 in 3/3 existing vendor-populated StockItems.,,FOUND,READY
MRLVRW-BWHI,"Manchester Undermount Rectangular Flat Bottom Vitreous China Lavatory 22 1/8"" X 16 3/16"" X 5 15/16"" Glazed - Bright White","Manchester Undermount Rectangular Flat Bottom Vitreous China Lavatory 22 1/8"" X 16 3/16"" X 5 15/16"" Glazed - Bright White",PLUMBING,PLUMBING,PLUMB-LOT,(no WarehouseDetails rows),ELIGIBLE,,BA0000008,"Waterworks Operating Co., LLC",HIGH,prefix MRLV maps to BA0000008 in 3/3 existing vendor-populated StockItems.,,FOUND,READY
MRLVZU-BWHI,"Manchester Undermount Oval Vitreous China Lavatory Sink 20 1/2"" X 17"" X 8"" - Bright White","Manchester Undermount Oval Vitreous China Lavatory Sink 20 1/2"" X 17"" X 8"" - Bright White",PLUMBING,PLUMBING,PLUMB-LOT,SALT LAKE PLUMBING=0,ELIGIBLE,,BA0000008,"Waterworks Operating Co., LLC",HIGH,prefix MRLV maps to BA0000008 in 3/3 existing vendor-populated StockItems.,,FOUND,READY
MRLVZU-CWHI,"Manchester Undermount Oval Vitreous China Lavatory Sink 20 1/2"" X 17"" X 8"" - Cool White","Manchester Undermount Oval Vitreous China Lavatory Sink 20 1/2"" X 17"" X 8"" - Cool White",PLUMBING,PLUMBING,PLUMB-LOT,(no WarehouseDetails rows),ELIGIBLE,,BA0000008,"Waterworks Operating Co., LLC",HIGH,prefix MRLV maps to BA0000008 in 3/3 existing vendor-populated StockItems.,,FOUND,READY
MS7631CEMFG#01,Washlet G5a 1.2 Or 1.0 Gpf Smart Toilet With Integrated Bidet Seat And Cefiontect - Cotton White,Washlet G5a 1.2 Or 1.0 Gpf Smart Toilet With Integrated Bidet Seat And Cefiontect - Cotton White,PLUMBING,PLUMBING,PLUMB-LOT,SALT LAKE PLUMBING=0,ELIGIBLE,,,,NONE,No current VendorDetails row and no deterministic existing StockItem pattern met the audit threshold.,,FOUND,VENDOR_REVIEW_REQUIRED
MSSUPER1RB1,Super 10 kW 10000 W Steam Shower Generator of 208 Volt And 1 Phase,Super 10 kW 10000 W Steam Shower Generator of 208 Volt And 1 Phase,PLUMBING,PLUMBING,PLUMB-LOT,(no WarehouseDetails rows),ELIGIBLE,,BA0000753,Atmos Project LLC DBA Mr. Steam,HIGH,prefix MSSUPER maps to BA0000753 in 15/15 existing vendor-populated StockItems.,,FOUND,READY
MSSUPER1RB1X,Super 10 kW 10000 W Steam Shower Generator of 208 Volt And 1 Phase with Express Steam,Super 10 kW 10000 W Steam Shower Generator of 208 Volt And 1 Phase with Express Steam,PLUMBING,PLUMBING,PLUMB-LOT,(no WarehouseDetails rows),ELIGIBLE,,BA0000753,Atmos Project LLC DBA Mr. Steam,HIGH,prefix MSSUPER maps to BA0000753 in 15/15 existing vendor-populated StockItems.,,FOUND,READY
MSW111-APB,Contemporary Air Switch Trim - Aged Brass,Contemporary Air Switch Trim - Aged Brass,PLUMBING,PLUMBING,PLUMB-LOT,SALT LAKE PLUMBING=0,ELIGIBLE,,BA0000760,Watermark,HIGH,prefix MSW maps to BA0000760 in 8/8 existing vendor-populated StockItems.,,FOUND,READY
MSW23-SBZ,Contemporary Air Switch Trim - Satin Bronze,Contemporary Air Switch Trim - Satin Bronze,PLUMBING,PLUMBING,PLUMB-LOT,(no WarehouseDetails rows),ELIGIBLE,,BA0000760,Watermark,HIGH,prefix MSW maps to BA0000760 in 8/8 existing vendor-populated StockItems.,,FOUND,READY
MSW25-AB,"Urbane Air Switch Trim, Diamond Knurled - Antique Brass","Urbane Air Switch Trim, Diamond Knurled - Antique Brass",PLUMBING,PLUMBING,PLUMB-LOT,SALT LAKE APPLIANCES=0; SALT LAKE PLUMBING=0,ELIGIBLE,,BA0000760,Watermark,HIGH,prefix MSW maps to BA0000760 in 8/8 existing vendor-populated StockItems.,,FOUND,READY
MSW25-GM,"Urbane Air Switch Trim, Diamond Knurled - Gun Metal","Urbane Air Switch Trim, Diamond Knurled - Gun Metal",PLUMBING,PLUMBING,PLUMB-LOT,SALT LAKE PLUMBING=0,ELIGIBLE,,BA0000760,Watermark,HIGH,prefix MSW maps to BA0000760 in 8/8 existing vendor-populated StockItems.,,FOUND,READY
MSW25-SN,"Urbane Air Switch Trim, Diamond Knurled - Satin Nickel","Urbane Air Switch Trim, Diamond Knurled - Satin Nickel",PLUMBING,PLUMBING,PLUMB-LOT,SALT LAKE PLUMBING=0,ELIGIBLE,,BA0000760,Watermark,HIGH,prefix MSW maps to BA0000760 in 8/8 existing vendor-populated StockItems.,,FOUND,READY
MT200EV/ORBC,Classic Complete Stopper And Strainer Unit Waste Disposer Trim - Cerakote Oil Rubbed Bronze,Classic Complete Stopper And Strainer Unit Waste Disposer Trim - Cerakote Oil Rubbed Bronze,PLUMBING,PLUMBING,PLUMB-LOT,(no WarehouseDetails rows),ELIGIBLE,,,,NONE,No current VendorDetails row and no deterministic existing StockItem pattern met the audit threshold.,,FOUND,VENDOR_REVIEW_REQUIRED
MT951BOX,Disposer Air Switch Assembly - Direct Plug-in Box (no Button),Disposer Air Switch Assembly - Direct Plug-in Box (no Button),PLUMBING,PLUMBING,PLUMB-LOT,(no WarehouseDetails rows),ELIGIBLE,,,,NONE,No current VendorDetails row and no deterministic existing StockItem pattern met the audit threshold.,,FOUND,VENDOR_REVIEW_REQUIRED
MTCS11-PEGB,"Marta Wall Mounted Marble Lavatory Sink 36"" X 18 3/4"" X 6"" With 36"" X 8"" X 3/4"" Backsplash - Peperino Grigio / Brass","Marta Wall Mounted Marble Lavatory Sink 36"" X 18 3/4"" X 6"" With 36"" X 8"" X 3/4"" Backsplash - Peperino Grigio / Brass",PLUMBING,PLUMBING,PLUMB-LOT,SALT LAKE APPLIANCES=0; SALT LAKE PLUMBING=0,ELIGIBLE,,,,NONE,No current VendorDetails row and no deterministic existing StockItem pattern met the audit threshold.,,FOUND,VENDOR_REVIEW_REQUIRED
MW6424736CEFG#01,Nexus Washlet+ One Piece Elongated 1.28 Gpf Toilet With S7A Contemporary Bidet Seat - Cotton,Nexus Washlet+ One Piece Elongated 1.28 Gpf Toilet With S7A Contemporary Bidet Seat - Cotton,PLUMBING,PLUMBING,PLUMB-LOT,SALT LAKE APPLIANCES=0; SALT LAKE PLUMBING=0,ELIGIBLE,,,,NONE,No current VendorDetails row and no deterministic existing StockItem pattern met the audit threshold.,,FOUND,VENDOR_REVIEW_REQUIRED
MW6424736CEFGA#01,Nexus Washlet+ One Piece Elongated 1.28 Gpf Toilet With Auto Flush S7A Contemporary Bidet Seat - Cotton,Nexus Washlet+ One Piece Elongated 1.28 Gpf Toilet With Auto Flush S7A Contemporary Bidet Seat - Cotton,PLUMBING,PLUMBING,PLUMB-LOT,SALT LAKE PLUMBING=0,ELIGIBLE,,,,NONE,No current VendorDetails row and no deterministic existing StockItem pattern met the audit threshold.,,FOUND,VENDOR_REVIEW_REQUIRED
MW6463446CEMFGN#01,Washlet+ Aquia Iv One Piece Elongated Dual Flush 1.28 And 0.9 Gpf Toilet And Washlet S5 Bidet Seat - Cotton White,Washlet+ Aquia Iv One Piece Elongated Dual Flush 1.28 And 0.9 Gpf Toilet And Washlet S5 Bidet Seat - Cotton White,PLUMBING,PLUMBING,PLUMB-LOT,SALT LAKE PLUMBING=0,ELIGIBLE,,,,NONE,No current VendorDetails row and no deterministic existing StockItem pattern met the audit threshold.,,FOUND,VENDOR_REVIEW_REQUIRED
MW6724736CEFG#01,Redington Washlet+ S7A One Piece Elongated 1.28 GPF Universal Height Toilet With Cefiontect - Cotton White,Redington Washlet+ S7A One Piece Elongated 1.28 GPF Universal Height Toilet With Cefiontect - Cotton White,PLUMBING,PLUMBING,PLUMB-LOT,(no WarehouseDetails rows),ELIGIBLE,,,,NONE,No current VendorDetails row and no deterministic existing StockItem pattern met the audit threshold.,,FOUND,VENDOR_REVIEW_REQUIRED
MW6864726CEFG#01,Aurora Washlet+ S7 One Piece Elongated 1.28 GPF Universal Height Toilet With Cefiontect - Cotton White,Aurora Washlet+ S7 One Piece Elongated 1.28 GPF Universal Height Toilet With Cefiontect - Cotton White,PLUMBING,PLUMBING,PLUMB-LOT,SALT LAKE PLUMBING=0,ELIGIBLE,,,,NONE,No current VendorDetails row and no deterministic existing StockItem pattern met the audit threshold.,,FOUND,VENDOR_REVIEW_REQUIRED
MW6864736CEFG#01,Aurora Washlet+ S7A One Piece Elongated 1.28 GPF Universal Height Toilet With Cefiontect - Cotton White,Aurora Washlet+ S7A One Piece Elongated 1.28 GPF Universal Height Toilet With Cefiontect - Cotton White,PLUMBING,PLUMBING,PLUMB-LOT,SALT LAKE APPLIANCES=0; SALT LAKE PLUMBING=0,ELIGIBLE,BA0022393 TOTO USA INC.,BA0022393,TOTO USA INC.,HIGH,Current StockItem VendorDetails contains 1 vendor row(s); selected first active VendorID BA0022393.,,FOUND,READY
MW9744734CEFGA#01,"Guinevere Washlet+ Eco Elongated 1.28 Gpf Universal Height Toilet, S7A Classic Bidet Seat With Autoflush And Auto Open/Close - Cotton","Guinevere Washlet+ Eco Elongated 1.28 Gpf Universal Height Toilet, S7A Classic Bidet Seat With Autoflush And Auto Open/Close - Cotton",PLUMBING,PLUMBING,PLUMB-LOT,SALT LAKE HARDWARE=0; SALT LAKE PLUMBING=0,ELIGIBLE,BA0022393 TOTO USA INC.,BA0022393,TOTO USA INC.,HIGH,Current StockItem VendorDetails contains 1 vendor row(s); selected first active VendorID BA0022393.,,FOUND,READY
N1437-PN,One Hundred Paper Holder - Polished Nickel,One Hundred Paper Holder - Polished Nickel,PLUMBING,PLUMBING,PLUMB-LOT,SALT LAKE APPLIANCES=0; SALT LAKE PLUMBING=0,ELIGIBLE,,,,NONE,No current VendorDetails row and no deterministic existing StockItem pattern met the audit threshold.,,FOUND,VENDOR_REVIEW_REQUIRED
N1455-A-PN,One Hundred Towel Bar - Polished Nickel,One Hundred Towel Bar - Polished Nickel,PLUMBING,PLUMBING,PLUMB-LOT,SALT LAKE APPLIANCES=0; SALT LAKE PLUMBING=0,ELIGIBLE,,,,NONE,No current VendorDetails row and no deterministic existing StockItem pattern met the audit threshold.,,FOUND,VENDOR_REVIEW_REQUIRED
N7637K-RH-URM,LMK Paper Holder - Urban Brass Matte Lacquered,LMK Paper Holder - Urban Brass Matte Lacquered,PLUMBING,PLUMBING,PLUMB-LOT,SALT LAKE PLUMBING=0,ELIGIBLE,,,,NONE,No current VendorDetails row and no deterministic existing StockItem pattern met the audit threshold.,,FOUND,VENDOR_REVIEW_REQUIRED
N7648K-URM,LMK Robe Hook - Urban Brass Matte Lacquered,LMK Robe Hook - Urban Brass Matte Lacquered,PLUMBING,PLUMBING,PLUMB-LOT,SALT LAKE PLUMBING=0,ELIGIBLE,,,,NONE,No current VendorDetails row and no deterministic existing StockItem pattern met the audit threshold.,,FOUND,VENDOR_REVIEW_REQUIRED
N7691K-ANT,LMK Paper Holder - Anthracite,LMK Paper Holder - Anthracite,PLUMBING,PLUMBING,PLUMB-LOT,SALT LAKE PLUMBING=0,ELIGIBLE,,,,NONE,No current VendorDetails row and no deterministic existing StockItem pattern met the audit threshold.,,FOUND,VENDOR_REVIEW_REQUIRED
N7698K-6-ANT,LMK Towel Ring - Anthracite,LMK Towel Ring - Anthracite,PLUMBING,PLUMBING,PLUMB-LOT,SALT LAKE PLUMBING=0,ELIGIBLE,,,,NONE,No current VendorDetails row and no deterministic existing StockItem pattern met the audit threshold.,,FOUND,VENDOR_REVIEW_REQUIRED
N7698K-6-URM,LMK Towel Ring - Urban Brass Matte Lacquered,LMK Towel Ring - Urban Brass Matte Lacquered,PLUMBING,PLUMBING,PLUMB-LOT,SALT LAKE PLUMBING=0,ELIGIBLE,,,,NONE,No current VendorDetails row and no deterministic existing StockItem pattern met the audit threshold.,,FOUND,VENDOR_REVIEW_REQUIRED
N7767K-URM,LMK Towel Rail - Urban Brass Matte Lacquered,LMK Towel Rail - Urban Brass Matte Lacquered,PLUMBING,PLUMBING,PLUMB-LOT,SALT LAKE PLUMBING=0,ELIGIBLE,,,,NONE,No current VendorDetails row and no deterministic existing StockItem pattern met the audit threshold.,,FOUND,VENDOR_REVIEW_REQUIRED
NLS220-12DNP,Finot High Profile Lavatory Faucet With Lever Handles - Dark Nickel PVD,Finot High Profile Lavatory Faucet With Lever Handles - Dark Nickel PVD,PLUMBING,PLUMBING,PLUMB-LOT,(no WarehouseDetails rows),ELIGIBLE,,BA0000008,"Waterworks Operating Co., LLC",HIGH,prefix NLS maps to BA0000008 in 4/4 existing vendor-populated StockItems.,,FOUND,READY
NOSK23-N,"Normandy Hammered Copper Oval Bar Sink 15 3/4"" X 11 13/16"" X 5 7/16"" With Center Drain - Nickel","Normandy Hammered Copper Oval Bar Sink 15 3/4"" X 11 13/16"" X 5 7/16"" With Center Drain - Nickel",PLUMBING,PLUMBING,PLUMB-LOT,SALT LAKE PLUMBING=0,ELIGIBLE,,BA0000008,"Waterworks Operating Co., LLC",HIGH,prefix NOSK maps to BA0000008 in 3/3 existing vendor-populated StockItems.,,FOUND,READY
NOSK25-B,"Normandy Hammered Copper Bar Sink 14 15/16"" X 11 7/16"" X 5 11/16""With Center Drain - Brass","Normandy Hammered Copper Bar Sink 14 15/16"" X 11 7/16"" X 5 11/16""With Center Drain - Brass",PLUMBING,PLUMBING,PLUMB-LOT,SALT LAKE PLUMBING=0,ELIGIBLE,,BA0000008,"Waterworks Operating Co., LLC",HIGH,prefix NOSK maps to BA0000008 in 3/3 existing vendor-populated StockItems.,,FOUND,READY
NSB1515-D,"Native Trails Ventana 15"" Nativestone Concrete Bar And Prep Sink - Sand","Native Trails Ventana 15"" Nativestone Concrete Bar And Prep Sink - Sand",PLUMBING,PLUMBING,PLUMB-LOT,BOISE WAREHOUSE=0,ELIGIBLE,BA0000741 Native Trails,BA0000741,Native Trails,HIGH,Current StockItem VendorDetails contains 1 vendor row(s); selected first active VendorID BA0000741.,,FOUND,READY
NST6236-D,"Avalon 62"" NativeStone Freestanding Soaking Tub - Sand","Avalon 62"" NativeStone Freestanding Soaking Tub - Sand",PLUMBING,PLUMBING,PLUMB-LOT,(no WarehouseDetails rows),ELIGIBLE,,BA0000741,Native Trails,HIGH,prefix NST maps to BA0000741 in 16/16 existing vendor-populated StockItems.,,FOUND,READY
NST6636-D,"Avalon 66"" Nativestone Freestanding Soaking Tub - Sand","Avalon 66"" Nativestone Freestanding Soaking Tub - Sand",PLUMBING,PLUMBING,PLUMB-LOT,SALT LAKE PLUMBING=0,ELIGIBLE,,BA0000741,Native Trails,HIGH,prefix NST maps to BA0000741 in 16/16 existing vendor-populated StockItems.,,FOUND,READY
NST6636-P,"Avalon 66"" Nativestone Freestanding Soaking Tub - Pearl","Avalon 66"" Nativestone Freestanding Soaking Tub - Pearl",PLUMBING,PLUMBING,PLUMB-LOT,SALT LAKE PLUMBING=0,ELIGIBLE,BA0000741 Native Trails,BA0000741,Native Trails,HIGH,Current StockItem VendorDetails contains 1 vendor row(s); selected first active VendorID BA0000741.,,FOUND,READY
NVT160-DN,Finot Integrated Thermostatic And Volume Control Valve Trim With Slope Lever Handle - Dark Nickel,Finot Integrated Thermostatic And Volume Control Valve Trim With Slope Lever Handle - Dark Nickel,PLUMBING,PLUMBING,PLUMB-LOT,(no WarehouseDetails rows),ELIGIBLE,,BA0000008,"Waterworks Operating Co., LLC",MEDIUM,brand-token FINOT suggests BA0000008 in 7/7 existing vendor-populated StockItems; manual review required.,,FOUND,VENDOR_REVIEW_REQUIRED
P16008/026,"8"" Shower Arm","8"" Shower Arm",PLUMBING,PLUMBING,PLUMB-LOT,SALT LAKE PLUMBING=0,ELIGIBLE,,,,NONE,No current VendorDetails row and no deterministic existing StockItem pattern met the audit threshold.,,FOUND,VENDOR_REVIEW_REQUIRED
P16008/047,"Phylrich 8"" Shower Arm","Phylrich 8"" Shower Arm",PLUMBING,PLUMBING,PLUMB-LOT,BOISE WAREHOUSE=3; SALT LAKE PLUMBING=0,SKIP_QTY_ON_HAND,BA0016237 Phylrich,BA0016237,Phylrich,HIGH,Current StockItem VendorDetails contains 1 vendor row(s); selected first active VendorID BA0016237.,,FOUND,SKIP_QTY_ON_HAND
P21223-LV-BN,"Central Park West Wall Mount Sink Faucet, Lever Handles - Brushed Nickel","Central Park West Wall Mount Sink Faucet, Lever Handles - Brushed Nickel",PLUMBING,PLUMBING,PLUMB-LOT,SALT LAKE PLUMBING=0,ELIGIBLE,,BA0000749,Standard Plumbing Supply,HIGH,prefix P212 maps to BA0000749 in 9/9 existing vendor-populated StockItems.,,FOUND,READY
P21249-00-BN,"Central Park West Freestanding Bath Faucet, Less Handshower - Brushed Nickel","Central Park West Freestanding Bath Faucet, Less Handshower - Brushed Nickel",PLUMBING,PLUMBING,PLUMB-LOT,SALT LAKE PLUMBING=0,ELIGIBLE,,BA0000749,Standard Plumbing Supply,HIGH,prefix P212 maps to BA0000749 in 9/9 existing vendor-populated StockItems.,,FOUND,READY
P21383-LV-BN,"Central Park West Thermostatic Trim, Lever Handle - Brushed Nickel","Central Park West Thermostatic Trim, Lever Handle - Brushed Nickel",PLUMBING,PLUMBING,PLUMB-LOT,SALT LAKE PLUMBING=0,ELIGIBLE,,BA0000749,Standard Plumbing Supply,HIGH,prefix P213 maps to BA0000749 in 5/5 existing vendor-populated StockItems.,,FOUND,READY
P21384-LV-BN,"Central Park West Volume Control Trim, Lever Handle - Brushed Nickel","Central Park West Volume Control Trim, Lever Handle - Brushed Nickel",PLUMBING,PLUMBING,PLUMB-LOT,SALT LAKE PLUMBING=0,ELIGIBLE,,BA0000749,Standard Plumbing Supply,HIGH,prefix P213 maps to BA0000749 in 5/5 existing vendor-populated StockItems.,,FOUND,READY
P21385-LV-BN,"Central Park West Transfer Trim, Lever Handle - Brushed Nickel","Central Park West Transfer Trim, Lever Handle - Brushed Nickel",PLUMBING,PLUMBING,PLUMB-LOT,SALT LAKE PLUMBING=0,ELIGIBLE,,BA0000749,Standard Plumbing Supply,HIGH,prefix P213 maps to BA0000749 in 5/5 existing vendor-populated StockItems.,,FOUND,READY
P21386-00-BN,Central Park West Showerhead With Arm 1.75 GPM - Brushed Nickel,Central Park West Showerhead With Arm 1.75 GPM - Brushed Nickel,PLUMBING,PLUMBING,PLUMB-LOT,SALT LAKE PLUMBING=0,ELIGIBLE,,BA0000749,Standard Plumbing Supply,HIGH,prefix P213 maps to BA0000749 in 5/5 existing vendor-populated StockItems.,,FOUND,READY
P21522-00-BN,"Foundations 12"" Ceiling Mount Shower Arm - Brushed Nickel","Foundations 12"" Ceiling Mount Shower Arm - Brushed Nickel",PLUMBING,PLUMBING,PLUMB-LOT,SALT LAKE PLUMBING=0,ELIGIBLE,,,,NONE,No current VendorDetails row and no deterministic existing StockItem pattern met the audit threshold.,,FOUND,VENDOR_REVIEW_REQUIRED
P21652-00-BN,Foundations Contemporary Fixed Wall Bracket With Integrated Supply Elbow - Brushed Nickel,Foundations Contemporary Fixed Wall Bracket With Integrated Supply Elbow - Brushed Nickel,PLUMBING,PLUMBING,PLUMB-LOT,SALT LAKE HARDWARE=0; SALT LAKE PLUMBING=0,ELIGIBLE,,,,NONE,No current VendorDetails row and no deterministic existing StockItem pattern met the audit threshold.,,FOUND,VENDOR_REVIEW_REQUIRED
P22050-00-BN,Foundations European Soft Touch Drain - Brushed Nickel,Foundations European Soft Touch Drain - Brushed Nickel,PLUMBING,PLUMBING,PLUMB-LOT,SALT LAKE HARDWARE=0,ELIGIBLE,,BA0000760,Watermark,MEDIUM,brand-token SOFT suggests BA0000760 in 21/22 existing vendor-populated StockItems; manual review required.,,FOUND,VENDOR_REVIEW_REQUIRED
P22078-H-BN,Foundations Turnspray Contemporary Body Spray 1.5 GPM - Brushed Nickel,Foundations Turnspray Contemporary Body Spray 1.5 GPM - Brushed Nickel,PLUMBING,PLUMBING,PLUMB-LOT,SALT LAKE PLUMBING=0,ELIGIBLE,,,,NONE,No current VendorDetails row and no deterministic existing StockItem pattern met the audit threshold.,,FOUND,VENDOR_REVIEW_REQUIRED
P24416-LV-BN,"One Pressure Balance With Diverter Trim, Lever Handle - Brushed Nickel","One Pressure Balance With Diverter Trim, Lever Handle - Brushed Nickel",PLUMBING,PLUMBING,PLUMB-LOT,SALT LAKE HARDWARE=0,ELIGIBLE,BA0000749 Standard Plumbing Supply,BA0000749,Standard Plumbing Supply,HIGH,Current StockItem VendorDetails contains 1 vendor row(s); selected first active VendorID BA0000749.,,FOUND,READY
P24482-00-BN,One Showerhead With Arm 1.75 GPM - Brushed Nickel,One Showerhead With Arm 1.75 GPM - Brushed Nickel,PLUMBING,PLUMBING,PLUMB-LOT,SALT LAKE HARDWARE=0,ELIGIBLE,,BA0000749,Standard Plumbing Supply,HIGH,prefix P24482 maps to BA0000749 in 3/3 existing vendor-populated StockItems.,,FOUND,READY
P24492-LV-BN,"One Sink Faucet, Tall Spout, Lever Handles - Brushed Nickel","One Sink Faucet, Tall Spout, Lever Handles - Brushed Nickel",PLUMBING,PLUMBING,PLUMB-LOT,SALT LAKE HARDWARE=0,ELIGIBLE,,BA0000749,Standard Plumbing Supply,HIGH,prefix P2449 maps to BA0000749 in 3/3 existing vendor-populated StockItems.,,FOUND,READY
P24843-00-BN,Foundations Contemporary Wand Dual Function Handshower With Hose 1.75 GPM - Brushed Nickel,Foundations Contemporary Wand Dual Function Handshower With Hose 1.75 GPM - Brushed Nickel,PLUMBING,PLUMBING,PLUMB-LOT,SALT LAKE HARDWARE=0,ELIGIBLE,,,,NONE,No current VendorDetails row and no deterministic existing StockItem pattern met the audit threshold.,,FOUND,VENDOR_REVIEW_REQUIRED
P25656-00-BN,Foundations Laura Kirar Single Function Handshower With Hose 1.75 GPM - Brushed Nickel,Foundations Laura Kirar Single Function Handshower With Hose 1.75 GPM - Brushed Nickel,PLUMBING,PLUMBING,PLUMB-LOT,SALT LAKE PLUMBING=0,ELIGIBLE,,,,NONE,No current VendorDetails row and no deterministic existing StockItem pattern met the audit threshold.,,FOUND,VENDOR_REVIEW_REQUIRED
P26139-00-BN,"Foundations 14"" Oversized Contemporary Rain Showerhead 2.5 GPM - Brushed Nickel","Foundations 14"" Oversized Contemporary Rain Showerhead 2.5 GPM - Brushed Nickel",PLUMBING,PLUMBING,PLUMB-LOT,SALT LAKE PLUMBING=0,ELIGIBLE,,,,NONE,No current VendorDetails row and no deterministic existing StockItem pattern met the audit threshold.,,FOUND,VENDOR_REVIEW_REQUIRED
P31422-00-BN,Central Park West Towel Ring - Brushed Nickel,Central Park West Towel Ring - Brushed Nickel,PLUMBING,PLUMBING,PLUMB-LOT,SALT LAKE PLUMBING=0,ELIGIBLE,,BA0000749,Standard Plumbing Supply,HIGH,prefix P3142 maps to BA0000749 in 3/3 existing vendor-populated StockItems.,,FOUND,READY
P31426-00-BN,Central Park West Hook - Brushed Nickel,Central Park West Hook - Brushed Nickel,PLUMBING,PLUMBING,PLUMB-LOT,SALT LAKE PLUMBING=0,ELIGIBLE,,BA0000749,Standard Plumbing Supply,HIGH,prefix P3142 maps to BA0000749 in 3/3 existing vendor-populated StockItems.,,FOUND,READY
P31427-00-BN,Central Park West Toilet Paper Holder - Brushed Nickel,Central Park West Toilet Paper Holder - Brushed Nickel,PLUMBING,PLUMBING,PLUMB-LOT,SALT LAKE PLUMBING=0,ELIGIBLE,,BA0000749,Standard Plumbing Supply,HIGH,prefix P3142 maps to BA0000749 in 3/3 existing vendor-populated StockItems.,,FOUND,READY
P31487-TT-BN,"Central Park West Shower Door 18"" Towel Bar - Brushed Nickel","Central Park West Shower Door 18"" Towel Bar - Brushed Nickel",PLUMBING,PLUMBING,PLUMB-LOT,SALT LAKE PLUMBING=0,ELIGIBLE,,BA0000749,Standard Plumbing Supply,HIGH,prefix P314 maps to BA0000749 in 3/3 existing vendor-populated StockItems.,,FOUND,READY
PAA,Impact and Acoustic Protection Panel,Impact and Acoustic Protection Panel,PLUMBING,PLUMBING,PLUMB-LOT,(no WarehouseDetails rows),ELIGIBLE,,,,NONE,No current VendorDetails row and no deterministic existing StockItem pattern met the audit threshold.,,FOUND,VENDOR_REVIEW_REQUIRED
PHANTOM1,Mountain Reserve 1 Hp Phantom1 Waste Disposer,Mountain Reserve 1 Hp Phantom1 Waste Disposer,PLUMBING,PLUMBING,PLUMB-LOT,BOISE WAREHOUSE=0,ELIGIBLE,BA0000739 Mountain Plumbing Products,BA0000739,Mountain Plumbing Products,HIGH,Current StockItem VendorDetails contains 1 vendor row(s); selected default active VendorID BA0000739.,,FOUND,READY
PRO750W/CDK,"Insinkerator Pro 750 Garbage Disposal With Cord, 3/4 Hp","Insinkerator Pro 750 Garbage Disposal With Cord, 3/4 Hp",PLUMBING,PLUMBING,PLUMB-LOT,BOISE WAREHOUSE=2; SALT LAKE PLUMBING=0,SKIP_QTY_ON_HAND,BA0000536 Southwest Plumbing Supply,BA0000536,Southwest Plumbing Supply,HIGH,Current StockItem VendorDetails contains 1 vendor row(s); selected first active VendorID BA0000536.,,FOUND,SKIP_QTY_ON_HAND
PS120BK,"Opera Round Thermostatic Shower Trim Kit with Wall Mount Shower Head, Hand Held Shower, Tub Filler - Matte Black","Opera Round Thermostatic Shower Trim Kit with Wall Mount Shower Head, Hand Held Shower, Tub Filler - Matte Black",PLUMBING,PLUMBING,PLUMB-LOT,BOISE WAREHOUSE=0,ELIGIBLE,,BA0013051,"Westover, Inc.",MEDIUM,brand-token OPERA suggests BA0013051 in 6/6 existing vendor-populated StockItems; manual review required.,,FOUND,VENDOR_REVIEW_REQUIRED
PS120NSB,"Opera Thermostatic Shower Trim Kit With Hand Shower, Tub Filler - Satin Brass","Opera Thermostatic Shower Trim Kit With Hand Shower, Tub Filler - Satin Brass",PLUMBING,PLUMBING,PLUMB-LOT,BOISE WAREHOUSE=0,ELIGIBLE,,BA0013051,"Westover, Inc.",MEDIUM,brand-token OPERA suggests BA0013051 in 6/6 existing vendor-populated StockItems; manual review required.,,FOUND,VENDOR_REVIEW_REQUIRED
PTWO04-DB,0.25 Push-Touch Waste And Overflow Drain - Dark Brass,0.25 Push-Touch Waste And Overflow Drain - Dark Brass,PLUMBING,PLUMBING,PLUMB-LOT,(no WarehouseDetails rows),ELIGIBLE,,,,NONE,No current VendorDetails row and no deterministic existing StockItem pattern met the audit threshold.,,FOUND,VENDOR_REVIEW_REQUIRED
QBSWH,"3-1/2"" Basket Strainer - White","3-1/2"" Basket Strainer - White",PLUMBING,PLUMBING,PLUMB-LOT,BOISE WAREHOUSE=0,ELIGIBLE,,,,NONE,No current VendorDetails row and no deterministic existing StockItem pattern met the audit threshold.,,FOUND,VENDOR_REVIEW_REQUIRED
QDB4PPS,"4"" X 4"" Qdb 4 Complete Kit With Squares Pattern Decorative Plate With Pvc Bonded Flange Drain Body, 2"", 3"" And 4"" Outlet - Polished Stainless","4"" X 4"" Qdb 4 Complete Kit With Squares Pattern Decorative Plate With Pvc Bonded Flange Drain Body, 2"", 3"" And 4"" Outlet - Polished Stainless",PLUMBING,PLUMBING,PLUMB-LOT,SALT LAKE APPLIANCES=0; SALT LAKE PLUMBING=0,ELIGIBLE,,,,NONE,No current VendorDetails row and no deterministic existing StockItem pattern met the audit threshold.,,FOUND,VENDOR_REVIEW_REQUIRED
QDB4PSB,"4"" X 4"" Qdb 4 Complete Kit With Squares Pattern Decorative Plate With Pvc Bonded Flange Drain Body, 2"", 3"" And 4"" Outlet - Satin Bronze","4"" X 4"" Qdb 4 Complete Kit With Squares Pattern Decorative Plate With Pvc Bonded Flange Drain Body, 2"", 3"" And 4"" Outlet - Satin Bronze",PLUMBING,PLUMBING,PLUMB-LOT,SALT LAKE PLUMBING=0,ELIGIBLE,,,,NONE,No current VendorDetails row and no deterministic existing StockItem pattern met the audit threshold.,,FOUND,VENDOR_REVIEW_REQUIRED
QU-820-WH,"24-3/8"" Undermount Single Bowl Quartz Composite Kitchen Sink - White","24-3/8"" Undermount Single Bowl Quartz Composite Kitchen Sink - White",PLUMBING,PLUMBING,PLUMB-LOT,BOISE WAREHOUSE=0,ELIGIBLE,,,,NONE,No current VendorDetails row and no deterministic existing StockItem pattern met the audit threshold.,,FOUND,VENDOR_REVIEW_REQUIRED
R3520-WL,Single Handle Wall Mount Lavatory Rough,Single Handle Wall Mount Lavatory Rough,PLUMBING,PLUMBING,PLUMB-LOT,BOISE WAREHOUSE=0,ELIGIBLE,BA0000677 Mountain West Marketing,BA0000677,Mountain West Marketing,HIGH,Current StockItem VendorDetails contains 2 vendor row(s); selected first active VendorID BA0000677.,,FOUND,READY
R89-1TB0SLD,"Pfister Tisbury Shower Valve Trim, Lever - Polished Nickel","Pfister Tisbury Shower Valve Trim, Lever - Polished Nickel",PLUMBING,PLUMBING,PLUMB-LOT,SALT LAKE APPLIANCES=0; SALT LAKE PLUMBING=0,ELIGIBLE,,,,NONE,No current VendorDetails row and no deterministic existing StockItem pattern met the audit threshold.,,FOUND,VENDOR_REVIEW_REQUIRED
R89-STB0D,Pfister Tisbury Stacked Trim Kit - Polished Nickel,Pfister Tisbury Stacked Trim Kit - Polished Nickel,PLUMBING,PLUMBING,PLUMB-LOT,SALT LAKE APPLIANCES=0; SALT LAKE PLUMBING=0,ELIGIBLE,,,,NONE,No current VendorDetails row and no deterministic existing StockItem pattern met the audit threshold.,,FOUND,VENDOR_REVIEW_REQUIRED
RA051-44,Design Round Bottle Trap - Matte Black,Design Round Bottle Trap - Matte Black,PLUMBING,PLUMBING,PLUMB-LOT,SALT LAKE PLUMBING=0,ELIGIBLE,,,,NONE,No current VendorDetails row and no deterministic existing StockItem pattern met the audit threshold.,,FOUND,VENDOR_REVIEW_REQUIRED
RBX110-S,"Rotondo Deck Mount 20G Single 21"" Cabinet With Strainer Basket - Stainless Steel","Rotondo Deck Mount 20G Single 21"" Cabinet With Strainer Basket - Stainless Steel",PLUMBING,PLUMBING,PLUMB-LOT,BOISE WAREHOUSE=1,SKIP_QTY_ON_HAND,"BA0000722 Franke Kitchen Systems, LLC",BA0000722,"Franke Kitchen Systems, LLC",HIGH,Current StockItem VendorDetails contains 1 vendor row(s); selected first active VendorID BA0000722.,,FOUND,SKIP_QTY_ON_HAND
RH26BS01,Rohl Concealed Wall Mount Body Spray Rough-In Valve,Rohl Concealed Wall Mount Body Spray Rough-In Valve,PLUMBING,PLUMBING,PLUMB-LOT,SALT LAKE PLUMBING=0,ELIGIBLE,"BA0000007 Rohl, LLC",BA0000007,"Rohl, LLC",HIGH,Current StockItem VendorDetails contains 1 vendor row(s); selected first active VendorID BA0000007.,,FOUND,READY
RQD52PPS,"5"" Round Rqd 5 Complete Kit With Squares Pattern Decorative Plate With Pvc Drain Body, 2"" Outlet - Polished Stainless","5"" Round Rqd 5 Complete Kit With Squares Pattern Decorative Plate With Pvc Drain Body, 2"" Outlet - Polished Stainless",PLUMBING,PLUMBING,PLUMB-LOT,SALT LAKE PLUMBING=0,ELIGIBLE,,,,NONE,No current VendorDetails row and no deterministic existing StockItem pattern met the audit threshold.,,FOUND,VENDOR_REVIEW_REQUIRED
RQD52PSB,"5"" Round Rqd 5 Complete Kit With Squares Pattern Decorative Plate With Pvc Drain Body, 2"" Outlet - Satin Bronze","5"" Round Rqd 5 Complete Kit With Squares Pattern Decorative Plate With Pvc Drain Body, 2"" Outlet - Satin Bronze",PLUMBING,PLUMBING,PLUMB-LOT,SALT LAKE PLUMBING=0,ELIGIBLE,,,,NONE,No current VendorDetails row and no deterministic existing StockItem pattern met the audit threshold.,,FOUND,VENDOR_REVIEW_REQUIRED
RRHS01-18DN,Riverun Handshower On Hook - Dark Nickel,Riverun Handshower On Hook - Dark Nickel,PLUMBING,PLUMBING,PLUMB-LOT,SALT LAKE PLUMBING=0,ELIGIBLE,,,,NONE,No current VendorDetails row and no deterministic existing StockItem pattern met the audit threshold.,,FOUND,VENDOR_REVIEW_REQUIRED
RRLS11-12DN,Riverun Lavatory Faucet With Lever Handles - Dark Nickel,Riverun Lavatory Faucet With Lever Handles - Dark Nickel,PLUMBING,PLUMBING,PLUMB-LOT,SALT LAKE PLUMBING=0,ELIGIBLE,,,,NONE,No current VendorDetails row and no deterministic existing StockItem pattern met the audit threshold.,,FOUND,VENDOR_REVIEW_REQUIRED
RRPH01-DN,Riverun Wall Mounted Swing Arm Paper Holder - Dark Nickel,Riverun Wall Mounted Swing Arm Paper Holder - Dark Nickel,PLUMBING,PLUMBING,PLUMB-LOT,SALT LAKE PLUMBING=0,ELIGIBLE,,,,NONE,No current VendorDetails row and no deterministic existing StockItem pattern met the audit threshold.,,FOUND,VENDOR_REVIEW_REQUIRED
RRRH01-DN,Riverun Wall Mounted Robe Hook - Dark Nickel,Riverun Wall Mounted Robe Hook - Dark Nickel,PLUMBING,PLUMBING,PLUMB-LOT,SALT LAKE PLUMBING=0,ELIGIBLE,,,,NONE,No current VendorDetails row and no deterministic existing StockItem pattern met the audit threshold.,,FOUND,VENDOR_REVIEW_REQUIRED
RRTB24-DN,"Riverun 24"" Single Towel Bar - Dark Nickel","Riverun 24"" Single Towel Bar - Dark Nickel",PLUMBING,PLUMBING,PLUMB-LOT,SALT LAKE PLUMBING=0,ELIGIBLE,,,,NONE,No current VendorDetails row and no deterministic existing StockItem pattern met the audit threshold.,,FOUND,VENDOR_REVIEW_REQUIRED
RRTH11-DN,Riverun Thermostatic Control Valve Trim With Lever Handle - Dark Nickel,Riverun Thermostatic Control Valve Trim With Lever Handle - Dark Nickel,PLUMBING,PLUMBING,PLUMB-LOT,SALT LAKE PLUMBING=0,ELIGIBLE,,,,NONE,No current VendorDetails row and no deterministic existing StockItem pattern met the audit threshold.,,FOUND,VENDOR_REVIEW_REQUIRED
RRTS01-DN,Riverun Wall Mounted Tub Spout - Dark Nickel,Riverun Wall Mounted Tub Spout - Dark Nickel,PLUMBING,PLUMBING,PLUMB-LOT,SALT LAKE PLUMBING=0,ELIGIBLE,,,,NONE,No current VendorDetails row and no deterministic existing StockItem pattern met the audit threshold.,,FOUND,VENDOR_REVIEW_REQUIRED
RRVC11-DN,Riverun Volume Control With Tri-Spoke Handle - Dark Nickel,Riverun Volume Control With Tri-Spoke Handle - Dark Nickel,PLUMBING,PLUMBING,PLUMB-LOT,SALT LAKE PLUMBING=0,ELIGIBLE,,,,NONE,No current VendorDetails row and no deterministic existing StockItem pattern met the audit threshold.,,FOUND,VENDOR_REVIEW_REQUIRED
RRXT21-18DN,Riverun Wall Mounted Exposed Tub Filler With Handshower And Tri-Spoke Handles - Dark Nickel,Riverun Wall Mounted Exposed Tub Filler With Handshower And Tri-Spoke Handles - Dark Nickel,PLUMBING,PLUMBING,PLUMB-LOT,SALT LAKE PLUMBING=0,ELIGIBLE,,,,NONE,No current VendorDetails row and no deterministic existing StockItem pattern met the audit threshold.,,FOUND,VENDOR_REVIEW_REQUIRED
RWPH37-DB,Waterworks R.W. Atlas Wall Mounted Three Piece Paper Holder - Dark Brass,Waterworks R.W. Atlas Wall Mounted Three Piece Paper Holder - Dark Brass,PLUMBING,PLUMBING,PLUMB-LOT,SALT LAKE PLUMBING=0,ELIGIBLE,"BA0000008 Waterworks Operating Co., LLC",BA0000008,"Waterworks Operating Co., LLC",HIGH,Current StockItem VendorDetails contains 1 vendor row(s); selected first active VendorID BA0000008.,,FOUND,READY
RWRH01-DB,Waterworks R.W. Atlas Single Robe Hook - Dark Brass,Waterworks R.W. Atlas Single Robe Hook - Dark Brass,PLUMBING,PLUMBING,PLUMB-LOT,SALT LAKE PLUMBING=0,ELIGIBLE,"BA0000008 Waterworks Operating Co., LLC",BA0000008,"Waterworks Operating Co., LLC",HIGH,Current StockItem VendorDetails contains 1 vendor row(s); selected first active VendorID BA0000008.,,FOUND,READY
RWTB01-DB,Waterworks R.W. Atlas Towel Ring - Dark Brass,Waterworks R.W. Atlas Towel Ring - Dark Brass,PLUMBING,PLUMBING,PLUMB-LOT,SALT LAKE PLUMBING=0,ELIGIBLE,"BA0000008 Waterworks Operating Co., LLC",BA0000008,"Waterworks Operating Co., LLC",HIGH,Current StockItem VendorDetails contains 1 vendor row(s); selected first active VendorID BA0000008.,,FOUND,READY
S208-LBL,"Jaclo 8"" Round Rain Machine® - Light Blue","Jaclo 8"" Round Rain Machine® - Light Blue",PLUMBING,PLUMBING,PLUMB-LOT,SALT LAKE PLUMBING=0,ELIGIBLE,BA0000733 Jaclo,BA0000733,Jaclo,HIGH,Current StockItem VendorDetails contains 1 vendor row(s); selected first active VendorID BA0000733.,,FOUND,READY
S209A1,"Andrea 23A Acrylic Cxl Sculpted 1 Side Soaker 65.75"" X 36"" - White","Andrea 23A Acrylic Cxl Sculpted 1 Side Soaker 65.75"" X 36"" - White",PLUMBING,PLUMBING,PLUMB-LOT,SALT LAKE PLUMBING=0,ELIGIBLE,,,,NONE,No current VendorDetails row and no deterministic existing StockItem pattern met the audit threshold.,,FOUND,VENDOR_REVIEW_REQUIRED
S233-WH-MT,"Elise Sculpturestone Freestanding Integral Pedestal Soaker 67.5"" X 36.5"" - Matte White","Elise Sculpturestone Freestanding Integral Pedestal Soaker 67.5"" X 36.5"" - Matte White",PLUMBING,PLUMBING,PLUMB-LOT,SALT LAKE PLUMBING=0,ELIGIBLE,,,,NONE,No current VendorDetails row and no deterministic existing StockItem pattern met the audit threshold.,,FOUND,VENDOR_REVIEW_REQUIRED
S2932SB.2,Sirio Hardwired Towel Warmer - Satin Brass,Sirio Hardwired Towel Warmer - Satin Brass,PLUMBING,PLUMBING,PLUMB-LOT,SALT LAKE PLUMBING=0,ELIGIBLE,,,,NONE,No current VendorDetails row and no deterministic existing StockItem pattern met the audit threshold.,,FOUND,VENDOR_REVIEW_REQUIRED
S458-LBL,Jaclo Slim-Rain Handshower - Light Blue,Jaclo Slim-Rain Handshower - Light Blue,PLUMBING,PLUMBING,PLUMB-LOT,SALT LAKE PLUMBING=0,ELIGIBLE,BA0000733 Jaclo,BA0000733,Jaclo,HIGH,Current StockItem VendorDetails contains 1 vendor row(s); selected first active VendorID BA0000733.,,FOUND,READY
S50L112FR-BNI-T,"Phase M-Series Thermostatic Shower System, Shower With Handshower, Trim - Brushed Nickel","Phase M-Series Thermostatic Shower System, Shower With Handshower, Trim - Brushed Nickel",PLUMBING,PLUMBING,PLUMB-LOT,(no WarehouseDetails rows),ELIGIBLE,,,,NONE,No current VendorDetails row and no deterministic existing StockItem pattern met the audit threshold.,,FOUND,VENDOR_REVIEW_REQUIRED
S50X113FR-BOX-T,"M.E. And Terra M-Series Thermostatic Shower System, Shower With Handshower, Trim - Brushed Onyx PVD","M.E. And Terra M-Series Thermostatic Shower System, Shower With Handshower, Trim - Brushed Onyx PVD",PLUMBING,PLUMBING,PLUMB-LOT,(no WarehouseDetails rows),ELIGIBLE,,,,NONE,No current VendorDetails row and no deterministic existing StockItem pattern met the audit threshold.,,FOUND,VENDOR_REVIEW_REQUIRED
SD1-APB,"Watermark Designer Shower Drain, 5"" X 5"" Strainer Only - Aged Brass","Watermark Designer Shower Drain, 5"" X 5"" Strainer Only - Aged Brass",PLUMBING,PLUMBING,PLUMB-LOT,SALT LAKE PLUMBING=0,ELIGIBLE,BA0000760 Watermark,BA0000760,Watermark,HIGH,Current StockItem VendorDetails contains 1 vendor row(s); selected first active VendorID BA0000760.,,FOUND,READY
SD-DHK-65-BBU,Tiburon Double Shower Door Robe Hook - Burnished Brass,Tiburon Double Shower Door Robe Hook - Burnished Brass,PLUMBING,PLUMBING,PLUMB-LOT,(no WarehouseDetails rows),ELIGIBLE,,BA0000006,California Faucets,MEDIUM,brand-token TIBURON suggests BA0000006 in 14/14 existing vendor-populated StockItems; manual review required.,,FOUND,VENDOR_REVIEW_REQUIRED
SD-DHK-65-GRP,Tiburon Double Shower Door Robe Hook - Graphite,Tiburon Double Shower Door Robe Hook - Graphite,PLUMBING,PLUMBING,PLUMB-LOT,(no WarehouseDetails rows),ELIGIBLE,,BA0000006,California Faucets,MEDIUM,brand-token TIBURON suggests BA0000006 in 14/14 existing vendor-populated StockItems; manual review required.,,FOUND,VENDOR_REVIEW_REQUIRED
SH-061-30K.18-GRP,"Descanso 3 1/2"" 8 Jet Showerhead, Knurled - Graphite","Descanso 3 1/2"" 8 Jet Showerhead, Knurled - Graphite",PLUMBING,PLUMBING,PLUMB-LOT,SALT LAKE PLUMBING=0,ELIGIBLE,,BA0000006,California Faucets,MEDIUM,brand-token DESCANSO suggests BA0000006 in 17/17 existing vendor-populated StockItems; manual review required.,,FOUND,VENDOR_REVIEW_REQUIRED
SH-061-65.25-ANF,"Tiburon 3"" Brass Single Function Showerhead, Smooth - Antique Nickel Flat","Tiburon 3"" Brass Single Function Showerhead, Smooth - Antique Nickel Flat",PLUMBING,PLUMBING,PLUMB-LOT,(no WarehouseDetails rows),ELIGIBLE,,BA0000006,California Faucets,MEDIUM,brand-token TIBURON suggests BA0000006 in 14/14 existing vendor-populated StockItems; manual review required.,,FOUND,VENDOR_REVIEW_REQUIRED
SH-177-16.25-BTB,"California Faucets 16"" Ultra Thin Square Showerhead - Bella Terra Bronze","California Faucets 16"" Ultra Thin Square Showerhead - Bella Terra Bronze",PLUMBING,PLUMBING,PLUMB-LOT,BOISE WAREHOUSE=2,SKIP_QTY_ON_HAND,BA0000006 California Faucets,BA0000006,California Faucets,HIGH,Current StockItem VendorDetails contains 1 vendor row(s); selected first active VendorID BA0000006.,,FOUND,SKIP_QTY_ON_HAND
SH-25S-30-SB,"Descanso Supply Elbow with Swivel Handshower Holder, Concave Base And Hex Cap - Satin Brass","Descanso Supply Elbow with Swivel Handshower Holder, Concave Base And Hex Cap - Satin Brass",PLUMBING,PLUMBING,PLUMB-LOT,BOISE WAREHOUSE=1,SKIP_QTY_ON_HAND,BA0000006 California Faucets,BA0000006,California Faucets,HIGH,Current StockItem VendorDetails contains 1 vendor row(s); selected first active VendorID BA0000006.,,FOUND,SKIP_QTY_ON_HAND
SH-PRE75-AB,Round Antiscale Shower Head 1.75 Gpm @ 80 Psi - Antique Brass,Round Antiscale Shower Head 1.75 Gpm @ 80 Psi - Antique Brass,PLUMBING,PLUMBING,PLUMB-LOT,SALT LAKE APPLIANCES=0; SALT LAKE PLUMBING=0,ELIGIBLE,,,,NONE,No current VendorDetails row and no deterministic existing StockItem pattern met the audit threshold.,,FOUND,VENDOR_REVIEW_REQUIRED
SH-PRE75-UPB,Watermark Round Antiscale Shower Head 1.75 Gpm @ 80 Psi - Polished Natural Brass,Watermark Round Antiscale Shower Head 1.75 Gpm @ 80 Psi - Polished Natural Brass,PLUMBING,PLUMBING,PLUMB-LOT,SALT LAKE PLUMBING=2,SKIP_QTY_ON_HAND,BA0000760 Watermark,BA0000760,Watermark,HIGH,Current StockItem VendorDetails contains 1 vendor row(s); selected first active VendorID BA0000760.,,FOUND,SKIP_QTY_ON_HAND
SLGR6596SB,"Site Sizable Series 96"" Pvc Low Profile Complete Kit With 2 1/2"" Adhesion Style Grate - Satin Bronze","Site Sizable Series 96"" Pvc Low Profile Complete Kit With 2 1/2"" Adhesion Style Grate - Satin Bronze",PLUMBING,PLUMBING,PLUMB-LOT,SALT LAKE PLUMBING=0,ELIGIBLE,,BA0000731,Infinity Drain,MEDIUM,brand-token SITE suggests BA0000731 in 7/7 existing vendor-populated StockItems; manual review required.,,FOUND,VENDOR_REVIEW_REQUIRED
SLSD6536ORB,"Infinity Drain Site Sizable Series 36"" Pvc Low Profile Complete Kit With 2 1/2"" Solid Grate - Oil Rubbed Bronze","Infinity Drain Site Sizable Series 36"" Pvc Low Profile Complete Kit With 2 1/2"" Solid Grate - Oil Rubbed Bronze",PLUMBING,PLUMBING,PLUMB-LOT,BOISE WAREHOUSE=1,SKIP_QTY_ON_HAND,BA0000731 Infinity Drain,BA0000731,Infinity Drain,HIGH,Current StockItem VendorDetails contains 1 vendor row(s); selected first active VendorID BA0000731.,,FOUND,SKIP_QTY_ON_HAND
SLSD6560ORB,"Infinity Drain Site Sizable Series 60"" Pvc Low Profile Complete Kit With 2 1/2"" Solid Grate - Oil Rubbed Bronze","Infinity Drain Site Sizable Series 60"" Pvc Low Profile Complete Kit With 2 1/2"" Solid Grate - Oil Rubbed Bronze",PLUMBING,PLUMBING,PLUMB-LOT,BOISE WAREHOUSE=2,SKIP_QTY_ON_HAND,BA0000731 Infinity Drain,BA0000731,Infinity Drain,HIGH,Current StockItem VendorDetails contains 1 vendor row(s); selected first active VendorID BA0000731.,,FOUND,SKIP_QTY_ON_HAND
SLSD6572ORB,"Infinity Drain Site Sizable Series 72"" Pvc Low Profile Complete Kit With 2 1/2"" Solid Grate - Oil Rubbed Bronze","Infinity Drain Site Sizable Series 72"" Pvc Low Profile Complete Kit With 2 1/2"" Solid Grate - Oil Rubbed Bronze",PLUMBING,PLUMBING,PLUMB-LOT,BOISE WAREHOUSE=2,SKIP_QTY_ON_HAND,BA0000731 Infinity Drain,BA0000731,Infinity Drain,HIGH,Current StockItem VendorDetails contains 1 vendor row(s); selected first active VendorID BA0000731.,,FOUND,SKIP_QTY_ON_HAND
SLTIF6536GM,"Site Sizable Series 36"" Pvc Low Profile Complete Kit With 2 1/2"" Tile Insert Frame - Gunmetal","Site Sizable Series 36"" Pvc Low Profile Complete Kit With 2 1/2"" Tile Insert Frame - Gunmetal",PLUMBING,PLUMBING,PLUMB-LOT,SALT LAKE APPLIANCES=0; SALT LAKE PLUMBING=0,ELIGIBLE,,BA0000731,Infinity Drain,MEDIUM,brand-token SITE suggests BA0000731 in 7/7 existing vendor-populated StockItems; manual review required.,,FOUND,VENDOR_REVIEW_REQUIRED
SLTIF6548SS,"Site Sizable Series 48"" Pvc Low Profile Complete Kit With 2 1/2"" Tile Insert Frame - Satin Stainless","Site Sizable Series 48"" Pvc Low Profile Complete Kit With 2 1/2"" Tile Insert Frame - Satin Stainless",PLUMBING,PLUMBING,PLUMB-LOT,SALT LAKE PLUMBING=0,ELIGIBLE,,BA0000731,Infinity Drain,MEDIUM,brand-token SITE suggests BA0000731 in 7/7 existing vendor-populated StockItems; manual review required.,,FOUND,VENDOR_REVIEW_REQUIRED
SM255102,Smartstation Cutting Board For 17'' Sink - Composite,Smartstation Cutting Board For 17'' Sink - Composite,PLUMBING,PLUMBING,PLUMB-LOT,SALT LAKE PLUMBING=0,ELIGIBLE,,,,NONE,No current VendorDetails row and no deterministic existing StockItem pattern met the audit threshold.,,FOUND,VENDOR_REVIEW_REQUIRED
SMVASK-BASALTO,Rimless Bak To Wall  Toilet In Basalto Finish,Rimless Bak To Wall  Toilet In Basalto Finish,PLUMBING,PLUMBING,PLUMB-LOT,(no WarehouseDetails rows),ELIGIBLE,,,,NONE,No current VendorDetails row and no deterministic existing StockItem pattern met the audit threshold.,,FOUND,VENDOR_REVIEW_REQUIRED
SNBT67-WHI,"Santry Freestanding Cast Iron Oval Bathtub 67"" X 31"" X 22"" - White","Santry Freestanding Cast Iron Oval Bathtub 67"" X 31"" X 22"" - White",PLUMBING,PLUMBING,PLUMB-LOT,SALT LAKE PLUMBING=0,ELIGIBLE,,,,NONE,No current VendorDetails row and no deterministic existing StockItem pattern met the audit threshold.,,FOUND,VENDOR_REVIEW_REQUIRED
SQRB-7MF,"Nantucket Sinks Brightwork Home 16.625"" Hammered Unlacquered Brass Square Undermount Or Top Mount Bar Sink - Brass","Nantucket Sinks Brightwork Home 16.625"" Hammered Unlacquered Brass Square Undermount Or Top Mount Bar Sink - Brass",PLUMBING,PLUMBING,PLUMB-LOT,SALT LAKE APPLIANCES=0; SALT LAKE PLUMBING=0,ELIGIBLE,BA0003290 Hajoca Corporation,BA0003290,Hajoca Corporation,HIGH,Current StockItem VendorDetails contains 1 vendor row(s); selected default active VendorID BA0003290.,,FOUND,READY
SS-508-C,"Roman Tub Valve, Cold Unfinished","Roman Tub Valve, Cold Unfinished",PLUMBING,PLUMBING,PLUMB-LOT,(no WarehouseDetails rows),ELIGIBLE,,,,NONE,No current VendorDetails row and no deterministic existing StockItem pattern met the audit threshold.,,FOUND,VENDOR_REVIEW_REQUIRED
SS-508-H,"Roman Tub Valve, Hot Unfinished","Roman Tub Valve, Hot Unfinished",PLUMBING,PLUMBING,PLUMB-LOT,(no WarehouseDetails rows),ELIGIBLE,,,,NONE,No current VendorDetails row and no deterministic existing StockItem pattern met the audit threshold.,,FOUND,VENDOR_REVIEW_REQUIRED
SS-603AF-AB,"6"" Ceiling Arm With Round Flange - Antique Brass","6"" Ceiling Arm With Round Flange - Antique Brass",PLUMBING,PLUMBING,PLUMB-LOT,SALT LAKE APPLIANCES=0; SALT LAKE PLUMBING=0,ELIGIBLE,,,,NONE,No current VendorDetails row and no deterministic existing StockItem pattern met the audit threshold.,,FOUND,VENDOR_REVIEW_REQUIRED
SS-607AF-GM,"30"" Ceiling Arm With Round Flange - Gun Metal","30"" Ceiling Arm With Round Flange - Gun Metal",PLUMBING,PLUMBING,PLUMB-LOT,SALT LAKE PLUMBING=0,ELIGIBLE,,,,NONE,No current VendorDetails row and no deterministic existing StockItem pattern met the audit threshold.,,FOUND,VENDOR_REVIEW_REQUIRED
SS-LFT70AF-GM,Loft 2.0 Arm With Flange - Gun Metal,Loft 2.0 Arm With Flange - Gun Metal,PLUMBING,PLUMBING,PLUMB-LOT,SALT LAKE PLUMBING=0,ELIGIBLE,,,,NONE,No current VendorDetails row and no deterministic existing StockItem pattern met the audit threshold.,,FOUND,VENDOR_REVIEW_REQUIRED
S-SLOTAS60SS,"Sizable Stainless Steel Series 60"" Slot Drain Complete Kit - Satin Stainless Steel","Sizable Stainless Steel Series 60"" Slot Drain Complete Kit - Satin Stainless Steel",PLUMBING,PLUMBING,PLUMB-LOT,SALT LAKE PLUMBING=0,ELIGIBLE,,BA0000731,Infinity Drain,MEDIUM,brand-token SIZABLE suggests BA0000731 in 7/7 existing vendor-populated StockItems; manual review required.,,FOUND,VENDOR_REVIEW_REQUIRED
ST472EA#12,Glaston Tank 1.28 GPF - Sedona Beige,Glaston Tank 1.28 GPF - Sedona Beige,PLUMBING,PLUMBING,PLUMB-LOT,(no WarehouseDetails rows),ELIGIBLE,,,,NONE,No current VendorDetails row and no deterministic existing StockItem pattern met the audit threshold.,,FOUND,VENDOR_REVIEW_REQUIRED
STCH38,"Sizable SLOTAS Series 38"" Closed Ended Channel For 48"" - Stainless Steel","Sizable SLOTAS Series 38"" Closed Ended Channel For 48"" - Stainless Steel",PLUMBING,PLUMBING,PLUMB-LOT,(no WarehouseDetails rows),ELIGIBLE,,BA0000731,Infinity Drain,MEDIUM,brand-token SIZABLE suggests BA0000731 in 7/7 existing vendor-populated StockItems; manual review required.,,FOUND,VENDOR_REVIEW_REQUIRED
STEC,End Cap For ST CH Channel - Stainless Steel,End Cap For ST CH Channel - Stainless Steel,PLUMBING,PLUMBING,PLUMB-LOT,(no WarehouseDetails rows),ELIGIBLE,,,,NONE,No current VendorDetails row and no deterministic existing StockItem pattern met the audit threshold.,,FOUND,VENDOR_REVIEW_REQUIRED
STEG36GM,"36"" Stainless Steel Hemmed Edge Trim - Gunmetal","36"" Stainless Steel Hemmed Edge Trim - Gunmetal",PLUMBING,PLUMBING,PLUMB-LOT,(no WarehouseDetails rows),ELIGIBLE,,,,NONE,No current VendorDetails row and no deterministic existing StockItem pattern met the audit threshold.,,FOUND,VENDOR_REVIEW_REQUIRED
STEG60GM,"60"" Stainless Steel Hemmed Edge Trim - Gunmetal","60"" Stainless Steel Hemmed Edge Trim - Gunmetal",PLUMBING,PLUMBING,PLUMB-LOT,(no WarehouseDetails rows),ELIGIBLE,,,,NONE,No current VendorDetails row and no deterministic existing StockItem pattern met the audit threshold.,,FOUND,VENDOR_REVIEW_REQUIRED
STIF6536SR,"36"" TILE LINEAR DRAIN SATIN BRASS","36"" TILE LINEAR DRAIN SATIN BRASS",PLUMBING,PLUMBING,PLUMB-LOT,BOISE WAREHOUSE=3,SKIP_QTY_ON_HAND,BA0000731 Infinity Drain,BA0000731,Infinity Drain,HIGH,Current StockItem VendorDetails contains 1 vendor row(s); selected first active VendorID BA0000731.,,FOUND,SKIP_QTY_ON_HAND
STIF6548SS,"Site Sizable Series 48"" Pvc Complete Kit With Tile Insert Frame - Satin Stainless","Site Sizable Series 48"" Pvc Complete Kit With Tile Insert Frame - Satin Stainless",PLUMBING,PLUMBING,PLUMB-LOT,SALT LAKE PLUMBING=0,ELIGIBLE,,BA0000731,Infinity Drain,HIGH,prefix STIF maps to BA0000731 in 7/7 existing vendor-populated StockItems.,,FOUND,READY
STIFAS6536ORB,"Sizable Stainless Steel Series 36"" Complete Kit With Tile Insert Frame - Oil Rubbed Bronze","Sizable Stainless Steel Series 36"" Complete Kit With Tile Insert Frame - Oil Rubbed Bronze",PLUMBING,PLUMBING,PLUMB-LOT,SALT LAKE HARDWARE=0,ELIGIBLE,,BA0000731,Infinity Drain,HIGH,prefix STIF maps to BA0000731 in 7/7 existing vendor-populated StockItems.,,FOUND,READY
STIFAS9936ASS,"Sizable Stainless Steel Series 36"" High Flow Complete Kit With Tile Insert Frame With Abs Drain Body, 3"" Outlet - Satin Stainless","Sizable Stainless Steel Series 36"" High Flow Complete Kit With Tile Insert Frame With Abs Drain Body, 3"" Outlet - Satin Stainless",PLUMBING,PLUMBING,PLUMB-LOT,SALT LAKE HARDWARE=0,ELIGIBLE,,BA0000731,Infinity Drain,HIGH,prefix STIF maps to BA0000731 in 7/7 existing vendor-populated StockItems.,,FOUND,READY
STOTGM,"Sizable SLOTAS Series 10"" Stainless Steel Outlet Section - Gunmetal","Sizable SLOTAS Series 10"" Stainless Steel Outlet Section - Gunmetal",PLUMBING,PLUMBING,PLUMB-LOT,(no WarehouseDetails rows),ELIGIBLE,,BA0000731,Infinity Drain,MEDIUM,brand-token SIZABLE suggests BA0000731 in 7/7 existing vendor-populated StockItems; manual review required.,,FOUND,VENDOR_REVIEW_REQUIRED
STS-OO(DUALOUTLET),Sinktop Switch Dual Outlet,Sinktop Switch Dual Outlet,PLUMBING,PLUMBING,PLUMB-LOT,(no WarehouseDetails rows),ELIGIBLE,,,,NONE,No current VendorDetails row and no deterministic existing StockItem pattern met the audit threshold.,,FOUND,VENDOR_REVIEW_REQUIRED
SW3946#01,"Toto Washlet Ks6 Electronic Bidet Toilet Seat With Instantaneous Water Heating, Premist And Ewater+ Wand Cleaning, Elongated - Cotton White","Toto Washlet Ks6 Electronic Bidet Toilet Seat With Instantaneous Water Heating, Premist And Ewater+ Wand Cleaning, Elongated - Cotton White",PLUMBING,PLUMBING,PLUMB-LOT,SALT LAKE PLUMBING=0,ELIGIBLE,,,,NONE,No current VendorDetails row and no deterministic existing StockItem pattern met the audit threshold.,,FOUND,VENDOR_REVIEW_REQUIRED
SW4726#12,"Washlet+ Electronic Bidet Toilet Seat With Ewater+ Bowl And Wand Cleaning, Contemporary Lid, Elongated - Sedona Beige","Washlet+ Electronic Bidet Toilet Seat With Ewater+ Bowl And Wand Cleaning, Contemporary Lid, Elongated - Sedona Beige",PLUMBING,PLUMBING,PLUMB-LOT,SALT LAKE APPLIANCES=0; SALT LAKE PLUMBING=0,ELIGIBLE,,,,NONE,No current VendorDetails row and no deterministic existing StockItem pattern met the audit threshold.,,FOUND,VENDOR_REVIEW_REQUIRED
SYD6636ATO-WHI-RH,"Sydney 6636 Acrylic Tub Only, Right Hand - White","Sydney 6636 Acrylic Tub Only, Right Hand - White",PLUMBING,PLUMBING,PLUMB-LOT,(no WarehouseDetails rows),ELIGIBLE,,,,NONE,No current VendorDetails row and no deterministic existing StockItem pattern met the audit threshold.,,FOUND,VENDOR_REVIEW_REQUIRED
T14237-CZ,Delta Velum Monitor 14 Series Shower Trim - Champagne Bronze,Delta Velum Monitor 14 Series Shower Trim - Champagne Bronze,PLUMBING,PLUMBING,PLUMB-LOT,BOISE WAREHOUSE=1,SKIP_QTY_ON_HAND,BA0000714 Delta Faucet Company,BA0000714,Delta Faucet Company,HIGH,Current StockItem VendorDetails contains 1 vendor row(s); selected first active VendorID BA0000714.,,FOUND,SKIP_QTY_ON_HAND
T14284-CZ-PR,Delta Broderick 14 Series Shower Trim - Lumicoat Champagne Bronze,Delta Broderick 14 Series Shower Trim - Lumicoat Champagne Bronze,PLUMBING,PLUMBING,PLUMB-LOT,BOISE WAREHOUSE=1,SKIP_QTY_ON_HAND,BA0000714 Delta Faucet Company,BA0000714,Delta Faucet Company,HIGH,Current StockItem VendorDetails contains 1 vendor row(s); selected first active VendorID BA0000714.,,FOUND,SKIP_QTY_ON_HAND
T14289-CZ-PR,Delta Tetra 14 Series Shower Trim - Lumicoat Champagne Bronze,Delta Tetra 14 Series Shower Trim - Lumicoat Champagne Bronze,PLUMBING,PLUMBING,PLUMB-LOT,BOISE WAREHOUSE=1,SKIP_QTY_ON_HAND,BA0000714 Delta Faucet Company,BA0000714,Delta Faucet Company,HIGH,Current StockItem VendorDetails contains 1 vendor row(s); selected first active VendorID BA0000714.,,FOUND,SKIP_QTY_ON_HAND
T14489-CZ-PR,Delta Tetra Monitor 14 Series Tub And Shower Trim - Lumicoat Champagne Bronze,Delta Tetra Monitor 14 Series Tub And Shower Trim - Lumicoat Champagne Bronze,PLUMBING,PLUMBING,PLUMB-LOT,BOISE WAREHOUSE=0,ELIGIBLE,BA0000714 Delta Faucet Company,BA0000714,Delta Faucet Company,HIGH,Current StockItem VendorDetails contains 1 vendor row(s); selected first active VendorID BA0000714.,,FOUND,READY
T2002-TCBA-OBM,"Forme Trim Set For V135-Ais Thermostatic Valve, Two Volume Controls - Old Brass Matte","Forme Trim Set For V135-Ais Thermostatic Valve, Two Volume Controls - Old Brass Matte",PLUMBING,PLUMBING,PLUMB-LOT,SALT LAKE PLUMBING=0,ELIGIBLE,,,,NONE,No current VendorDetails row and no deterministic existing StockItem pattern met the audit threshold.,,FOUND,VENDOR_REVIEW_REQUIRED
T2020-A-2CTL-CTB,"Forme 2 Hole Wall Mounted Lavatory Mixer, Left Handed, 7 7/8"" Spout Length - City Bronze","Forme 2 Hole Wall Mounted Lavatory Mixer, Left Handed, 7 7/8"" Spout Length - City Bronze",PLUMBING,PLUMBING,PLUMB-LOT,SALT LAKE PLUMBING=0,ELIGIBLE,,,,NONE,No current VendorDetails row and no deterministic existing StockItem pattern met the audit threshold.,,FOUND,VENDOR_REVIEW_REQUIRED
T2020-AIS-XX,"Forme 2 Hole Wall Mounted Filler Rough, Left Handed","Forme 2 Hole Wall Mounted Filler Rough, Left Handed",PLUMBING,PLUMBING,PLUMB-LOT,SALT LAKE PLUMBING=0,ELIGIBLE,,,,NONE,No current VendorDetails row and no deterministic existing StockItem pattern met the audit threshold.,,FOUND,VENDOR_REVIEW_REQUIRED
T2070A-KIT-OBM,Forme Slider Rail Kit - Old Brass Matte,Forme Slider Rail Kit - Old Brass Matte,PLUMBING,PLUMBING,PLUMB-LOT,SALT LAKE PLUMBING=0,ELIGIBLE,,,,NONE,No current VendorDetails row and no deterministic existing StockItem pattern met the audit threshold.,,FOUND,VENDOR_REVIEW_REQUIRED
T20KA17-2CBA-OBM,"Forme 3 Hole Wall Mounted Lavatory Filler, Long Spout - Old Brass Matte","Forme 3 Hole Wall Mounted Lavatory Filler, Long Spout - Old Brass Matte",PLUMBING,PLUMBING,PLUMB-LOT,SALT LAKE PLUMBING=0,ELIGIBLE,,,,NONE,No current VendorDetails row and no deterministic existing StockItem pattern met the audit threshold.,,FOUND,VENDOR_REVIEW_REQUIRED
T20KA790-A-CTB,"Forme Overhead Shower Arm, 3 1/2"" - City Bronze","Forme Overhead Shower Arm, 3 1/2"" - City Bronze",PLUMBING,PLUMBING,PLUMB-LOT,SALT LAKE PLUMBING=0,ELIGIBLE,,,,NONE,No current VendorDetails row and no deterministic existing StockItem pattern met the audit threshold.,,FOUND,VENDOR_REVIEW_REQUIRED
T2737-CZ,Delta Velum Roman Tub Trim - Champagne Bronze,Delta Velum Roman Tub Trim - Champagne Bronze,PLUMBING,PLUMBING,PLUMB-LOT,BOISE WAREHOUSE=0,ELIGIBLE,BA0000714 Delta Faucet Company,BA0000714,Delta Faucet Company,HIGH,Current StockItem VendorDetails contains 1 vendor row(s); selected first active VendorID BA0000714.,,FOUND,READY
T2784-CZ-PR-LHP,Delta Broderick Roman Tub Trim Less Handles - Lumicoat Champagne Bronze,Delta Broderick Roman Tub Trim Less Handles - Lumicoat Champagne Bronze,PLUMBING,PLUMBING,PLUMB-LOT,BOISE WAREHOUSE=1,SKIP_QTY_ON_HAND,BA0000714 Delta Faucet Company,BA0000714,Delta Faucet Company,HIGH,Current StockItem VendorDetails contains 1 vendor row(s); selected first active VendorID BA0000714.,,FOUND,SKIP_QTY_ON_HAND
T3589LF-CZ-PR-WL,Delta Tetra Single Handle Wall Mount Bathroom Faucet Trim - Lumicoat Champagne Bronze,Delta Tetra Single Handle Wall Mount Bathroom Faucet Trim - Lumicoat Champagne Bronze,PLUMBING,PLUMBING,PLUMB-LOT,BOISE WAREHOUSE=0,ELIGIBLE,BA0000677 Mountain West Marketing,BA0000677,Mountain West Marketing,HIGH,Current StockItem VendorDetails contains 2 vendor row(s); selected first active VendorID BA0000677.,,FOUND,READY
T39EL/4AP-19,T39 Built-in Electric Towel Warmers With Thermostat -4 Towel Bars-trim - Natural Brass,T39 Built-in Electric Towel Warmers With Thermostat -4 Towel Bars-trim - Natural Brass,PLUMBING,PLUMBING,PLUMB-LOT,SALT LAKE PLUMBING=0,ELIGIBLE,,,,NONE,No current VendorDetails row and no deterministic existing StockItem pattern met the audit threshold.,,FOUND,VENDOR_REVIEW_REQUIRED
T657110LF-BLLHP,"Roccesco Single Handle Wall Mount Lavatory Faucet, Less Handle - Matte Black","Roccesco Single Handle Wall Mount Lavatory Faucet, Less Handle - Matte Black",PLUMBING,PLUMBING,PLUMB-LOT,SALT LAKE APPLIANCES=0; SALT LAKE PLUMBING=0,ELIGIBLE,BA0000714 Delta Faucet Company,BA0000714,Delta Faucet Company,HIGH,Current StockItem VendorDetails contains 1 vendor row(s); selected first active VendorID BA0000714.,,FOUND,READY
T666110-GL,Brizo Roccesco Sensori Volume Control Trim With Lever Handle - Luxe Gold,Brizo Roccesco Sensori Volume Control Trim With Lever Handle - Luxe Gold,PLUMBING,PLUMBING,PLUMB-LOT,SALT LAKE APPLIANCES=0; SALT LAKE PLUMBING=3,SKIP_QTY_ON_HAND,BA0000714 Delta Faucet Company,BA0000714,Delta Faucet Company,HIGH,Current StockItem VendorDetails contains 1 vendor row(s); selected first active VendorID BA0000714.,,FOUND,SKIP_QTY_ON_HAND
T66T0110-GLLHP,"Brizo Roccesco Sensori Thermostatic Valve Trim, Less Handle - Luxe Gold","Brizo Roccesco Sensori Thermostatic Valve Trim, Less Handle - Luxe Gold",PLUMBING,PLUMBING,PLUMB-LOT,SALT LAKE APPLIANCES=0; SALT LAKE PLUMBING=1,SKIP_QTY_ON_HAND,BA0000714 Delta Faucet Company,BA0000714,Delta Faucet Company,HIGH,Current StockItem VendorDetails contains 1 vendor row(s); selected first active VendorID BA0000714.,,FOUND,SKIP_QTY_ON_HAND
T70165-PGLHP,Beauclere Single Handle Freestanding Tub Filler Less Handle - Polished Gold,Beauclere Single Handle Freestanding Tub Filler Less Handle - Polished Gold,PLUMBING,PLUMBING,PLUMB-LOT,SALT LAKE PLUMBING=0,ELIGIBLE,,BA0000714,Delta Faucet Company,MEDIUM,brand-token BEAUCLERE suggests BA0000714 in 11/11 existing vendor-populated StockItems; manual review required.,,FOUND,VENDOR_REVIEW_REQUIRED
T70848-ULB,"Faircroft Wall Mount Union, Long - Unlacquered Brass","Faircroft Wall Mount Union, Long - Unlacquered Brass",PLUMBING,PLUMBING,PLUMB-LOT,SALT LAKE PLUMBING=0,ELIGIBLE,,,,NONE,No current VendorDetails row and no deterministic existing StockItem pattern met the audit threshold.,,FOUND,VENDOR_REVIEW_REQUIRED
T75565-PG,Beauclere Tempassure Thermostatic Valve With Integrated 3 Function Diverter Trim - Polished Gold,Beauclere Tempassure Thermostatic Valve With Integrated 3 Function Diverter Trim - Polished Gold,PLUMBING,PLUMBING,PLUMB-LOT,SALT LAKE PLUMBING=0,ELIGIBLE,BA0000714 Delta Faucet Company,BA0000714,Delta Faucet Company,HIGH,Current StockItem VendorDetails contains 1 vendor row(s); selected first active VendorID BA0000714.,,FOUND,READY
T75565-PN,Brizo Beauclere Tempassure Thermostatic Valve With Integrated 3 Function Diverter Trim - Polished Nickel,Brizo Beauclere Tempassure Thermostatic Valve With Integrated 3 Function Diverter Trim - Polished Nickel,PLUMBING,PLUMBING,PLUMB-LOT,SALT LAKE PLUMBING=0,ELIGIBLE,BA0000714 Delta Faucet Company,BA0000714,Delta Faucet Company,HIGH,Current StockItem VendorDetails contains 1 vendor row(s); selected first active VendorID BA0000714.,,FOUND,READY
TA305BN,Trova Classic Robe Hook - Brushed Nickel,Trova Classic Robe Hook - Brushed Nickel,PLUMBING,PLUMBING,PLUMB-LOT,BOISE WAREHOUSE=4,SKIP_QTY_ON_HAND,"BA0013051 Westover, Inc.",BA0013051,"Westover, Inc.",HIGH,Current StockItem VendorDetails contains 1 vendor row(s); selected first active VendorID BA0013051.,,FOUND,SKIP_QTY_ON_HAND
TA305SB,Trova Classic Robe Hook - Satin Brass,Trova Classic Robe Hook - Satin Brass,PLUMBING,PLUMBING,PLUMB-LOT,BOISE WAREHOUSE=0,ELIGIBLE,"BA0013051 Westover, Inc.",BA0013051,"Westover, Inc.",HIGH,Current StockItem VendorDetails contains 1 vendor row(s); selected first active VendorID BA0013051.,,FOUND,READY
TA315BN,Trova Classic Toilet Paper Holder - Brushed Nickel,Trova Classic Toilet Paper Holder - Brushed Nickel,PLUMBING,PLUMBING,PLUMB-LOT,BOISE WAREHOUSE=1,SKIP_QTY_ON_HAND,"BA0013051 Westover, Inc.",BA0013051,"Westover, Inc.",HIGH,Current StockItem VendorDetails contains 1 vendor row(s); selected first active VendorID BA0013051.,,FOUND,SKIP_QTY_ON_HAND
TA315SB,Trova Classic Toilet Paper Holder - Satin Brass,Trova Classic Toilet Paper Holder - Satin Brass,PLUMBING,PLUMBING,PLUMB-LOT,BOISE WAREHOUSE=0,ELIGIBLE,"BA0013051 Westover, Inc.",BA0013051,"Westover, Inc.",HIGH,Current StockItem VendorDetails contains 1 vendor row(s); selected first active VendorID BA0013051.,,FOUND,READY
TA345BN,Trova Classic Towel Ring - Brushed Nickel,Trova Classic Towel Ring - Brushed Nickel,PLUMBING,PLUMBING,PLUMB-LOT,BOISE WAREHOUSE=2,SKIP_QTY_ON_HAND,"BA0013051 Westover, Inc.",BA0013051,"Westover, Inc.",HIGH,Current StockItem VendorDetails contains 1 vendor row(s); selected first active VendorID BA0013051.,,FOUND,SKIP_QTY_ON_HAND
TA345SB,Trova Classic Towel Ring - Satin Brass,Trova Classic Towel Ring - Satin Brass,PLUMBING,PLUMBING,PLUMB-LOT,BOISE WAREHOUSE=0,ELIGIBLE,"BA0013051 Westover, Inc.",BA0013051,"Westover, Inc.",HIGH,Current StockItem VendorDetails contains 1 vendor row(s); selected first active VendorID BA0013051.,,FOUND,READY
TA605PN,Harmony Robe Hook - Polished Nickel,Harmony Robe Hook - Polished Nickel,PLUMBING,PLUMBING,PLUMB-LOT,BOISE WAREHOUSE=0,ELIGIBLE,,BA0013051,"Westover, Inc.",MEDIUM,brand-token HARMONY suggests BA0013051 in 10/10 existing vendor-populated StockItems; manual review required.,,FOUND,VENDOR_REVIEW_REQUIRED
TA605SB,Harmony Robe Hook - Satin Brass,Harmony Robe Hook - Satin Brass,PLUMBING,PLUMBING,PLUMB-LOT,BOISE WAREHOUSE=0,ELIGIBLE,,BA0013051,"Westover, Inc.",MEDIUM,brand-token HARMONY suggests BA0013051 in 10/10 existing vendor-populated StockItems; manual review required.,,FOUND,VENDOR_REVIEW_REQUIRED
TA615PN,Harmony Toilet Paper Holder - Polished Nickel,Harmony Toilet Paper Holder - Polished Nickel,PLUMBING,PLUMBING,PLUMB-LOT,BOISE WAREHOUSE=0,ELIGIBLE,,BA0013051,"Westover, Inc.",MEDIUM,brand-token HARMONY suggests BA0013051 in 10/10 existing vendor-populated StockItems; manual review required.,,FOUND,VENDOR_REVIEW_REQUIRED
TA615SB,Harmony Toilet Paper Holder - Satin Brass,Harmony Toilet Paper Holder - Satin Brass,PLUMBING,PLUMBING,PLUMB-LOT,BOISE WAREHOUSE=0,ELIGIBLE,,BA0013051,"Westover, Inc.",MEDIUM,brand-token HARMONY suggests BA0013051 in 10/10 existing vendor-populated StockItems; manual review required.,,FOUND,VENDOR_REVIEW_REQUIRED
TA645PN,Harmony Towel Ring - Polished Nickel,Harmony Towel Ring - Polished Nickel,PLUMBING,PLUMBING,PLUMB-LOT,BOISE WAREHOUSE=0,ELIGIBLE,,BA0013051,"Westover, Inc.",MEDIUM,brand-token HARMONY suggests BA0013051 in 10/10 existing vendor-populated StockItems; manual review required.,,FOUND,VENDOR_REVIEW_REQUIRED
TA645SB,Harmony Towel Ring - Satin Brass,Harmony Towel Ring - Satin Brass,PLUMBING,PLUMBING,PLUMB-LOT,BOISE WAREHOUSE=0,ELIGIBLE,,BA0013051,"Westover, Inc.",MEDIUM,brand-token HARMONY suggests BA0013051 in 10/10 existing vendor-populated StockItems; manual review required.,,FOUND,VENDOR_REVIEW_REQUIRED
TA6548SS,"48"" Tile Insert Frame Assembly for FXTIF 65 - Satin Stainless","48"" Tile Insert Frame Assembly for FXTIF 65 - Satin Stainless",PLUMBING,PLUMBING,PLUMB-LOT,SALT LAKE PLUMBING=0,ELIGIBLE,,,,NONE,No current VendorDetails row and no deterministic existing StockItem pattern met the audit threshold.,,FOUND,VENDOR_REVIEW_REQUIRED
TAA23BK,"Arca 1/2"" Thermostatic And Pressure Balance Trim With 3 Functions - Black","Arca 1/2"" Thermostatic And Pressure Balance Trim With 3 Functions - Black",PLUMBING,PLUMBING,PLUMB-LOT,(no WarehouseDetails rows),ELIGIBLE,,,,NONE,No current VendorDetails row and no deterministic existing StockItem pattern met the audit threshold.,,FOUND,VENDOR_REVIEW_REQUIRED
TAA51BN,"Arca 1/2"" Pressure Balance Trim - Brushed Nickel","Arca 1/2"" Pressure Balance Trim - Brushed Nickel",PLUMBING,PLUMBING,PLUMB-LOT,(no WarehouseDetails rows),ELIGIBLE,,,,NONE,No current VendorDetails row and no deterministic existing StockItem pattern met the audit threshold.,,FOUND,VENDOR_REVIEW_REQUIRED
TBD432.17,1-1/2 X 1-1/2 P-Trap Kit - Brushed Nickel,1-1/2 X 1-1/2 P-Trap Kit - Brushed Nickel,PLUMBING,PLUMBING,PLUMB-LOT,SALT LAKE PLUMBING=0,ELIGIBLE,BA0000754 Trim By Design,BA0000754,Trim By Design,HIGH,Current StockItem VendorDetails contains 1 vendor row(s); selected first active VendorID BA0000754.,,FOUND,READY
TBD471.17,1-1/2 O.D. X 12 Flanged Tailpiece - Brushed Nickel,1-1/2 O.D. X 12 Flanged Tailpiece - Brushed Nickel,PLUMBING,PLUMBING,PLUMB-LOT,SALT LAKE PLUMBING=0,ELIGIBLE,BA0000754 Trim By Design,BA0000754,Trim By Design,HIGH,Current StockItem VendorDetails contains 1 vendor row(s); selected first active VendorID BA0000754.,,FOUND,READY
TCL-11,"T-ROLL Build-In Trash Bin With Storage Compartment, Tileable - Stainless Steel","T-ROLL Build-In Trash Bin With Storage Compartment, Tileable - Stainless Steel",PLUMBING,PLUMBING,PLUMB-LOT,SALT LAKE PLUMBING=0,ELIGIBLE,,,,NONE,No current VendorDetails row and no deterministic existing StockItem pattern met the audit threshold.,,FOUND,VENDOR_REVIEW_REQUIRED
TCP44W1ILULB,"Campo 1/2"" Thermostatic And Pressure Balance Trim With 2 Functions - Unlacquered Brass","Campo 1/2"" Thermostatic And Pressure Balance Trim With 2 Functions - Unlacquered Brass",PLUMBING,PLUMBING,PLUMB-LOT,(no WarehouseDetails rows),ELIGIBLE,,,,NONE,No current VendorDetails row and no deterministic existing StockItem pattern met the audit threshold.,,FOUND,VENDOR_REVIEW_REQUIRED
TD52ASR,"5"" X 5"" Tile Drain Strainer With ABS Drain Body, 2"" Outlet - Satin Brass","5"" X 5"" Tile Drain Strainer With ABS Drain Body, 2"" Outlet - Satin Brass",PLUMBING,PLUMBING,PLUMB-LOT,BOISE WAREHOUSE=0,ELIGIBLE,BA0000731 Infinity Drain,BA0000731,Infinity Drain,HIGH,Current StockItem VendorDetails contains 1 vendor row(s); selected first active VendorID BA0000731.,,FOUND,READY
TD9049PP-MB,"Illusionary Overflow, Schedule 40 Abs Plumbers Pack With Tip Toe Bath Drain - Matte Black","Illusionary Overflow, Schedule 40 Abs Plumbers Pack With Tip Toe Bath Drain - Matte Black",PLUMBING,PLUMBING,PLUMB-LOT,BOISE WAREHOUSE=0,ELIGIBLE,,BA0011479,WESTBRASS,HIGH,prefix TD90 maps to BA0011479 in 13/13 existing vendor-populated StockItems.,,FOUND,READY
TD9050PP-MB,"Plumber'S Pack Bath Waste Assembly With Tip Toe Drain Plug, Illusionary Overflow Faceplate And Schedule 40 Pvc Elbows - Matte Black","Plumber'S Pack Bath Waste Assembly With Tip Toe Drain Plug, Illusionary Overflow Faceplate And Schedule 40 Pvc Elbows - Matte Black",PLUMBING,PLUMBING,PLUMB-LOT,BOISE WAREHOUSE=0,ELIGIBLE,,BA0011479,WESTBRASS,HIGH,prefix TD90 maps to BA0011479 in 13/13 existing vendor-populated StockItems.,,FOUND,READY
TD-FLT-RNDVI,"Contour Fluted Vessel, Round - Verde Indio Marble","Contour Fluted Vessel, Round - Verde Indio Marble",PLUMBING,PLUMBING,PLUMB-LOT,BOISE WAREHOUSE=0,ELIGIBLE,,,,NONE,No current VendorDetails row and no deterministic existing StockItem pattern met the audit threshold.,,FOUND,VENDOR_REVIEW_REQUIRED
TELV28-ARTN,"Tellaro Rectangular Wall Mounted Marble Lavatory Sink 28"" X 17"" X 11"" - Arabescato / Nickel","Tellaro Rectangular Wall Mounted Marble Lavatory Sink 28"" X 17"" X 11"" - Arabescato / Nickel",PLUMBING,PLUMBING,PLUMB-LOT,(no WarehouseDetails rows),ELIGIBLE,,,,NONE,No current VendorDetails row and no deterministic existing StockItem pattern met the audit threshold.,,FOUND,VENDOR_REVIEW_REQUIRED
TFWHBN,TempoFlex Steam Shower Control And Steamhead - White / Brushed Nickel,TempoFlex Steam Shower Control And Steamhead - White / Brushed Nickel,PLUMBING,PLUMBING,PLUMB-LOT,(no WarehouseDetails rows),ELIGIBLE,,BA0000753,Atmos Project LLC DBA Mr. Steam,HIGH,brand-token STEAM maps to BA0000753 in 27/27 existing vendor-populated StockItems.,,FOUND,READY
TFWHNB,TempoFlex Steam Shower Control and Steamhead - White / Nouveau Bronze,TempoFlex Steam Shower Control and Steamhead - White / Nouveau Bronze,PLUMBING,PLUMBING,PLUMB-LOT,SALT LAKE PLUMBING=0,ELIGIBLE,,BA0000753,Atmos Project LLC DBA Mr. Steam,HIGH,brand-token STEAM maps to BA0000753 in 27/27 existing vendor-populated StockItems.,,FOUND,READY
THU886#01-A,Glaston Trip Lever - Cotton,Glaston Trip Lever - Cotton,PLUMBING,PLUMBING,PLUMB-LOT,SALT LAKE PLUMBING=0,ELIGIBLE,,,,NONE,No current VendorDetails row and no deterministic existing StockItem pattern met the audit threshold.,,FOUND,VENDOR_REVIEW_REQUIRED
THU897#01-A,Aurora Trip Lever - Cotton,Aurora Trip Lever - Cotton,PLUMBING,PLUMBING,PLUMB-LOT,SALT LAKE APPLIANCES=0; SALT LAKE PLUMBING=0,ELIGIBLE,BA0022393 TOTO USA INC.,BA0022393,TOTO USA INC.,HIGH,Current StockItem VendorDetails contains 1 vendor row(s); selected first active VendorID BA0022393.,,FOUND,READY
TMB23W1LMULB,"Graceline 1/2"" Thermostatic And Pressure Balance Trim With 3 Functions - Unlacquered Brass","Graceline 1/2"" Thermostatic And Pressure Balance Trim With 3 Functions - Unlacquered Brass",PLUMBING,PLUMBING,PLUMB-LOT,SALT LAKE APPLIANCES=0; SALT LAKE PLUMBING=0,ELIGIBLE,,,,NONE,No current VendorDetails row and no deterministic existing StockItem pattern met the audit threshold.,,FOUND,VENDOR_REVIEW_REQUIRED
TMD06HF1LMSTN,Modelle Single Hole Floor Mount Tub Filler Trim - Satin Nickel,Modelle Single Hole Floor Mount Tub Filler Trim - Satin Nickel,PLUMBING,PLUMBING,PLUMB-LOT,SALT LAKE APPLIANCES=0; SALT LAKE PLUMBING=0,ELIGIBLE,,BA0000007,"Rohl, LLC",HIGH,prefix TMD maps to BA0000007 in 10/10 existing vendor-populated StockItems.,,FOUND,READY
TMD13W1LMSTN,"Modelle 3/4"" Thermostatic Trim Without Volume Control - Satin Nickel","Modelle 3/4"" Thermostatic Trim Without Volume Control - Satin Nickel",PLUMBING,PLUMBING,PLUMB-LOT,SALT LAKE APPLIANCES=0; SALT LAKE PLUMBING=0,ELIGIBLE,,BA0000007,"Rohl, LLC",HIGH,prefix TMD maps to BA0000007 in 10/10 existing vendor-populated StockItems.,,FOUND,READY
TMD18W1LMSTN,Modelle Trim For Volume Control And Diverter - Satin Nickel,Modelle Trim For Volume Control And Diverter - Satin Nickel,PLUMBING,PLUMBING,PLUMB-LOT,SALT LAKE APPLIANCES=0; SALT LAKE PLUMBING=0,ELIGIBLE,,BA0000007,"Rohl, LLC",HIGH,prefix TMD maps to BA0000007 in 10/10 existing vendor-populated StockItems.,,FOUND,READY
TMF03+PN,Manifesto Wall Mount Lavatory Faucet Trim - Polished Nickel,Manifesto Wall Mount Lavatory Faucet Trim - Polished Nickel,PLUMBING,PLUMBING,PLUMB-LOT,(no WarehouseDetails rows),ELIGIBLE,,,,NONE,No current VendorDetails row and no deterministic existing StockItem pattern met the audit threshold.,,FOUND,VENDOR_REVIEW_REQUIRED
TMF23PN,"Rohl Manifesto 1/2"" Thermostatic And Pressure Balance Trim With 3 Functions - Polished Nickel","Rohl Manifesto 1/2"" Thermostatic And Pressure Balance Trim With 3 Functions - Polished Nickel",PLUMBING,PLUMBING,PLUMB-LOT,SALT LAKE PLUMBING=0,ELIGIBLE,"BA0000007 Rohl, LLC",BA0000007,"Rohl, LLC",HIGH,Current StockItem VendorDetails contains 1 vendor row(s); selected default active VendorID BA0000007.,,FOUND,READY
TO36034-WH,West Brass Caspian Free Standing Acrylic Oval Tub - White,West Brass Caspian Free Standing Acrylic Oval Tub - White,PLUMBING,PLUMBING,PLUMB-LOT,BOISE WAREHOUSE=2,SKIP_QTY_ON_HAND,BA0011479 WESTBRASS,BA0011479,WESTBRASS,HIGH,Current StockItem VendorDetails contains 1 vendor row(s); selected first active VendorID BA0011479.,,FOUND,SKIP_QTY_ON_HAND
TO36636ND-WH,Caspian Free Standing Acrylic Oval Tub - White,Caspian Free Standing Acrylic Oval Tub - White,PLUMBING,PLUMBING,PLUMB-LOT,BOISE WAREHOUSE=0,ELIGIBLE,,BA0011479,WESTBRASS,HIGH,prefix TO36 maps to BA0011479 in 3/3 existing vendor-populated StockItems.,,FOUND,READY
TO36636-WH,Caspian Free Standing Acrylic Oval Tub - White,Caspian Free Standing Acrylic Oval Tub - White,PLUMBING,PLUMBING,PLUMB-LOT,BOISE WAREHOUSE=0,ELIGIBLE,,BA0011479,WESTBRASS,HIGH,prefix TO36 maps to BA0011479 in 3/3 existing vendor-populated StockItems.,,FOUND,READY
TO-52-W-BTB,D Street Wall or Deck Handle Trim Only - Bella Terra Bronze,D Street Wall or Deck Handle Trim Only - Bella Terra Bronze,PLUMBING,PLUMBING,PLUMB-LOT,(no WarehouseDetails rows),ELIGIBLE,,,,NONE,No current VendorDetails row and no deterministic existing StockItem pattern met the audit threshold.,,FOUND,VENDOR_REVIEW_REQUIRED
TO-PB2L-30K-PN,Descanso Dual Pressure Balance Trim Only - Polished Nickel,Descanso Dual Pressure Balance Trim Only - Polished Nickel,PLUMBING,PLUMBING,PLUMB-LOT,SALT LAKE PLUMBING=0,ELIGIBLE,BA0000006 California Faucets,BA0000006,California Faucets,HIGH,Current StockItem VendorDetails contains 1 vendor row(s); selected first active VendorID BA0000006.,,FOUND,READY
TO-PB2L-E3-ANF,Bel Canto Dual Pressure Balance Trim Only - Antique Nickel Flat,Bel Canto Dual Pressure Balance Trim Only - Antique Nickel Flat,PLUMBING,PLUMBING,PLUMB-LOT,SALT LAKE PLUMBING=0,ELIGIBLE,,,,NONE,No current VendorDetails row and no deterministic existing StockItem pattern met the audit threshold.,,FOUND,VENDOR_REVIEW_REQUIRED
TO-PBL-30T-ABF,Descanso Pressure Balance Trim Only - Antique Brass Flat,Descanso Pressure Balance Trim Only - Antique Brass Flat,PLUMBING,PLUMBING,PLUMB-LOT,(no WarehouseDetails rows),ELIGIBLE,,BA0000006,California Faucets,MEDIUM,brand-token DESCANSO suggests BA0000006 in 17/17 existing vendor-populated StockItems; manual review required.,,FOUND,VENDOR_REVIEW_REQUIRED
TO-PBL-37-ANF,San Elijo Pressure Balance Trim Only - Antique Nickel Flat,San Elijo Pressure Balance Trim Only - Antique Nickel Flat,PLUMBING,PLUMBING,PLUMB-LOT,SALT LAKE PLUMBING=0,ELIGIBLE,,BA0000006,California Faucets,MEDIUM,brand-token ELIJO suggests BA0000006 in 19/19 existing vendor-populated StockItems; manual review required.,,FOUND,VENDOR_REVIEW_REQUIRED
TO-PBL-41-GRP,Cayucos Pressure Balance Trim Only - Graphite,Cayucos Pressure Balance Trim Only - Graphite,PLUMBING,PLUMBING,PLUMB-LOT,SALT LAKE APPLIANCES=0,ELIGIBLE,,BA0000006,California Faucets,MEDIUM,brand-token CAYUCOS suggests BA0000006 in 6/6 existing vendor-populated StockItems; manual review required.,,FOUND,VENDOR_REVIEW_REQUIRED
TO-PBL-41-SBZ,Cayucos Pressure Balance Trim Only - Satin Bronze,Cayucos Pressure Balance Trim Only - Satin Bronze,PLUMBING,PLUMBING,PLUMB-LOT,SALT LAKE APPLIANCES=0,ELIGIBLE,,BA0000006,California Faucets,MEDIUM,brand-token CAYUCOS suggests BA0000006 in 6/6 existing vendor-populated StockItems; manual review required.,,FOUND,VENDOR_REVIEW_REQUIRED
TO-PBL-53-ANF,D Street Pressure Balance Trim Only - Antique Nickel Flat,D Street Pressure Balance Trim Only - Antique Nickel Flat,PLUMBING,PLUMBING,PLUMB-LOT,SALT LAKE PLUMBING=0,ELIGIBLE,,,,NONE,No current VendorDetails row and no deterministic existing StockItem pattern met the audit threshold.,,FOUND,VENDOR_REVIEW_REQUIRED
TO-TH1L-41-ANF,California Faucets Cayucos StyleTherm Trim Only with Single Volume Control - Antique Nickel Flat,California Faucets Cayucos StyleTherm Trim Only with Single Volume Control - Antique Nickel Flat,PLUMBING,PLUMBING,PLUMB-LOT,BOISE WAREHOUSE=0,ELIGIBLE,BA0000006 California Faucets,BA0000006,California Faucets,HIGH,Current StockItem VendorDetails contains 1 vendor row(s); selected first active VendorID BA0000006.,,FOUND,READY
TO-TH2L-39H-BBU,Jalama StyleTherm Trim Only with Dual Volume Control - Burnished Brass,Jalama StyleTherm Trim Only with Dual Volume Control - Burnished Brass,PLUMBING,PLUMBING,PLUMB-LOT,(no WarehouseDetails rows),ELIGIBLE,,BA0000006,California Faucets,MEDIUM,brand-token JALAMA suggests BA0000006 in 5/5 existing vendor-populated StockItems; manual review required.,,FOUND,VENDOR_REVIEW_REQUIRED
TO-TH2L-39H-GRP,Jalama StyleTherm Trim Only with Dual Volume Control - Graphite,Jalama StyleTherm Trim Only with Dual Volume Control - Graphite,PLUMBING,PLUMBING,PLUMB-LOT,SALT LAKE PLUMBING=0,ELIGIBLE,,BA0000006,California Faucets,MEDIUM,brand-token JALAMA suggests BA0000006 in 5/5 existing vendor-populated StockItems; manual review required.,,FOUND,VENDOR_REVIEW_REQUIRED
TO-TH2L-52K-CB,D Street StyleTherm Trim Only with Dual Volume Control - Carbon,D Street StyleTherm Trim Only with Dual Volume Control - Carbon,PLUMBING,PLUMBING,PLUMB-LOT,SALT LAKE PLUMBING=0,ELIGIBLE,,BA0000006,California Faucets,MEDIUM,brand-token STYLETHERM suggests BA0000006 in 5/5 existing vendor-populated StockItems; manual review required.,,FOUND,VENDOR_REVIEW_REQUIRED
TO-TH2L-53K-ANF,D Street StyleTherm Trim Only with Dual Volume Control - Antique Nickel Flat,D Street StyleTherm Trim Only with Dual Volume Control - Antique Nickel Flat,PLUMBING,PLUMBING,PLUMB-LOT,(no WarehouseDetails rows),ELIGIBLE,,BA0000006,California Faucets,MEDIUM,brand-token STYLETHERM suggests BA0000006 in 5/5 existing vendor-populated StockItems; manual review required.,,FOUND,VENDOR_REVIEW_REQUIRED
TO-TH2L-80-SBZ,Descanso Works StyleTherm Trim Only with Dual Volume Control - Satin Bronze,Descanso Works StyleTherm Trim Only with Dual Volume Control - Satin Bronze,PLUMBING,PLUMBING,PLUMB-LOT,SALT LAKE PLUMBING=0,ELIGIBLE,,BA0000006,California Faucets,MEDIUM,brand-token DESCANSO suggests BA0000006 in 17/17 existing vendor-populated StockItems; manual review required.,,FOUND,VENDOR_REVIEW_REQUIRED
TO-TH2L-80WR-SN,Descanso Works StyleTherm Trim Only with Dual Volume Control - Satin Nickel,Descanso Works StyleTherm Trim Only with Dual Volume Control - Satin Nickel,PLUMBING,PLUMBING,PLUMB-LOT,(no WarehouseDetails rows),ELIGIBLE,,BA0000006,California Faucets,MEDIUM,brand-token DESCANSO suggests BA0000006 in 17/17 existing vendor-populated StockItems; manual review required.,,FOUND,VENDOR_REVIEW_REQUIRED
TO-THC1L-40X-SBZ,California Faucets Cayucos StyleTherm Trim Only with Single Volume Control - Satin Bronze,California Faucets Cayucos StyleTherm Trim Only with Single Volume Control - Satin Bronze,PLUMBING,PLUMBING,PLUMB-LOT,SALT LAKE PLUMBING=0,ELIGIBLE,BA0000006 California Faucets,BA0000006,California Faucets,HIGH,Current StockItem VendorDetails contains 1 vendor row(s); selected first active VendorID BA0000006.,,FOUND,READY
TO-THC1L-52-ANF,D Street StyleTherm Trim Only with Single Volume Control - Antique Nickel Flat,D Street StyleTherm Trim Only with Single Volume Control - Antique Nickel Flat,PLUMBING,PLUMBING,PLUMB-LOT,(no WarehouseDetails rows),ELIGIBLE,,BA0000006,California Faucets,MEDIUM,brand-token STYLETHERM suggests BA0000006 in 5/5 existing vendor-populated StockItems; manual review required.,,FOUND,VENDOR_REVIEW_REQUIRED
TO-THC2L-52-ANF,D Street StyleTherm Trim Only with Dual Volume Control - Antique Nickel Flat,D Street StyleTherm Trim Only with Dual Volume Control - Antique Nickel Flat,PLUMBING,PLUMBING,PLUMB-LOT,(no WarehouseDetails rows),ELIGIBLE,,BA0000006,California Faucets,MEDIUM,brand-token STYLETHERM suggests BA0000006 in 5/5 existing vendor-populated StockItems; manual review required.,,FOUND,VENDOR_REVIEW_REQUIRED
TO-THO1L-C2-SB,Doheny StyleTherm Trim Only with Single Volume Control - Satin Brass,Doheny StyleTherm Trim Only with Single Volume Control - Satin Brass,PLUMBING,PLUMBING,PLUMB-LOT,BOISE WAREHOUSE=0,ELIGIBLE,BA0000006 California Faucets,BA0000006,California Faucets,HIGH,Current StockItem VendorDetails contains 1 vendor row(s); selected first active VendorID BA0000006.,,FOUND,READY
TO-THO2L-C2-SB,California Faucets Doheny StyleTherm Trim Only with Dual Volume Control - Satin Brass,California Faucets Doheny StyleTherm Trim Only with Dual Volume Control - Satin Brass,PLUMBING,PLUMBING,PLUMB-LOT,BOISE WAREHOUSE=0,ELIGIBLE,BA0000006 California Faucets,BA0000006,California Faucets,HIGH,Current StockItem VendorDetails contains 1 vendor row(s); selected first active VendorID BA0000006.,,FOUND,READY
TO-V3902H-9-GRP,Jalama Two Handle Lavatory Wall Faucet Trim Only - Graphite,Jalama Two Handle Lavatory Wall Faucet Trim Only - Graphite,PLUMBING,PLUMBING,PLUMB-LOT,SALT LAKE PLUMBING=0,ELIGIBLE,,BA0000006,California Faucets,MEDIUM,brand-token JALAMA suggests BA0000006 in 5/5 existing vendor-populated StockItems; manual review required.,,FOUND,VENDOR_REVIEW_REQUIRED
TO-V4102-7-ANF,California Faucets Cayucos Two Handle Lavatory Wall Faucet Trim Only - Antique Nickel Flat,California Faucets Cayucos Two Handle Lavatory Wall Faucet Trim Only - Antique Nickel Flat,PLUMBING,PLUMBING,PLUMB-LOT,BOISE WAREHOUSE=0,ELIGIBLE,BA0000006 California Faucets,BA0000006,California Faucets,HIGH,Current StockItem VendorDetails contains 1 vendor row(s); selected first active VendorID BA0000006.,,FOUND,READY
TO-V5201-7-SBZ,D Street Single Handle Lavatory Wall Faucet Trim Only - Satin Bronze,D Street Single Handle Lavatory Wall Faucet Trim Only - Satin Bronze,PLUMBING,PLUMBING,PLUMB-LOT,SALT LAKE APPLIANCES=0,ELIGIBLE,,,,NONE,No current VendorDetails row and no deterministic existing StockItem pattern met the audit threshold.,,FOUND,VENDOR_REVIEW_REQUIRED
TO-V5202-9-ANF,D Street Two Handle Lavatory Wall Faucet Trim Only - Antique Nickel Flat,D Street Two Handle Lavatory Wall Faucet Trim Only - Antique Nickel Flat,PLUMBING,PLUMBING,PLUMB-LOT,SALT LAKE PLUMBING=0,ELIGIBLE,,,,NONE,No current VendorDetails row and no deterministic existing StockItem pattern met the audit threshold.,,FOUND,VENDOR_REVIEW_REQUIRED
TO-V5302-9-ANF,D Street Two Handle Lavatory Wall Faucet Trim Only - Antique Nickel Flat,D Street Two Handle Lavatory Wall Faucet Trim Only - Antique Nickel Flat,PLUMBING,PLUMBING,PLUMB-LOT,SALT LAKE PLUMBING=0,ELIGIBLE,,,,NONE,No current VendorDetails row and no deterministic existing StockItem pattern met the audit threshold.,,FOUND,VENDOR_REVIEW_REQUIRED
TO-V5302K-9-ANF,D Street Two Handle Lavatory Wall Faucet Trim Only - Antique Nickel Flat,D Street Two Handle Lavatory Wall Faucet Trim Only - Antique Nickel Flat,PLUMBING,PLUMBING,PLUMB-LOT,(no WarehouseDetails rows),ELIGIBLE,,,,NONE,No current VendorDetails row and no deterministic existing StockItem pattern met the audit threshold.,,FOUND,VENDOR_REVIEW_REQUIRED
TO-VC102-9-ORB,Trousdale Two Handle Lavatory Wall Faucet Trim Only - Oil Rubbed Bronze,Trousdale Two Handle Lavatory Wall Faucet Trim Only - Oil Rubbed Bronze,PLUMBING,PLUMBING,PLUMB-LOT,SALT LAKE PLUMBING=0,ELIGIBLE,BA0000006 California Faucets,BA0000006,California Faucets,HIGH,Current StockItem VendorDetails contains 1 vendor row(s); selected first active VendorID BA0000006.,,FOUND,READY
TS083BK,Trova Round Thermostatic Shower Trim Kit with Hand Held Shower and Tub Filler - Matte Black,Trova Round Thermostatic Shower Trim Kit with Hand Held Shower and Tub Filler - Matte Black,PLUMBING,PLUMBING,PLUMB-LOT,BOISE WAREHOUSE=0,ELIGIBLE,,BA0013051,"Westover, Inc.",MEDIUM,brand-token TROVA suggests BA0013051 in 12/12 existing vendor-populated StockItems; manual review required.,,FOUND,VENDOR_REVIEW_REQUIRED
TS181BN,Trova Classic Pressure Balance Shower Trim Kit - Brushed Nickel,Trova Classic Pressure Balance Shower Trim Kit - Brushed Nickel,PLUMBING,PLUMBING,PLUMB-LOT,BOISE WAREHOUSE=1,SKIP_QTY_ON_HAND,"BA0013051 Westover, Inc.",BA0013051,"Westover, Inc.",HIGH,Current StockItem VendorDetails contains 1 vendor row(s); selected first active VendorID BA0013051.,,FOUND,SKIP_QTY_ON_HAND
TS254SB,Round 2 Way Pressure Balance Shower Trim Kit with Rain Shower Head and Hand Held Shower on Slide Bar with Separate Water Outlet - Satin Brass,Round 2 Way Pressure Balance Shower Trim Kit with Rain Shower Head and Hand Held Shower on Slide Bar with Separate Water Outlet - Satin Brass,PLUMBING,PLUMBING,PLUMB-LOT,BOISE WAREHOUSE=1,SKIP_QTY_ON_HAND,"BA0013051 Westover, Inc.",BA0013051,"Westover, Inc.",HIGH,Current StockItem VendorDetails contains 1 vendor row(s); selected first active VendorID BA0013051.,,FOUND,SKIP_QTY_ON_HAND
TS255SB,Round 2 Way Pressure Balance Shower Trim Kit with Rain Shower Head and Hand Held Shower - Satin Brass,Round 2 Way Pressure Balance Shower Trim Kit with Rain Shower Head and Hand Held Shower - Satin Brass,PLUMBING,PLUMBING,PLUMB-LOT,BOISE WAREHOUSE=0,ELIGIBLE,,,,NONE,No current VendorDetails row and no deterministic existing StockItem pattern met the audit threshold.,,FOUND,VENDOR_REVIEW_REQUIRED
TS256SB,Round 2 Way Pressure Balance Shower Trim Kit With Rain Shower Head And Tub Filler - Satin Brass,Round 2 Way Pressure Balance Shower Trim Kit With Rain Shower Head And Tub Filler - Satin Brass,PLUMBING,PLUMBING,PLUMB-LOT,BOISE WAREHOUSE=0,ELIGIBLE,,,,NONE,No current VendorDetails row and no deterministic existing StockItem pattern met the audit threshold.,,FOUND,VENDOR_REVIEW_REQUIRED
TS296PN,Harmony 2 Way Pressure Balance Shower Trim Kit With Tub Filler - Polished Nickel,Harmony 2 Way Pressure Balance Shower Trim Kit With Tub Filler - Polished Nickel,PLUMBING,PLUMBING,PLUMB-LOT,BOISE WAREHOUSE=0,ELIGIBLE,,BA0013051,"Westover, Inc.",MEDIUM,brand-token HARMONY suggests BA0013051 in 10/10 existing vendor-populated StockItems; manual review required.,,FOUND,VENDOR_REVIEW_REQUIRED
TS-C2-SB,California Faucets Tub Spout - Satin Brass,California Faucets Tub Spout - Satin Brass,PLUMBING,PLUMBING,PLUMB-LOT,BOISE WAREHOUSE=0,ELIGIBLE,BA0000006 California Faucets,BA0000006,California Faucets,HIGH,Current StockItem VendorDetails contains 1 vendor row(s); selected first active VendorID BA0000006.,,FOUND,READY
TSR5BK,"5"" X 5"" Flanged Tile Drain Strainer With Factory Applied Schluter® Kerdi Membrane For 3/4"" Tile With 2"" Throat - Matte Black","5"" X 5"" Flanged Tile Drain Strainer With Factory Applied Schluter® Kerdi Membrane For 3/4"" Tile With 2"" Throat - Matte Black",PLUMBING,PLUMBING,PLUMB-LOT,SALT LAKE PLUMBING=0,ELIGIBLE,,,,NONE,No current VendorDetails row and no deterministic existing StockItem pattern met the audit threshold.,,FOUND,VENDOR_REVIEW_REQUIRED
TSR5SB,"5"" X 5"" Flanged Tile Drain Strainer With Factory Applied Schluter® Kerdi Membrane For 3/4"" Tile With 2"" Throat - Satin Bronze","5"" X 5"" Flanged Tile Drain Strainer With Factory Applied Schluter® Kerdi Membrane For 3/4"" Tile With 2"" Throat - Satin Bronze",PLUMBING,PLUMBING,PLUMB-LOT,SALT LAKE PLUMBING=0,ELIGIBLE,,,,NONE,No current VendorDetails row and no deterministic existing StockItem pattern met the audit threshold.,,FOUND,VENDOR_REVIEW_REQUIRED
TUB04-G,Ovale Free Standing Soaking Bathtub Made Of White Solid Surface With An Overflow And Polished Chrome Drain W 70 7/8Â€D 32 1/4Â€ H 20 1/4Â€ - Gloss White,Ovale Free Standing Soaking Bathtub Made Of White Solid Surface With An Overflow And Polished Chrome Drain W 70 7/8Â€D 32 1/4Â€ H 20 1/4Â€ - Gloss White,PLUMBING,PLUMBING,PLUMB-LOT,(no WarehouseDetails rows),ELIGIBLE,,BA0000736,Lacava LLC,MEDIUM,brand-token SOAKING suggests BA0000736 in 5/5 existing vendor-populated StockItems; manual review required.,,FOUND,VENDOR_REVIEW_REQUIRED
TUB22-M,Brio Free Standing Soaking Bathtub With Fluted Detailing Made Of White Solid Surface With Overflow - Matte White,Brio Free Standing Soaking Bathtub With Fluted Detailing Made Of White Solid Surface With Overflow - Matte White,PLUMBING,PLUMBING,PLUMB-LOT,BOISE WAREHOUSE=0,ELIGIBLE,,BA0000736,Lacava LLC,MEDIUM,brand-token SOAKING suggests BA0000736 in 5/5 existing vendor-populated StockItems; manual review required.,,FOUND,VENDOR_REVIEW_REQUIRED
TUBINSULATION,Tub Insulation For Acrylic Tubs,Tub Insulation For Acrylic Tubs,PLUMBING,PLUMBING,PLUMB-LOT,BOISE WAREHOUSE=0,ELIGIBLE,,,,NONE,No current VendorDetails row and no deterministic existing StockItem pattern met the audit threshold.,,FOUND,VENDOR_REVIEW_REQUIRED
TUS-0920600-BN,Tucson Towel Warmer - Brushed Nickel,Tucson Towel Warmer - Brushed Nickel,PLUMBING,PLUMBING,PLUMB-LOT,SALT LAKE APPLIANCES=0; SALT LAKE PLUMBING=0,ELIGIBLE,,,,NONE,No current VendorDetails row and no deterministic existing StockItem pattern met the audit threshold.,,FOUND,VENDOR_REVIEW_REQUIRED
U.0226BS1ULB,Rohl Single Function Body Spray - Unlacquered Brass,Rohl Single Function Body Spray - Unlacquered Brass,PLUMBING,PLUMBING,PLUMB-LOT,SALT LAKE PLUMBING=0,ELIGIBLE,"BA0000007 Rohl, LLC",BA0000007,"Rohl, LLC",HIGH,Current StockItem VendorDetails contains 1 vendor row(s); selected first active VendorID BA0000007.,,FOUND,READY
U.AR08D3IWULB,Rohl Armstrong Widespread Lavatory Faucet With C-Spout - Unlacquered Brass,Rohl Armstrong Widespread Lavatory Faucet With C-Spout - Unlacquered Brass,PLUMBING,PLUMBING,PLUMB-LOT,SALT LAKE PLUMBING=0,ELIGIBLE,"BA0000007 Rohl, LLC",BA0000007,"Rohl, LLC",HIGH,Current StockItem VendorDetails contains 1 vendor row(s); selected first active VendorID BA0000007.,,FOUND,READY
U.AR08LD3HTULB,Rohl Armstrong Widespread Lavatory Faucet With Low Spout - Unlacquered Brass,Rohl Armstrong Widespread Lavatory Faucet With Low Spout - Unlacquered Brass,PLUMBING,PLUMBING,PLUMB-LOT,SALT LAKE PLUMBING=0,ELIGIBLE,"BA0000007 Rohl, LLC",BA0000007,"Rohl, LLC",HIGH,Current StockItem VendorDetails contains 1 vendor row(s); selected first active VendorID BA0000007.,,FOUND,READY
U.SB53D1LMEB,Southbank Pull Down Touchless Kitchen Faucet - English Bronze,Southbank Pull Down Touchless Kitchen Faucet - English Bronze,PLUMBING,PLUMBING,PLUMB-LOT,SALT LAKE PLUMBING=0,ELIGIBLE,,,,NONE,No current VendorDetails row and no deterministic existing StockItem pattern met the audit threshold.,,FOUND,VENDOR_REVIEW_REQUIRED
U.SB58D3LMEB,Southbank Pull Down Bridge Kitchen Faucet - English Bronze,Southbank Pull Down Bridge Kitchen Faucet - English Bronze,PLUMBING,PLUMBING,PLUMB-LOT,SALT LAKE PLUMBING=0,ELIGIBLE,,,,NONE,No current VendorDetails row and no deterministic existing StockItem pattern met the audit threshold.,,FOUND,VENDOR_REVIEW_REQUIRED
U.SB72D1LMEB,Southbank Hot Water and Kitchen Filter Faucet - English Bronze,Southbank Hot Water and Kitchen Filter Faucet - English Bronze,PLUMBING,PLUMBING,PLUMB-LOT,SALT LAKE PLUMBING=0,ELIGIBLE,,,,NONE,No current VendorDetails row and no deterministic existing StockItem pattern met the audit threshold.,,FOUND,VENDOR_REVIEW_REQUIRED
U.TAR08W3HTPN,Rohl Armstrong Wall Mount Lavatory Faucet Trim - Polished Nickel,Rohl Armstrong Wall Mount Lavatory Faucet Trim - Polished Nickel,PLUMBING,PLUMBING,PLUMB-LOT,SALT LAKE PLUMBING=0,ELIGIBLE,"BA0000007 Rohl, LLC",BA0000007,"Rohl, LLC",HIGH,Current StockItem VendorDetails contains 1 vendor row(s); selected first active VendorID BA0000007.,,FOUND,READY
U.TAR44W1ULB,"Rohl Armstrong 1/2"" Thermastatic And Pressure Balance Trim With 2 Functions Plate - Unlacquered Brass","Rohl Armstrong 1/2"" Thermastatic And Pressure Balance Trim With 2 Functions Plate - Unlacquered Brass",PLUMBING,PLUMBING,PLUMB-LOT,SALT LAKE PLUMBING=0,ELIGIBLE,"BA0000007 Rohl, LLC",BA0000007,"Rohl, LLC",HIGH,Current StockItem VendorDetails contains 1 vendor row(s); selected first active VendorID BA0000007.,,FOUND,READY
UCCL06-N,"Classic 6"" Ceiling Mounted Shower Arm With Low Profile Flange - Nickel","Classic 6"" Ceiling Mounted Shower Arm With Low Profile Flange - Nickel",PLUMBING,PLUMBING,PLUMB-LOT,SALT LAKE PLUMBING=0,ELIGIBLE,,,,NONE,No current VendorDetails row and no deterministic existing StockItem pattern met the audit threshold.,,FOUND,VENDOR_REVIEW_REQUIRED
UCWL08-B,"Classic 8"" Wall Mounted 45 Degree Shower Arm With Low Profile Flange - Brass","Classic 8"" Wall Mounted 45 Degree Shower Arm With Low Profile Flange - Brass",PLUMBING,PLUMBING,PLUMB-LOT,SALT LAKE PLUMBING=0,ELIGIBLE,,,,NONE,No current VendorDetails row and no deterministic existing StockItem pattern met the audit threshold.,,FOUND,VENDOR_REVIEW_REQUIRED
UCWL08-N,"Classic 8"" Wall Mounted 45 Degree Shower Arm With Low Profile Flange - Nickel","Classic 8"" Wall Mounted 45 Degree Shower Arm With Low Profile Flange - Nickel",PLUMBING,PLUMBING,PLUMB-LOT,SALT LAKE PLUMBING=0,ELIGIBLE,,,,NONE,No current VendorDetails row and no deterministic existing StockItem pattern met the audit threshold.,,FOUND,VENDOR_REVIEW_REQUIRED
UMWL08-N,"Modern 8"" Wall Mounted 45 Degree Shower Arm With Flange - Nickel","Modern 8"" Wall Mounted 45 Degree Shower Arm With Flange - Nickel",PLUMBING,PLUMBING,PLUMB-LOT,SALT LAKE PLUMBING=0,ELIGIBLE,,,,NONE,No current VendorDetails row and no deterministic existing StockItem pattern met the audit threshold.,,FOUND,VENDOR_REVIEW_REQUIRED
UNAS02-DN,Air Switch - Dark Nickel,Air Switch - Dark Nickel,PLUMBING,PLUMBING,PLUMB-LOT,(no WarehouseDetails rows),ELIGIBLE,,,,NONE,No current VendorDetails row and no deterministic existing StockItem pattern met the audit threshold.,,FOUND,VENDOR_REVIEW_REQUIRED
UNAS02-MN,Air Switch - Matte Nickel,Air Switch - Matte Nickel,PLUMBING,PLUMBING,PLUMB-LOT,SALT LAKE PLUMBING=0,ELIGIBLE,,,,NONE,No current VendorDetails row and no deterministic existing StockItem pattern met the audit threshold.,,FOUND,VENDOR_REVIEW_REQUIRED
UNBS76-25N,Spray Bar - Nickel,Spray Bar - Nickel,PLUMBING,PLUMBING,PLUMB-LOT,SALT LAKE PLUMBING=0,ELIGIBLE,,,,NONE,No current VendorDetails row and no deterministic existing StockItem pattern met the audit threshold.,,FOUND,VENDOR_REVIEW_REQUIRED
UNKS15-AC,"Bar Sink Strainer 2"" - Antique Copper","Bar Sink Strainer 2"" - Antique Copper",PLUMBING,PLUMBING,PLUMB-LOT,(no WarehouseDetails rows),ELIGIBLE,,BA0000008,"Waterworks Operating Co., LLC",HIGH,prefix UNKS maps to BA0000008 in 3/3 existing vendor-populated StockItems.,,FOUND,READY
UNKS15-B,"Bar Sink Strainer 2"" - Brass","Bar Sink Strainer 2"" - Brass",PLUMBING,PLUMBING,PLUMB-LOT,SALT LAKE PLUMBING=0,ELIGIBLE,,BA0000008,"Waterworks Operating Co., LLC",HIGH,prefix UNKS maps to BA0000008 in 3/3 existing vendor-populated StockItems.,,FOUND,READY
UNKS15-N,"Bar Sink Strainer 2"" - Nickel","Bar Sink Strainer 2"" - Nickel",PLUMBING,PLUMBING,PLUMB-LOT,SALT LAKE PLUMBING=0,ELIGIBLE,,BA0000008,"Waterworks Operating Co., LLC",HIGH,prefix UNKS maps to BA0000008 in 3/3 existing vendor-populated StockItems.,,FOUND,READY
UNKS15-VTB,"Bar Sink Strainer 2"" - Vintage Brass","Bar Sink Strainer 2"" - Vintage Brass",PLUMBING,PLUMBING,PLUMB-LOT,(no WarehouseDetails rows),ELIGIBLE,,BA0000008,"Waterworks Operating Co., LLC",HIGH,prefix UNKS maps to BA0000008 in 3/3 existing vendor-populated StockItems.,,FOUND,READY
UNLV22-BWHI,"Drop In Or Undermount Rect Curved Bottom Vitreous Lav Sink 22 1/4"" X 16 3/8"" X 7 1/2"" Single Glazed - Bright White","Drop In Or Undermount Rect Curved Bottom Vitreous Lav Sink 22 1/4"" X 16 3/8"" X 7 1/2"" Single Glazed - Bright White",PLUMBING,PLUMBING,PLUMB-LOT,SALT LAKE PLUMBING=0,ELIGIBLE,,,,NONE,No current VendorDetails row and no deterministic existing StockItem pattern met the audit threshold.,,FOUND,VENDOR_REVIEW_REQUIRED
UNPF01-MN,Wall Mounted Articulated Pot Filler Lever Handle - Matte Nickel,Wall Mounted Articulated Pot Filler Lever Handle - Matte Nickel,PLUMBING,PLUMBING,PLUMB-LOT,SALT LAKE PLUMBING=0,ELIGIBLE,,,,NONE,No current VendorDetails row and no deterministic existing StockItem pattern met the audit threshold.,,FOUND,VENDOR_REVIEW_REQUIRED
UNUN20-N,"Waterworks Pair Of 3"" Wall Unions Without Escutcheons - Nickel","Waterworks Pair Of 3"" Wall Unions Without Escutcheons - Nickel",PLUMBING,PLUMBING,PLUMB-LOT,SALT LAKE PLUMBING=0,ELIGIBLE,"BA0000008 Waterworks Operating Co., LLC",BA0000008,"Waterworks Operating Co., LLC",HIGH,Current StockItem VendorDetails contains 1 vendor row(s); selected first active VendorID BA0000008.,,FOUND,READY
UNUN40-N,"Waterworks Pair Of 5 1/2"" Deck Unions Without Escutcheons - Nickel","Waterworks Pair Of 5 1/2"" Deck Unions Without Escutcheons - Nickel",PLUMBING,PLUMBING,PLUMB-LOT,SALT LAKE PLUMBING=0,ELIGIBLE,"BA0000008 Waterworks Operating Co., LLC",BA0000008,"Waterworks Operating Co., LLC",HIGH,Current StockItem VendorDetails contains 1 vendor row(s); selected first active VendorID BA0000008.,,FOUND,READY
UNWD10-10B,Traditional One Hole Water Dispenser Instant Hot And Filtered Cold With Lever Handle - Brass,Traditional One Hole Water Dispenser Instant Hot And Filtered Cold With Lever Handle - Brass,PLUMBING,PLUMBING,PLUMB-LOT,SALT LAKE PLUMBING=0,ELIGIBLE,,BA0000008,"Waterworks Operating Co., LLC",HIGH,prefix UNWD maps to BA0000008 in 9/9 existing vendor-populated StockItems.,,FOUND,READY
UNWD30-10MN,Industrial One Hole Water Dispenser Instant Hot And Filtered Cold With Lever Handle - Matte Nickel,Industrial One Hole Water Dispenser Instant Hot And Filtered Cold With Lever Handle - Matte Nickel,PLUMBING,PLUMBING,PLUMB-LOT,SALT LAKE PLUMBING=0,ELIGIBLE,,BA0000008,"Waterworks Operating Co., LLC",HIGH,prefix UNWD maps to BA0000008 in 9/9 existing vendor-populated StockItems.,,FOUND,READY
UNWD32-10N,Waterworks Industrial One Hole Filtered Cold Water Dispenser With Lever Handle - Nickel,Waterworks Industrial One Hole Filtered Cold Water Dispenser With Lever Handle - Nickel,PLUMBING,PLUMBING,PLUMB-LOT,SALT LAKE PLUMBING=1,SKIP_QTY_ON_HAND,"BA0000008 Waterworks Operating Co., LLC",BA0000008,"Waterworks Operating Co., LLC",HIGH,Current StockItem VendorDetails contains 1 vendor row(s); selected first active VendorID BA0000008.,,FOUND,SKIP_QTY_ON_HAND
UNWO10-B,Drain Plug Waste And Overflow Drain - Brass,Drain Plug Waste And Overflow Drain - Brass,PLUMBING,PLUMBING,PLUMB-LOT,SALT LAKE PLUMBING=0,ELIGIBLE,,BA0000008,"Waterworks Operating Co., LLC",HIGH,prefix UNWO maps to BA0000008 in 4/4 existing vendor-populated StockItems.,,FOUND,READY
UNWO51-B,Pop-Up Waste And Overflow Drain - Brass,Pop-Up Waste And Overflow Drain - Brass,PLUMBING,PLUMBING,PLUMB-LOT,SALT LAKE PLUMBING=0,ELIGIBLE,,BA0000008,"Waterworks Operating Co., LLC",HIGH,prefix UNWO maps to BA0000008 in 4/4 existing vendor-populated StockItems.,,FOUND,READY
UNWO51-DN,Pop-Up Waste And Overflow Drain - Dark Nickel,Pop-Up Waste And Overflow Drain - Dark Nickel,PLUMBING,PLUMBING,PLUMB-LOT,SALT LAKE PLUMBING=0,ELIGIBLE,,BA0000008,"Waterworks Operating Co., LLC",HIGH,prefix UNWO maps to BA0000008 in 4/4 existing vendor-populated StockItems.,,FOUND,READY
UNWO51-WHT,Pop-Up Waste And Overflow Drain - White,Pop-Up Waste And Overflow Drain - White,PLUMBING,PLUMBING,PLUMB-LOT,SALT LAKE PLUMBING=0,ELIGIBLE,,BA0000008,"Waterworks Operating Co., LLC",HIGH,prefix UNWO maps to BA0000008 in 4/4 existing vendor-populated StockItems.,,FOUND,READY
USA512-N,"12"" Ceiling Mounted Shower Arm - Nickel","12"" Ceiling Mounted Shower Arm - Nickel",PLUMBING,PLUMBING,PLUMB-LOT,SALT LAKE PLUMBING=0,ELIGIBLE,,,,NONE,No current VendorDetails row and no deterministic existing StockItem pattern met the audit threshold.,,FOUND,VENDOR_REVIEW_REQUIRED
USC-01SHWK,"Pfister 6"" Curved Shower Arm - Brushed Nickel","Pfister 6"" Curved Shower Arm - Brushed Nickel",PLUMBING,PLUMBING,PLUMB-LOT,BOISE WAREHOUSE=1,SKIP_QTY_ON_HAND,BA0015641 Pfister,BA0015641,Pfister,HIGH,Current StockItem VendorDetails contains 1 vendor row(s); selected first active VendorID BA0015641.,,FOUND,SKIP_QTY_ON_HAND
USF100-N,Waterworks Shower Flange High Profile Classic - Nickel,Waterworks Shower Flange High Profile Classic - Nickel,PLUMBING,PLUMBING,PLUMB-LOT,SALT LAKE PLUMBING=0,ELIGIBLE,"BA0000008 Waterworks Operating Co., LLC",BA0000008,"Waterworks Operating Co., LLC",HIGH,Current StockItem VendorDetails contains 1 vendor row(s); selected first active VendorID BA0000008.,,FOUND,READY
USH104-18B,"4"" Showerhead - Brass","4"" Showerhead - Brass",PLUMBING,PLUMBING,PLUMB-LOT,SALT LAKE PLUMBING=0,ELIGIBLE,,BA0000008,"Waterworks Operating Co., LLC",HIGH,prefix USH1 maps to BA0000008 in 9/9 existing vendor-populated StockItems.,,FOUND,READY
USH104-18N,"Waterworks 4"" Showerhead - Nickel","Waterworks 4"" Showerhead - Nickel",PLUMBING,PLUMBING,PLUMB-LOT,SALT LAKE PLUMBING=0,ELIGIBLE,"BA0000008 Waterworks Operating Co., LLC",BA0000008,"Waterworks Operating Co., LLC",HIGH,Current StockItem VendorDetails contains 1 vendor row(s); selected first active VendorID BA0000008.,,FOUND,READY
USH110-18N,"Waterworks 10"" Rain Showerhead - Nickel","Waterworks 10"" Rain Showerhead - Nickel",PLUMBING,PLUMBING,PLUMB-LOT,SALT LAKE PLUMBING=0,ELIGIBLE,"BA0000008 Waterworks Operating Co., LLC",BA0000008,"Waterworks Operating Co., LLC",HIGH,Current StockItem VendorDetails contains 1 vendor row(s); selected first active VendorID BA0000008.,,FOUND,READY
USH112-18DB,"12"" Rain Showerhead - Dark Brass","12"" Rain Showerhead - Dark Brass",PLUMBING,PLUMBING,PLUMB-LOT,(no WarehouseDetails rows),ELIGIBLE,,BA0000008,"Waterworks Operating Co., LLC",HIGH,prefix USH1 maps to BA0000008 in 9/9 existing vendor-populated StockItems.,,FOUND,READY
USH112-18N,"12"" Rain Showerhead - Nickel","12"" Rain Showerhead - Nickel",PLUMBING,PLUMBING,PLUMB-LOT,SALT LAKE PLUMBING=0,ELIGIBLE,,BA0000008,"Waterworks Operating Co., LLC",HIGH,prefix USH1 maps to BA0000008 in 9/9 existing vendor-populated StockItems.,,FOUND,READY
USH206-18BUN,"6"" Showerhead - Burnished Nickel","6"" Showerhead - Burnished Nickel",PLUMBING,PLUMBING,PLUMB-LOT,SALT LAKE PLUMBING=0,ELIGIBLE,,BA0000008,"Waterworks Operating Co., LLC",HIGH,prefix USH2 maps to BA0000008 in 10/10 existing vendor-populated StockItems.,,FOUND,READY
USH206-18DN,"6"" Showerhead - Dark Nickel","6"" Showerhead - Dark Nickel",PLUMBING,PLUMBING,PLUMB-LOT,(no WarehouseDetails rows),ELIGIBLE,,BA0000008,"Waterworks Operating Co., LLC",HIGH,prefix USH2 maps to BA0000008 in 10/10 existing vendor-populated StockItems.,,FOUND,READY
USH212-18N,"Waterworks 12"" Rain Showerhead - Nickel","Waterworks 12"" Rain Showerhead - Nickel",PLUMBING,PLUMBING,PLUMB-LOT,SALT LAKE PLUMBING=1,SKIP_QTY_ON_HAND,"BA0000008 Waterworks Operating Co., LLC",BA0000008,"Waterworks Operating Co., LLC",HIGH,Current StockItem VendorDetails contains 1 vendor row(s); selected first active VendorID BA0000008.,,FOUND,SKIP_QTY_ON_HAND
USH304-18B,"3 1/2"" Showerhead With Adjustable Spray - Brass","3 1/2"" Showerhead With Adjustable Spray - Brass",PLUMBING,PLUMBING,PLUMB-LOT,(no WarehouseDetails rows),ELIGIBLE,,BA0000008,"Waterworks Operating Co., LLC",HIGH,prefix USH30 maps to BA0000008 in 8/8 existing vendor-populated StockItems.,,FOUND,READY
USH305-15DB,"5"" Showerhead With Adjustable Spray - Dark Brass","5"" Showerhead With Adjustable Spray - Dark Brass",PLUMBING,PLUMBING,PLUMB-LOT,(no WarehouseDetails rows),ELIGIBLE,,BA0000008,"Waterworks Operating Co., LLC",HIGH,prefix USH30 maps to BA0000008 in 8/8 existing vendor-populated StockItems.,,FOUND,READY
USH305-18B,"5"" Showerhead With Adjustable Spray - Brass","5"" Showerhead With Adjustable Spray - Brass",PLUMBING,PLUMBING,PLUMB-LOT,(no WarehouseDetails rows),ELIGIBLE,,BA0000008,"Waterworks Operating Co., LLC",HIGH,prefix USH30 maps to BA0000008 in 8/8 existing vendor-populated StockItems.,,FOUND,READY
USH308-18DN,"8"" Rain Showerhead - Dark Nickel","8"" Rain Showerhead - Dark Nickel",PLUMBING,PLUMBING,PLUMB-LOT,SALT LAKE PLUMBING=0,ELIGIBLE,,BA0000008,"Waterworks Operating Co., LLC",HIGH,prefix USH30 maps to BA0000008 in 8/8 existing vendor-populated StockItems.,,FOUND,READY
USH-50SHWK,Pfister Modern Round Showerhead - Brushed Nickel,Pfister Modern Round Showerhead - Brushed Nickel,PLUMBING,PLUMBING,PLUMB-LOT,BOISE WAREHOUSE=1,SKIP_QTY_ON_HAND,BA0015641 Pfister,BA0015641,Pfister,HIGH,Current StockItem VendorDetails contains 1 vendor row(s); selected first active VendorID BA0015641.,,FOUND,SKIP_QTY_ON_HAND
US-PROBTN-GR,"Mpro Flush Button, Dual Flush - Graphite","Mpro Flush Button, Dual Flush - Graphite",PLUMBING,PLUMBING,PLUMB-LOT,BOISE WAREHOUSE=0; KETCHUM SHOWROOM=0,ELIGIBLE,"BA0000712 Forte Brands, LLC",BA0000712,"Forte Brands, LLC",HIGH,Current StockItem VendorDetails contains 1 vendor row(s); selected first active VendorID BA0000712.,,FOUND,READY
UTCL06-N,"Transitional 6"" Ceiling Mounted Shower Arm With Flange - Nickel","Transitional 6"" Ceiling Mounted Shower Arm With Flange - Nickel",PLUMBING,PLUMBING,PLUMB-LOT,SALT LAKE PLUMBING=0,ELIGIBLE,,,,NONE,No current VendorDetails row and no deterministic existing StockItem pattern met the audit threshold.,,FOUND,VENDOR_REVIEW_REQUIRED
UTWL06-N,"Transitional 6"" Wall Mounted 45 Degree Shower Arm With Flange - Nickel","Transitional 6"" Wall Mounted 45 Degree Shower Arm With Flange - Nickel",PLUMBING,PLUMBING,PLUMB-LOT,SALT LAKE PLUMBING=0,ELIGIBLE,,,,NONE,No current VendorDetails row and no deterministic existing StockItem pattern met the audit threshold.,,FOUND,VENDOR_REVIEW_REQUIRED
V663-B-BG,"Style Moderne Shower Rose 20Cm 8"" - Brushed Gold Unlacquered","Style Moderne Shower Rose 20Cm 8"" - Brushed Gold Unlacquered",PLUMBING,PLUMBING,PLUMB-LOT,SALT LAKE PLUMBING=0,ELIGIBLE,,,,NONE,No current VendorDetails row and no deterministic existing StockItem pattern met the audit threshold.,,FOUND,VENDOR_REVIEW_REQUIRED
V702-TLK-BG,"LMK Industrial Trim set for V135-AIS thermo valve, Brushed Gold Unlacquered","LMK Industrial Trim set for V135-AIS thermo valve, Brushed Gold Unlacquered",PLUMBING,PLUMBING,PLUMB-LOT,SALT LAKE PLUMBING=0,ELIGIBLE,,,,NONE,No current VendorDetails row and no deterministic existing StockItem pattern met the audit threshold.,,FOUND,VENDOR_REVIEW_REQUIRED
V702-TLK-CTB,"LMK Trim Set For V135-Ais Thermostatic Valve, 2 Separate Volume Controls - City Bronze","LMK Trim Set For V135-Ais Thermostatic Valve, 2 Separate Volume Controls - City Bronze",PLUMBING,PLUMBING,PLUMB-LOT,SALT LAKE PLUMBING=0,ELIGIBLE,,,,NONE,No current VendorDetails row and no deterministic existing StockItem pattern met the audit threshold.,,FOUND,VENDOR_REVIEW_REQUIRED
V702-TLL-ANT,"LMK Trim Set For V135-Ais Thermostatic Valve, 2 Separate Volume Controls - Anthracite","LMK Trim Set For V135-Ais Thermostatic Valve, 2 Separate Volume Controls - Anthracite",PLUMBING,PLUMBING,PLUMB-LOT,SALT LAKE PLUMBING=0,ELIGIBLE,,,,NONE,No current VendorDetails row and no deterministic existing StockItem pattern met the audit threshold.,,FOUND,VENDOR_REVIEW_REQUIRED
V754-AF-BG,"LMK Pure Easy Clean Hand Shower, Brushed Gold Unlacquered","LMK Pure Easy Clean Hand Shower, Brushed Gold Unlacquered",PLUMBING,PLUMBING,PLUMB-LOT,SALT LAKE PLUMBING=0,ELIGIBLE,,,,NONE,No current VendorDetails row and no deterministic existing StockItem pattern met the audit threshold.,,FOUND,VENDOR_REVIEW_REQUIRED
V766-A-BG,"LMK Wall Outlet & Bracket, Brushed Gold Unlacquered","LMK Wall Outlet & Bracket, Brushed Gold Unlacquered",PLUMBING,PLUMBING,PLUMB-LOT,SALT LAKE PLUMBING=0,ELIGIBLE,,BA0011918,Keller Supply Company,HIGH,prefix V766 maps to BA0011918 in 4/4 existing vendor-populated StockItems.,,FOUND,READY
V770A-KITK-ANT,LMK Sliding Rail Kit - Anthracite,LMK Sliding Rail Kit - Anthracite,PLUMBING,PLUMBING,PLUMB-LOT,SALT LAKE PLUMBING=0,ELIGIBLE,,,,NONE,No current VendorDetails row and no deterministic existing StockItem pattern met the audit threshold.,,FOUND,VENDOR_REVIEW_REQUIRED
V770A-KITK-CTB,LMK Sliding Rail Kit - City Bronze,LMK Sliding Rail Kit - City Bronze,PLUMBING,PLUMBING,PLUMB-LOT,SALT LAKE PLUMBING=0,ELIGIBLE,,,,NONE,No current VendorDetails row and no deterministic existing StockItem pattern met the audit threshold.,,FOUND,VENDOR_REVIEW_REQUIRED
V779-BH-ABM,Adjustable Easy Clean Shower Head - Antique Brass Matte,Adjustable Easy Clean Shower Head - Antique Brass Matte,PLUMBING,PLUMBING,PLUMB-LOT,SALT LAKE PLUMBING=0,ELIGIBLE,,,,NONE,No current VendorDetails row and no deterministic existing StockItem pattern met the audit threshold.,,FOUND,VENDOR_REVIEW_REQUIRED
V786-A-CTB,"Shower Head 4.1/8"" Multi-function - City Bronze","Shower Head 4.1/8"" Multi-function - City Bronze",PLUMBING,PLUMBING,PLUMB-LOT,SALT LAKE PLUMBING=0,ELIGIBLE,,,,NONE,No current VendorDetails row and no deterministic existing StockItem pattern met the audit threshold.,,FOUND,VENDOR_REVIEW_REQUIRED
V7K36LL-ANT,LMK Floor Mounted Single Lever Bath / Shower Mixer - Anthracite,LMK Floor Mounted Single Lever Bath / Shower Mixer - Anthracite,PLUMBING,PLUMBING,PLUMB-LOT,SALT LAKE PLUMBING=0,ELIGIBLE,,,,NONE,No current VendorDetails row and no deterministic existing StockItem pattern met the audit threshold.,,FOUND,VENDOR_REVIEW_REQUIRED
V7KA15LL-ANT,"LMK 3 Hole Basin Mixer With Pop Up Waste, Medium Spout - Anthracite","LMK 3 Hole Basin Mixer With Pop Up Waste, Medium Spout - Anthracite",PLUMBING,PLUMBING,PLUMB-LOT,SALT LAKE PLUMBING=0,ELIGIBLE,,,,NONE,No current VendorDetails row and no deterministic existing StockItem pattern met the audit threshold.,,FOUND,VENDOR_REVIEW_REQUIRED
V7KA20S-2LK-RH-ANT,"LMK Wall Mounted Basin Mixer, Slim Spout Trim Set, Right Handed - Anthracite","LMK Wall Mounted Basin Mixer, Slim Spout Trim Set, Right Handed - Anthracite",PLUMBING,PLUMBING,PLUMB-LOT,SALT LAKE PLUMBING=0,ELIGIBLE,,,,NONE,No current VendorDetails row and no deterministic existing StockItem pattern met the audit threshold.,,FOUND,VENDOR_REVIEW_REQUIRED
V7KA620-A-BG,"LMK 1/2"" Overhead Shower Arm 11 13/16"", Brushed Gold Unlacquered","LMK 1/2"" Overhead Shower Arm 11 13/16"", Brushed Gold Unlacquered",PLUMBING,PLUMBING,PLUMB-LOT,SALT LAKE PLUMBING=0,ELIGIBLE,,,,NONE,No current VendorDetails row and no deterministic existing StockItem pattern met the audit threshold.,,FOUND,VENDOR_REVIEW_REQUIRED
V7KALL17-3LL-BG,"LMK Industrial 3 Hole Wall Mounted Lavatory Filler, Brushed Gold Unlacquered","LMK Industrial 3 Hole Wall Mounted Lavatory Filler, Brushed Gold Unlacquered",PLUMBING,PLUMBING,PLUMB-LOT,SALT LAKE PLUMBING=0,ELIGIBLE,,,,NONE,No current VendorDetails row and no deterministic existing StockItem pattern met the audit threshold.,,FOUND,VENDOR_REVIEW_REQUIRED
V7KALL17S-3LK-CTB,"LMK Wall Mounted Basin Mixer, Trim Set Slim Spout - City Bronze","LMK Wall Mounted Basin Mixer, Trim Set Slim Spout - City Bronze",PLUMBING,PLUMBING,PLUMB-LOT,SALT LAKE PLUMBING=0,ELIGIBLE,,,,NONE,No current VendorDetails row and no deterministic existing StockItem pattern met the audit threshold.,,FOUND,VENDOR_REVIEW_REQUIRED
V941-BG,"59"" Hose - Brushed Gold Unlacquered","59"" Hose - Brushed Gold Unlacquered",PLUMBING,PLUMBING,PLUMB-LOT,SALT LAKE PLUMBING=0,ELIGIBLE,,BA0011918,Keller Supply Company,HIGH,prefix V941 maps to BA0011918 in 4/4 existing vendor-populated StockItems.,,FOUND,READY
V987-BG,Swivel Ball Joint - Brushed Gold Unlacquered,Swivel Ball Joint - Brushed Gold Unlacquered,PLUMBING,PLUMBING,PLUMB-LOT,SALT LAKE PLUMBING=0,ELIGIBLE,,BA0000006,California Faucets,MEDIUM,brand-token SWIVEL suggests BA0000006 in 25/25 existing vendor-populated StockItems; manual review required.,,FOUND,VENDOR_REVIEW_REQUIRED
W0013.GM,"Como 36"" Electric Hardwired Towel Warmer - Gunmetal","Como 36"" Electric Hardwired Towel Warmer - Gunmetal",PLUMBING,PLUMBING,PLUMB-LOT,(no WarehouseDetails rows),ELIGIBLE,,,,NONE,No current VendorDetails row and no deterministic existing StockItem pattern met the audit threshold.,,FOUND,VENDOR_REVIEW_REQUIRED
W4100.SB,ICO Bath 19.5″x31″ Tuzio Sorano Towel Warmer,ICO Bath 19.5″x31″ Tuzio Sorano Towel Warmer,PLUMBING,PLUMBING,PLUMB-LOT,BOISE WAREHOUSE=2,SKIP_QTY_ON_HAND,BA0021299 Ico Bath,BA0021299,Ico Bath,HIGH,Current StockItem VendorDetails contains 1 vendor row(s); selected default active VendorID BA0021299.,,FOUND,SKIP_QTY_ON_HAND
W4800.SB,"Ico Bath Sorano 23.5"" X 64"" Electric Hardwired Towel Warmer - Satin Brass","Ico Bath Sorano 23.5"" X 64"" Electric Hardwired Towel Warmer - Satin Brass",PLUMBING,PLUMBING,PLUMB-LOT,BOISE WAREHOUSE=1,SKIP_QTY_ON_HAND,BA0021299 Ico Bath,BA0021299,Ico Bath,HIGH,Current StockItem VendorDetails contains 1 vendor row(s); selected first active VendorID BA0021299.,,FOUND,SKIP_QTY_ON_HAND
WHFS9814-P5-C,Heavy Duty Wall Mount Utility Faucet With A Gooseneck Swivel Spout And Lever Handles - Polished Chrome,Heavy Duty Wall Mount Utility Faucet With A Gooseneck Swivel Spout And Lever Handles - Polished Chrome,PLUMBING,PLUMBING,PLUMB-LOT,BOISE WAREHOUSE=0,ELIGIBLE,,,,NONE,No current VendorDetails row and no deterministic existing StockItem pattern met the audit threshold.,,FOUND,VENDOR_REVIEW_REQUIRED
WIOBN,Upgrade Integrated Overflow - Brushed Nickel,Upgrade Integrated Overflow - Brushed Nickel,PLUMBING,PLUMBING,PLUMB-LOT,BOISE WAREHOUSE=0,ELIGIBLE,,,,NONE,No current VendorDetails row and no deterministic existing StockItem pattern met the audit threshold.,,FOUND,VENDOR_REVIEW_REQUIRED
WL.428,"Plated Hook 8"" - White Bronze","Plated Hook 8"" - White Bronze",PLUMBING,PLUMBING,PLUMB-LOT,SALT LAKE APPLIANCES=0; SALT LAKE PLUMBING=0,ELIGIBLE,,,,NONE,No current VendorDetails row and no deterministic existing StockItem pattern met the audit threshold.,,FOUND,VENDOR_REVIEW_REQUIRED
WSGRSS2418BKS,Forze Wire Sink Grid For RSS2418 Kitchen Sink - Black Stainless Steel,Forze Wire Sink Grid For RSS2418 Kitchen Sink - Black Stainless Steel,PLUMBING,PLUMBING,PLUMB-LOT,SALT LAKE PLUMBING=0,ELIGIBLE,,,,NONE,No current VendorDetails row and no deterministic existing StockItem pattern met the audit threshold.,,FOUND,VENDOR_REVIEW_REQUIRED
XDRM2WHLOB,XDream Steam Shower Control Package With iSteamX Control And Linear Steamhead - White / Oil Rubbed Bronze,XDream Steam Shower Control Package With iSteamX Control And Linear Steamhead - White / Oil Rubbed Bronze,PLUMBING,PLUMBING,PLUMB-LOT,SALT LAKE PLUMBING=0,ELIGIBLE,,BA0000753,Atmos Project LLC DBA Mr. Steam,HIGH,brand-token STEAM maps to BA0000753 in 27/27 existing vendor-populated StockItems.,,FOUND,READY
YM3640RGFPD3,"Vitality Lighted Mirror, 36"" X 40"" X 1-3/4"", Glow Light Pattern, Warm White 3000K, Dimmable, Defogger","Vitality Lighted Mirror, 36"" X 40"" X 1-3/4"", Glow Light Pattern, Warm White 3000K, Dimmable, Defogger",PLUMBING,PLUMBING,PLUMB-LOT,SALT LAKE PLUMBING=0,ELIGIBLE,,,,NONE,No current VendorDetails row and no deterministic existing StockItem pattern met the audit threshold.,,FOUND,VENDOR_REVIEW_REQUIRED
015-NQD11,"Pfister Contempra 7"" Showerhead - Polished Nickel","Pfister Contempra 7"" Showerhead - Polished Nickel",PLUMB-LOT,PLUMB-LOT,,SALT LAKE APPLIANCES=0; SALT LAKE PLUMBING=0,ELIGIBLE,BA0000676 The Lovell Company,BA0000676,The Lovell Company,HIGH,Current StockItem VendorDetails contains 2 vendor row(s); selected first active VendorID BA0000676.,,FOUND,UNKNOWN_ITEM_CLASS
016-WND,Pfister Winter Park Diverter Trim - Polished Nickel,Pfister Winter Park Diverter Trim - Polished Nickel,PLUMB-LOT,PLUMB-LOT,,SALT LAKE APPLIANCES=0; SALT LAKE PLUMBING=0,ELIGIBLE,BA0000676 The Lovell Company,BA0000676,The Lovell Company,HIGH,Current StockItem VendorDetails contains 2 vendor row(s); selected first active VendorID BA0000676.,,FOUND,UNKNOWN_ITEM_CLASS
0338490017,"Duravit D-Code 19 1/2"" Oval Undermount Sink With Overflow - White","Duravit D-Code 19 1/2"" Oval Undermount Sink With Overflow - White",PLUMB-LOT,PLUMB-LOT,,SALT LAKE PLUMBING=0,ELIGIBLE,BA0000717 Duravit,BA0000717,Duravit,HIGH,Current StockItem VendorDetails contains 1 vendor row(s); selected default active VendorID BA0000717.,,FOUND,UNKNOWN_ITEM_CLASS
04388830,"Hansgrohe Croma Select S Showerhead 180 2 Jet, 1.8 GPM - Polished Nickel","Hansgrohe Croma Select S Showerhead 180 2 Jet, 1.8 GPM - Polished Nickel",PLUMB-LOT,PLUMB-LOT,,SALT LAKE PLUMBING=1,SKIP_QTY_ON_HAND,BA0000005 Hansgrohe,BA0000005,Hansgrohe,HIGH,Current StockItem VendorDetails contains 1 vendor row(s); selected default active VendorID BA0000005.,,FOUND,SKIP_QTY_ON_HAND
04746250,"Axor Montreux Showerarm 15"" - Brushed Gold Optic","Axor Montreux Showerarm 15"" - Brushed Gold Optic",PLUMB-LOT,PLUMB-LOT,,SALT LAKE HARDWARE=0; SALT LAKE PLUMBING=1,SKIP_QTY_ON_HAND,BA0000005 Hansgrohe,BA0000005,Hansgrohe,HIGH,Current StockItem VendorDetails contains 1 vendor row(s); selected default active VendorID BA0000005.,,FOUND,SKIP_QTY_ON_HAND
05-27762-81495,Waterworks Ludlow Handshower On Hook - Nickel,Waterworks Ludlow Handshower On Hook - Nickel,PLUMB-LOT,PLUMB-LOT,,SALT LAKE PLUMBING=2,SKIP_QTY_ON_HAND,"BA0000008 Waterworks Operating Co., LLC",BA0000008,"Waterworks Operating Co., LLC",HIGH,Current StockItem VendorDetails contains 1 vendor row(s); selected default active VendorID BA0000008.,,FOUND,SKIP_QTY_ON_HAND
09-90190-61042,Waterworks Ludlow Wall Mounted Exposed Tub Filler With Handshower And Cross Handles - Nickel,Waterworks Ludlow Wall Mounted Exposed Tub Filler With Handshower And Cross Handles - Nickel,PLUMB-LOT,PLUMB-LOT,,SALT LAKE APPLIANCES=0; SALT LAKE PLUMBING=0,ELIGIBLE,"BA0000008 Waterworks Operating Co., LLC",BA0000008,"Waterworks Operating Co., LLC",HIGH,Current StockItem VendorDetails contains 1 vendor row(s); selected default active VendorID BA0000008.,,FOUND,UNKNOWN_ITEM_CLASS
10360-MAB,"Fulton Modern Pull Down Faucet, Lever Sprayer - Matte Antique Brass","Fulton Modern Pull Down Faucet, Lever Sprayer - Matte Antique Brass",PLUMB-LOT,PLUMB-LOT,,(no WarehouseDetails rows),ELIGIBLE,,,,NONE,No current VendorDetails row and no deterministic existing StockItem pattern met the audit threshold.,,FOUND,UNKNOWN_ITEM_CLASS
10531251,"Axor Starck Baton Handshower 1 Jet, 2.5 GPM - Brushed Gold Optic","Axor Starck Baton Handshower 1 Jet, 2.5 GPM - Brushed Gold Optic",PLUMB-LOT,PLUMB-LOT,,SALT LAKE SHOWROOM=0; SALT LAKE HARDWARE=0; SALT LAKE PLUMBING=1,SKIP_QTY_ON_HAND,BA0000005 Hansgrohe,BA0000005,Hansgrohe,HIGH,Current StockItem VendorDetails contains 1 vendor row(s); selected default active VendorID BA0000005.,,FOUND,SKIP_QTY_ON_HAND
106172-R-000-001,Maax Professional Series Exhibit 6036 Ifs Alcove Bathtub - White,Maax Professional Series Exhibit 6036 Ifs Alcove Bathtub - White,PLUMB-LOT,PLUMB-LOT,,SALT LAKE PLUMBING=0,ELIGIBLE,BA0003290 Hajoca Corporation,BA0003290,Hajoca Corporation,HIGH,Current StockItem VendorDetails contains 1 vendor row(s); selected default active VendorID BA0003290.,,FOUND,UNKNOWN_ITEM_CLASS
1062160000,"Grohe Listra Wall Mount Widespread Bathroom Faucet, 1.2 GPM 4.5L / Min - Chrome","Grohe Listra Wall Mount Widespread Bathroom Faucet, 1.2 GPM 4.5L / Min - Chrome",PLUMB-LOT,PLUMB-LOT,,BOISE WAREHOUSE=1,SKIP_QTY_ON_HAND,BA0003290 Hajoca Corporation,BA0003290,Hajoca Corporation,HIGH,Current StockItem VendorDetails contains 1 vendor row(s); selected default active VendorID BA0003290.,,FOUND,SKIP_QTY_ON_HAND
106-24S,Newport Brass East Linear Hot And Cold Water Dispenser - Satin Gold PVD,Newport Brass East Linear Hot And Cold Water Dispenser - Satin Gold PVD,PLUMB-LOT,PLUMB-LOT,,SALT LAKE PLUMBING=0,ELIGIBLE,BA0000714 Delta Faucet Company,BA0000714,Delta Faucet Company,HIGH,Current StockItem VendorDetails contains 1 vendor row(s); selected default active VendorID BA0000714.,,FOUND,UNKNOWN_ITEM_CLASS
1062570000,Grohe Listra Lever Handles for Bathroom Sink Faucet Pair - Chrome,Grohe Listra Lever Handles for Bathroom Sink Faucet Pair - Chrome,PLUMB-LOT,PLUMB-LOT,,BOISE WAREHOUSE=1,SKIP_QTY_ON_HAND,BA0003290 Hajoca Corporation,BA0003290,Hajoca Corporation,HIGH,Current StockItem VendorDetails contains 1 vendor row(s); selected default active VendorID BA0003290.,,FOUND,SKIP_QTY_ON_HAND
106C-20,Newport Bras East Linear Cold Water Dispenser - Stainless Steel PVD,Newport Bras East Linear Cold Water Dispenser - Stainless Steel PVD,PLUMB-LOT,PLUMB-LOT,,SALT LAKE HARDWARE=0; SALT LAKE PLUMBING=1,SKIP_QTY_ON_HAND,BA0000714 Delta Faucet Company,BA0000714,Delta Faucet Company,HIGH,Current StockItem VendorDetails contains 1 vendor row(s); selected default active VendorID BA0000714.,,FOUND,SKIP_QTY_ON_HAND
111-24A,Newport Brass East Linear Air Activated Disposer Switch - French Gold PVD,Newport Brass East Linear Air Activated Disposer Switch - French Gold PVD,PLUMB-LOT,PLUMB-LOT,,BOISE WAREHOUSE=1; SALT LAKE PLUMBING=0,SKIP_QTY_ON_HAND,BA0000714 Delta Faucet Company,BA0000714,Delta Faucet Company,HIGH,Current StockItem VendorDetails contains 1 vendor row(s); selected default active VendorID BA0000714.,,FOUND,SKIP_QTY_ON_HAND
11207/15G,"Phylrich 12"" Straight Shower Arm - Gun Metal Grey","Phylrich 12"" Straight Shower Arm - Gun Metal Grey",PLUMB-LOT,PLUMB-LOT,,BOISE WAREHOUSE=0,ELIGIBLE,BA0016237 Phylrich,BA0016237,Phylrich,HIGH,Current StockItem VendorDetails contains 1 vendor row(s); selected default active VendorID BA0016237.,,FOUND,UNKNOWN_ITEM_CLASS
112-24A,Newport Brass Garbage Disposer Flange - French Gold PVD,Newport Brass Garbage Disposer Flange - French Gold PVD,PLUMB-LOT,PLUMB-LOT,,BOISE WAREHOUSE=1; SALT LAKE PLUMBING=0,SKIP_QTY_ON_HAND,BA0000714 Delta Faucet Company,BA0000714,Delta Faucet Company,HIGH,Current StockItem VendorDetails contains 1 vendor row(s); selected default active VendorID BA0000714.,,FOUND,SKIP_QTY_ON_HAND
113-10,Newport Brass Garbage Disposer Stopper - Satin Bronze PVD,Newport Brass Garbage Disposer Stopper - Satin Bronze PVD,PLUMB-LOT,PLUMB-LOT,,SALT LAKE APPLIANCES=0; SALT LAKE PLUMBING=0,ELIGIBLE,BA0000714 Delta Faucet Company,BA0000714,Delta Faucet Company,HIGH,Current StockItem VendorDetails contains 1 vendor row(s); selected default active VendorID BA0000714.,,FOUND,UNKNOWN_ITEM_CLASS
120-03/047,"Phylrich Transition Widespread Faucet, Low Spout, Cross Handles - Antique Brass","Phylrich Transition Widespread Faucet, Low Spout, Cross Handles - Antique Brass",PLUMB-LOT,PLUMB-LOT,,SALT LAKE APPLIANCES=0; SALT LAKE PLUMBING=0,ELIGIBLE,BA0016237 Phylrich,BA0016237,Phylrich,HIGH,Current StockItem VendorDetails contains 1 vendor row(s); selected default active VendorID BA0016237.,,FOUND,UNKNOWN_ITEM_CLASS
120-57/014,"Phylrich Transition Wall Tub Set, Lever Handles - Polished Nickel","Phylrich Transition Wall Tub Set, Lever Handles - Polished Nickel",PLUMB-LOT,PLUMB-LOT,,BOISE WAREHOUSE=1,SKIP_QTY_ON_HAND,BA0016237 Phylrich,BA0016237,Phylrich,HIGH,Current StockItem VendorDetails contains 1 vendor row(s); selected default active VendorID BA0016237.,,FOUND,SKIP_QTY_ON_HAND
120-76/015,Transition Robe Hook - Satin Nickel,Transition Robe Hook - Satin Nickel,PLUMB-LOT,PLUMB-LOT,,(no WarehouseDetails rows),ELIGIBLE,,BA0016237,Phylrich,MEDIUM,brand-token TRANSITION suggests BA0016237 in 10/10 existing vendor-populated StockItems; manual review required.,,FOUND,UNKNOWN_ITEM_CLASS
13801660-06,Dornbracht Meta Tub Spout For Wall Mounted Installation - Brushed Platinum,Dornbracht Meta Tub Spout For Wall Mounted Installation - Brushed Platinum,PLUMB-LOT,PLUMB-LOT,,SALT LAKE PLUMBING=0,ELIGIBLE,BA0000715 Dornbracht GmbH & Co. KG,BA0000715,Dornbracht GmbH & Co. KG,HIGH,Current StockItem VendorDetails contains 1 vendor row(s); selected default active VendorID BA0000715.,,FOUND,UNKNOWN_ITEM_CLASS
1500-5173-06,"East Linear Pull Down Kitchen Faucet, Trigger Spray - Antique Brass","East Linear Pull Down Kitchen Faucet, Trigger Spray - Antique Brass",PLUMB-LOT,PLUMB-LOT,,(no WarehouseDetails rows),ELIGIBLE,,BA0000714,Delta Faucet Company,HIGH,prefix 1500 maps to BA0000714 in 3/3 existing vendor-populated StockItems.,,FOUND,UNKNOWN_ITEM_CLASS
15255KIT,Rohl 2 Way Shared Diverter Cartridge Only For The Fluhs R1052Bd With All Thread R144-4 - Unfinished,Rohl 2 Way Shared Diverter Cartridge Only For The Fluhs R1052Bd With All Thread R144-4 - Unfinished,PLUMB-LOT,PLUMB-LOT,,SALT LAKE APPLIANCES=0; SALT LAKE PLUMBING=0,ELIGIBLE,"BA0000007 Rohl, LLC",BA0000007,"Rohl, LLC",HIGH,Current StockItem VendorDetails contains 1 vendor row(s); selected default active VendorID BA0000007.,,FOUND,UNKNOWN_ITEM_CLASS
15758831,Hansgrohe Ecostat S Thermostatic Trim with Volume Control and Diverter - Polished Nickel,Hansgrohe Ecostat S Thermostatic Trim with Volume Control and Diverter - Polished Nickel,PLUMB-LOT,PLUMB-LOT,,SALT LAKE PLUMBING=1,SKIP_QTY_ON_HAND,BA0000005 Hansgrohe,BA0000005,Hansgrohe,HIGH,Current StockItem VendorDetails contains 1 vendor row(s); selected default active VendorID BA0000005.,,FOUND,SKIP_QTY_ON_HAND
1620-034,Newport Brass Miro Widespread Lavatory Faucet - Aged Brass,Newport Brass Miro Widespread Lavatory Faucet - Aged Brass,PLUMB-LOT,PLUMB-LOT,,SALT LAKE SHOWROOM=0; SALT LAKE HARDWARE=0; SALT LAKE PLUMBING=1,SKIP_QTY_ON_HAND,BA0000714 Delta Faucet Company,BA0000714,Delta Faucet Company,HIGH,Current StockItem VendorDetails contains 1 vendor row(s); selected default active VendorID BA0000714.,,FOUND,SKIP_QTY_ON_HAND
16320251,"Axor Montreux Handshower 100 1 Jet, 2.5 GPM - Brushed Gold Optic","Axor Montreux Handshower 100 1 Jet, 2.5 GPM - Brushed Gold Optic",PLUMB-LOT,PLUMB-LOT,,SALT LAKE HARDWARE=0; SALT LAKE PLUMBING=1,SKIP_QTY_ON_HAND,BA0000005 Hansgrohe,BA0000005,Hansgrohe,HIGH,Current StockItem VendorDetails contains 1 vendor row(s); selected default active VendorID BA0000005.,,FOUND,SKIP_QTY_ON_HAND
164929,Moen Eco Performance Handshower - Chrome,Moen Eco Performance Handshower - Chrome,PLUMB-LOT,PLUMB-LOT,,SALT LAKE PLUMBING=0,ELIGIBLE,BA0003290 Hajoca Corporation,BA0003290,Hajoca Corporation,HIGH,Current StockItem VendorDetails contains 1 vendor row(s); selected default active VendorID BA0003290.,,FOUND,UNKNOWN_ITEM_CLASS
16821251,Axor Montreux Thermostatic Trim with Volume Control and Diverter - Brushed Gold Optic,Axor Montreux Thermostatic Trim with Volume Control and Diverter - Brushed Gold Optic,PLUMB-LOT,PLUMB-LOT,,SALT LAKE HARDWARE=0; SALT LAKE PLUMBING=1,SKIP_QTY_ON_HAND,BA0000005 Hansgrohe,BA0000005,Hansgrohe,HIGH,Current StockItem VendorDetails contains 1 vendor row(s); selected default active VendorID BA0000005.,,FOUND,SKIP_QTY_ON_HAND
16884251,Axor Montreux Wall Outlet with Check Valves - Brushed Gold Optic,Axor Montreux Wall Outlet with Check Valves - Brushed Gold Optic,PLUMB-LOT,PLUMB-LOT,,SALT LAKE HARDWARE=0; SALT LAKE PLUMBING=1,SKIP_QTY_ON_HAND,BA0000005 Hansgrohe,BA0000005,Hansgrohe,HIGH,Current StockItem VendorDetails contains 1 vendor row(s); selected default active VendorID BA0000005.,,FOUND,SKIP_QTY_ON_HAND
17-14P-T-BG,Forte Taos Pressure Balance Valve With Diverter Trim - Brushed Gold,Forte Taos Pressure Balance Valve With Diverter Trim - Brushed Gold,PLUMB-LOT,PLUMB-LOT,,SALT LAKE APPLIANCES=0; SALT LAKE PLUMBING=1,SKIP_QTY_ON_HAND,BA0000258 Forte Brands LLC,BA0000258,Forte Brands LLC,HIGH,Current StockItem VendorDetails contains 2 vendor row(s); selected default active VendorID BA0000258.,,FOUND,SKIP_QTY_ON_HAND
17-WTS-BG,Crosswater Taos Wall Tub Spout - Brushed Gold,Crosswater Taos Wall Tub Spout - Brushed Gold,PLUMB-LOT,PLUMB-LOT,,SALT LAKE APPLIANCES=0; SALT LAKE PLUMBING=1,SKIP_QTY_ON_HAND,"BA0000712 Forte Brands, LLC",BA0000712,"Forte Brands, LLC",HIGH,Current StockItem VendorDetails contains 1 vendor row(s); selected default active VendorID BA0000712.,,FOUND,SKIP_QTY_ON_HAND
183-11-10/15G,"Phylrich Rond 10"" Wall Lavatory Set - Gun Metal","Phylrich Rond 10"" Wall Lavatory Set - Gun Metal",PLUMB-LOT,PLUMB-LOT,,BOISE WAREHOUSE=0,ELIGIBLE,BA0016237 Phylrich,BA0016237,Phylrich,HIGH,Current StockItem VendorDetails contains 1 vendor row(s); selected default active VendorID BA0016237.,,FOUND,UNKNOWN_ITEM_CLASS
183-74/11B,Phylrich Rond Single Post Paper Holder - Antique Bronze,Phylrich Rond Single Post Paper Holder - Antique Bronze,PLUMB-LOT,PLUMB-LOT,,BOISE WAREHOUSE=0,ELIGIBLE,BA0016237 Phylrich,BA0016237,Phylrich,HIGH,Current StockItem VendorDetails contains 1 vendor row(s); selected default active VendorID BA0016237.,,FOUND,UNKNOWN_ITEM_CLASS
183-74/15G,Phylrich Rond Single Post Paper Holder - Gun Metal Grey,Phylrich Rond Single Post Paper Holder - Gun Metal Grey,PLUMB-LOT,PLUMB-LOT,,BOISE WAREHOUSE=0,ELIGIBLE,BA0016237 Phylrich,BA0016237,Phylrich,HIGH,Current StockItem VendorDetails contains 1 vendor row(s); selected default active VendorID BA0016237.,,FOUND,UNKNOWN_ITEM_CLASS
183-76/11B,Phylrich Contemporary Robe Hook - Antique Bronze,Phylrich Contemporary Robe Hook - Antique Bronze,PLUMB-LOT,PLUMB-LOT,,BOISE WAREHOUSE=0,ELIGIBLE,BA0016237 Phylrich,BA0016237,Phylrich,HIGH,Current StockItem VendorDetails contains 1 vendor row(s); selected default active VendorID BA0016237.,,FOUND,UNKNOWN_ITEM_CLASS
183-76/15G,Phylrich Contemporary Robe Hook - Gun Metal,Phylrich Contemporary Robe Hook - Gun Metal,PLUMB-LOT,PLUMB-LOT,,BOISE WAREHOUSE=0,ELIGIBLE,BA0016237 Phylrich,BA0016237,Phylrich,HIGH,Current StockItem VendorDetails contains 1 vendor row(s); selected default active VendorID BA0016237.,,FOUND,UNKNOWN_ITEM_CLASS
19-7.3PG2-LT4L-GM,"Watermark Refinement 19 1 Hole High Gooseneck Kitchen Set With Pull Down Spray Deck Mount, LT4L Debonair Handle - Gunmetal","Watermark Refinement 19 1 Hole High Gooseneck Kitchen Set With Pull Down Spray Deck Mount, LT4L Debonair Handle - Gunmetal",PLUMB-LOT,PLUMB-LOT,,SALT LAKE PLUMBING=0,ELIGIBLE,BA0000760 Watermark,BA0000760,Watermark,HIGH,Current StockItem VendorDetails contains 1 vendor row(s); selected default active VendorID BA0000760.,,FOUND,UNKNOWN_ITEM_CLASS
201-06,"8"" Shower Arm - Antique Brass","8"" Shower Arm - Antique Brass",PLUMB-LOT,PLUMB-LOT,,(no WarehouseDetails rows),ELIGIBLE,,,,NONE,No current VendorDetails row and no deterministic existing StockItem pattern met the audit threshold.,,FOUND,UNKNOWN_ITEM_CLASS
206-1-06,Shower Arm Flange - Antique Brass,Shower Arm Flange - Antique Brass,PLUMB-LOT,PLUMB-LOT,,(no WarehouseDetails rows),ELIGIBLE,,,,NONE,No current VendorDetails row and no deterministic existing StockItem pattern met the audit threshold.,,FOUND,UNKNOWN_ITEM_CLASS
20705882-990010,Dornbracht Tara Three-Hole Lavatory Mixer With Drain - Brushed Dark Platinum,Dornbracht Tara Three-Hole Lavatory Mixer With Drain - Brushed Dark Platinum,PLUMB-LOT,PLUMB-LOT,,SALT LAKE PLUMBING=0,ELIGIBLE,BA0000715 Dornbracht GmbH & Co. KG,BA0000715,Dornbracht GmbH & Co. KG,HIGH,Current StockItem VendorDetails contains 1 vendor row(s); selected first active VendorID BA0000715.,,FOUND,UNKNOWN_ITEM_CLASS
20710882-990010,Dornbracht Tara Three-Hole Lavatory Mixer With Drain - Brushed Dark Platinum,Dornbracht Tara Three-Hole Lavatory Mixer With Drain - Brushed Dark Platinum,PLUMB-LOT,PLUMB-LOT,,SALT LAKE PLUMBING=0,ELIGIBLE,BA0000715 Dornbracht GmbH & Co. KG,BA0000715,Dornbracht GmbH & Co. KG,HIGH,Current StockItem VendorDetails contains 1 vendor row(s); selected first active VendorID BA0000715.,,FOUND,UNKNOWN_ITEM_CLASS
2143-06,Multi Function Showerhead - Antique Brass,Multi Function Showerhead - Antique Brass,PLUMB-LOT,PLUMB-LOT,,(no WarehouseDetails rows),ELIGIBLE,,,,NONE,No current VendorDetails row and no deterministic existing StockItem pattern met the audit threshold.,,FOUND,UNKNOWN_ITEM_CLASS
22-70408-33565,"Waterworks Ludlow 18"" Single Towel Bar - Brass","Waterworks Ludlow 18"" Single Towel Bar - Brass",PLUMB-LOT,PLUMB-LOT,,SALT LAKE APPLIANCES=0; SALT LAKE PLUMBING=0,ELIGIBLE,"BA0000008 Waterworks Operating Co., LLC",BA0000008,"Waterworks Operating Co., LLC",HIGH,Current StockItem VendorDetails contains 1 vendor row(s); selected default active VendorID BA0000008.,,FOUND,UNKNOWN_ITEM_CLASS
230-07/11B,"Phylrich Basic Ii Single Hole Lavatory Faucet, Smooth Handle - Antique Bronze","Phylrich Basic Ii Single Hole Lavatory Faucet, Smooth Handle - Antique Bronze",PLUMB-LOT,PLUMB-LOT,,BOISE WAREHOUSE=0,ELIGIBLE,BA0016237 Phylrich,BA0016237,Phylrich,HIGH,Current StockItem VendorDetails contains 1 vendor row(s); selected default active VendorID BA0016237.,,FOUND,UNKNOWN_ITEM_CLASS
230-11-10-008,"Phylrich Basic II 10"" Wall Lavatory Set - Knurled Handles","Phylrich Basic II 10"" Wall Lavatory Set - Knurled Handles",PLUMB-LOT,PLUMB-LOT,,BOISE WAREHOUSE=1,SKIP_QTY_ON_HAND,BA0016237 Phylrich,BA0016237,Phylrich,HIGH,Current StockItem VendorDetails contains 1 vendor row(s); selected default active VendorID BA0016237.,,FOUND,SKIP_QTY_ON_HAND
233-401-24S,"Newport Brass 4"" Square Shower Drain - Satin Gold PVD","Newport Brass 4"" Square Shower Drain - Satin Gold PVD",PLUMB-LOT,PLUMB-LOT,,SALT LAKE PLUMBING=0,ELIGIBLE,BA0000714 Delta Faucet Company,BA0000714,Delta Faucet Company,HIGH,Current StockItem VendorDetails contains 1 vendor row(s); selected default active VendorID BA0000714.,,FOUND,UNKNOWN_ITEM_CLASS
2470-5303-56,Newport Brass Jacobean Single Handle Kitchen Faucet - Flat Black,Newport Brass Jacobean Single Handle Kitchen Faucet - Flat Black,PLUMB-LOT,PLUMB-LOT,,SALT LAKE APPLIANCES=0; SALT LAKE PLUMBING=0,ELIGIBLE,BA0000714 Delta Faucet Company,BA0000714,Delta Faucet Company,HIGH,Current StockItem VendorDetails contains 1 vendor row(s); selected default active VendorID BA0000714.,,FOUND,UNKNOWN_ITEM_CLASS
250-15-10/11B,"Phylrich CIRC - 10"" Single Handle Wall Lavatory Set","Phylrich CIRC - 10"" Single Handle Wall Lavatory Set",PLUMB-LOT,PLUMB-LOT,,BOISE WAREHOUSE=0,ELIGIBLE,BA0016237 Phylrich,BA0016237,Phylrich,HIGH,Current StockItem VendorDetails contains 1 vendor row(s); selected default active VendorID BA0016237.,,FOUND,UNKNOWN_ITEM_CLASS
26545000,"Grohe Rainshower Hand Shower, 3 Sprays, 1.75 GPM - Chrome","Grohe Rainshower Hand Shower, 3 Sprays, 1.75 GPM - Chrome",PLUMB-LOT,PLUMB-LOT,,BOISE WAREHOUSE=1,SKIP_QTY_ON_HAND,BA0003290 Hajoca Corporation,BA0003290,Hajoca Corporation,HIGH,Current StockItem VendorDetails contains 1 vendor row(s); selected default active VendorID BA0003290.,,FOUND,SKIP_QTY_ON_HAND
26569000,"Grohe Rainshower 310 Mono Shower Head, 12, 1 Spray, 1.75 GPM - Chrome","Grohe Rainshower 310 Mono Shower Head, 12, 1 Spray, 1.75 GPM - Chrome",PLUMB-LOT,PLUMB-LOT,,BOISE WAREHOUSE=1,SKIP_QTY_ON_HAND,BA0003290 Hajoca Corporation,BA0003290,Hajoca Corporation,HIGH,Current StockItem VendorDetails contains 1 vendor row(s); selected default active VendorID BA0003290.,,FOUND,SKIP_QTY_ON_HAND
26635000,Grohe Rainshower Wall Union - Chrome,Grohe Rainshower Wall Union - Chrome,PLUMB-LOT,PLUMB-LOT,,BOISE WAREHOUSE=1,SKIP_QTY_ON_HAND,BA0003290 Hajoca Corporation,BA0003290,Hajoca Corporation,HIGH,Current StockItem VendorDetails contains 1 vendor row(s); selected default active VendorID BA0003290.,,FOUND,SKIP_QTY_ON_HAND
26994000,"Grohe 59"" Metal Shower Hose - Chrome","Grohe 59"" Metal Shower Hose - Chrome",PLUMB-LOT,PLUMB-LOT,,BOISE WAREHOUSE=1,SKIP_QTY_ON_HAND,BA0003290 Hajoca Corporation,BA0003290,Hajoca Corporation,HIGH,Current StockItem VendorDetails contains 1 vendor row(s); selected first active VendorID BA0003290.,,FOUND,SKIP_QTY_ON_HAND
27802892-330010,Tara Hand Shower Set With Individual Flanges - Matte Black,Tara Hand Shower Set With Individual Flanges - Matte Black,PLUMB-LOT,PLUMB-LOT,,(no WarehouseDetails rows),ELIGIBLE,,BA0000715,Dornbracht GmbH & Co. KG,MEDIUM,brand-token TARA suggests BA0000715 in 12/12 existing vendor-populated StockItems; manual review required.,,FOUND,UNKNOWN_ITEM_CLASS
27802892-990010,Dornbracht Tara Hand Shower Set With Individual Flanges - Brushed Dark Platinum,Dornbracht Tara Hand Shower Set With Individual Flanges - Brushed Dark Platinum,PLUMB-LOT,PLUMB-LOT,,SALT LAKE PLUMBING=5,SKIP_QTY_ON_HAND,BA0000715 Dornbracht GmbH & Co. KG,BA0000715,Dornbracht GmbH & Co. KG,HIGH,Current StockItem VendorDetails contains 1 vendor row(s); selected first active VendorID BA0000715.,,FOUND,SKIP_QTY_ON_HAND
27982251,"Axor Montreux Wallbar 32"" - Brushed Gold Optic","Axor Montreux Wallbar 32"" - Brushed Gold Optic",PLUMB-LOT,PLUMB-LOT,,SALT LAKE HARDWARE=0; SALT LAKE PLUMBING=1,SKIP_QTY_ON_HAND,BA0000005 Hansgrohe,BA0000005,Hansgrohe,HIGH,Current StockItem VendorDetails contains 1 vendor row(s); selected default active VendorID BA0000005.,,FOUND,SKIP_QTY_ON_HAND
280R-06,Newport Brass Single Function Hand Shower Set - Antique Brass,Newport Brass Single Function Hand Shower Set - Antique Brass,PLUMB-LOT,PLUMB-LOT,,SALT LAKE PLUMBING=0,ELIGIBLE,BA0000714 Delta Faucet Company,BA0000714,Delta Faucet Company,HIGH,Current StockItem VendorDetails contains 1 vendor row(s); selected first active VendorID BA0000714.,,FOUND,UNKNOWN_ITEM_CLASS
28632250,"Hansgrohe Unica Wallbar S, 24"" - Brushed Gold Optic","Hansgrohe Unica Wallbar S, 24"" - Brushed Gold Optic",PLUMB-LOT,PLUMB-LOT,,SALT LAKE HARDWARE=0; SALT LAKE PLUMBING=1,SKIP_QTY_ON_HAND,BA0000005 Hansgrohe,BA0000005,Hansgrohe,HIGH,Current StockItem VendorDetails contains 1 vendor row(s); selected default active VendorID BA0000005.,,FOUND,SKIP_QTY_ON_HAND
28716251,"Axor Montreux Showerhead 240 1 Jet, 2.5 gpm - Brushed Gold Optic","Axor Montreux Showerhead 240 1 Jet, 2.5 gpm - Brushed Gold Optic",PLUMB-LOT,PLUMB-LOT,,SALT LAKE HARDWARE=0; SALT LAKE PLUMBING=1,SKIP_QTY_ON_HAND,BA0000005 Hansgrohe,BA0000005,Hansgrohe,HIGH,Current StockItem VendorDetails contains 1 vendor row(s); selected default active VendorID BA0000005.,,FOUND,SKIP_QTY_ON_HAND
29137000,Grohe Grohtherm Dual Function Thermostatic Valve Trim - Chrome,Grohe Grohtherm Dual Function Thermostatic Valve Trim - Chrome,PLUMB-LOT,PLUMB-LOT,,BOISE WAREHOUSE=1,SKIP_QTY_ON_HAND,BA0003290 Hajoca Corporation,BA0003290,Hajoca Corporation,HIGH,Current StockItem VendorDetails contains 1 vendor row(s); selected default active VendorID BA0003290.,,FOUND,SKIP_QTY_ON_HAND
2940-5103-034,Newport Brass Taft Kitchen Pull Down Kitchen Faucet - Aged Brass,Newport Brass Taft Kitchen Pull Down Kitchen Faucet - Aged Brass,PLUMB-LOT,PLUMB-LOT,,SALT LAKE HARDWARE=0; SALT LAKE PLUMBING=1,SKIP_QTY_ON_HAND,BA0000714 Delta Faucet Company,BA0000714,Delta Faucet Company,HIGH,Current StockItem VendorDetails contains 1 vendor row(s); selected default active VendorID BA0000714.,,FOUND,SKIP_QTY_ON_HAND
2940-5123-15S,Taft Kitchen Pull Down Kitchen Faucet - Satin Nickel,Taft Kitchen Pull Down Kitchen Faucet - Satin Nickel,PLUMB-LOT,PLUMB-LOT,,BOISE WAREHOUSE=0,ELIGIBLE,BA0000714 Delta Faucet Company,BA0000714,Delta Faucet Company,HIGH,Current StockItem VendorDetails contains 1 vendor row(s); selected default active VendorID BA0000714.,,FOUND,UNKNOWN_ITEM_CLASS
2940-5123-24A,Newport Brass Taft Kitchen Pull Down Kitchen Faucet - French Gold PVD,Newport Brass Taft Kitchen Pull Down Kitchen Faucet - French Gold PVD,PLUMB-LOT,PLUMB-LOT,,BOISE WAREHOUSE=0,ELIGIBLE,BA0000714 Delta Faucet Company,BA0000714,Delta Faucet Company,HIGH,Current StockItem VendorDetails contains 1 vendor row(s); selected default active VendorID BA0000714.,,FOUND,UNKNOWN_ITEM_CLASS
2940-5223-10,Newport Brass Taft Kitchen Prep / Bar Pull Down Faucet - Satin Bronze PVD,Newport Brass Taft Kitchen Prep / Bar Pull Down Faucet - Satin Bronze PVD,PLUMB-LOT,PLUMB-LOT,,SALT LAKE APPLIANCES=0; SALT LAKE PLUMBING=0,ELIGIBLE,BA0000714 Delta Faucet Company,BA0000714,Delta Faucet Company,HIGH,Current StockItem VendorDetails contains 1 vendor row(s); selected default active VendorID BA0000714.,,FOUND,UNKNOWN_ITEM_CLASS
2940-5463-10,Newport Brass Taft Kitchen Kitchen Bridge Pull Down Faucet - Satin Bronze PVD,Newport Brass Taft Kitchen Kitchen Bridge Pull Down Faucet - Satin Bronze PVD,PLUMB-LOT,PLUMB-LOT,,SALT LAKE APPLIANCES=0; SALT LAKE PLUMBING=0,ELIGIBLE,BA0000714 Delta Faucet Company,BA0000714,Delta Faucet Company,HIGH,Current StockItem VendorDetails contains 1 vendor row(s); selected first active VendorID BA0000714.,,FOUND,UNKNOWN_ITEM_CLASS
2940-5721-034,Newport Brass Taft Kitchen Soap / Lotion Dispenser - Aged Brass,Newport Brass Taft Kitchen Soap / Lotion Dispenser - Aged Brass,PLUMB-LOT,PLUMB-LOT,,SALT LAKE SHOWROOM=0; SALT LAKE HARDWARE=0; SALT LAKE PLUMBING=1,SKIP_QTY_ON_HAND,BA0000714 Delta Faucet Company,BA0000714,Delta Faucet Company,HIGH,Current StockItem VendorDetails contains 1 vendor row(s); selected default active VendorID BA0000714.,,FOUND,SKIP_QTY_ON_HAND
2940-5811-034,Newport Brass Taft Kitchen Air Activated Disposer Switch - Aged Brass,Newport Brass Taft Kitchen Air Activated Disposer Switch - Aged Brass,PLUMB-LOT,PLUMB-LOT,,SALT LAKE HARDWARE=0; SALT LAKE PLUMBING=1,SKIP_QTY_ON_HAND,BA0000714 Delta Faucet Company,BA0000714,Delta Faucet Company,HIGH,Current StockItem VendorDetails contains 1 vendor row(s); selected default active VendorID BA0000714.,,FOUND,SKIP_QTY_ON_HAND
2940-5811-10,Newport Brass Taft Kitchen Air Activated Disposer Switch - Satin Bronze PVD,Newport Brass Taft Kitchen Air Activated Disposer Switch - Satin Bronze PVD,PLUMB-LOT,PLUMB-LOT,,SALT LAKE APPLIANCES=0; SALT LAKE PLUMBING=0,ELIGIBLE,BA0000714 Delta Faucet Company,BA0000714,Delta Faucet Company,HIGH,Current StockItem VendorDetails contains 1 vendor row(s); selected default active VendorID BA0000714.,,FOUND,UNKNOWN_ITEM_CLASS
30-2.2-TR25-AB,"Watermark Anika Wall Mounted 3 Hole Lavatory Set With 8 1/8"" Center To Center Spout - Antique Brass","Watermark Anika Wall Mounted 3 Hole Lavatory Set With 8 1/8"" Center To Center Spout - Antique Brass",PLUMB-LOT,PLUMB-LOT,,SALT LAKE PLUMBING=0,ELIGIBLE,BA0000760 Watermark,BA0000760,Watermark,HIGH,Current StockItem VendorDetails contains 1 vendor row(s); selected default active VendorID BA0000760.,,FOUND,UNKNOWN_ITEM_CLASS
3-049/15G,Phylrich Hand Shower Hose - Gun Metal,Phylrich Hand Shower Hose - Gun Metal,PLUMB-LOT,PLUMB-LOT,,BOISE WAREHOUSE=0,ELIGIBLE,BA0016237 Phylrich,BA0016237,Phylrich,HIGH,Current StockItem VendorDetails contains 1 vendor row(s); selected default active VendorID BA0016237.,,FOUND,UNKNOWN_ITEM_CLASS
31-2.2S-BK-CL,Watermark Brooklyn Wall Mounted 3 Hole Lavatory Set With 6 in Spout - Charcoal,Watermark Brooklyn Wall Mounted 3 Hole Lavatory Set With 6 in Spout - Charcoal,PLUMB-LOT,PLUMB-LOT,,SALT LAKE PLUMBING=0,ELIGIBLE,BA0000760 Watermark,BA0000760,Watermark,HIGH,Current StockItem VendorDetails contains 1 vendor row(s); selected default active VendorID BA0000760.,,FOUND,UNKNOWN_ITEM_CLASS
3-1503TR-06,"East Linear 1/2"" Round Thermostatic Trim Plate With Handle - Antique Brass","East Linear 1/2"" Round Thermostatic Trim Plate With Handle - Antique Brass",PLUMB-LOT,PLUMB-LOT,,(no WarehouseDetails rows),ELIGIBLE,,BA0000714,Delta Faucet Company,MEDIUM,brand-token EAST suggests BA0000714 in 20/20 existing vendor-populated StockItems; manual review required.,,FOUND,UNKNOWN_ITEM_CLASS
3230-1510-03N,Newport Brass Pardees Open Toilet Tissue Holder - Uncoated Polished Brass,Newport Brass Pardees Open Toilet Tissue Holder - Uncoated Polished Brass,PLUMB-LOT,PLUMB-LOT,,SALT LAKE PLUMBING=0,ELIGIBLE,BA0000714 Delta Faucet Company,BA0000714,Delta Faucet Company,HIGH,Current StockItem VendorDetails contains 1 vendor row(s); selected default active VendorID BA0000714.,,FOUND,UNKNOWN_ITEM_CLASS
3233-03N,Newport Brass Pardees Single Hole Lavatory Faucet - Uncoated Polished Brass,Newport Brass Pardees Single Hole Lavatory Faucet - Uncoated Polished Brass,PLUMB-LOT,PLUMB-LOT,,SALT LAKE PLUMBING=0,ELIGIBLE,BA0000714 Delta Faucet Company,BA0000714,Delta Faucet Company,HIGH,Current StockItem VendorDetails contains 1 vendor row(s); selected default active VendorID BA0000714.,,FOUND,UNKNOWN_ITEM_CLASS
3-2491-04,Newport Brass Pavani Wall Mount Lavatory Faucet - Satin Brass PVD,Newport Brass Pavani Wall Mount Lavatory Faucet - Satin Brass PVD,PLUMB-LOT,PLUMB-LOT,,SALT LAKE PLUMBING=0,ELIGIBLE,BA0000714 Delta Faucet Company,BA0000714,Delta Faucet Company,HIGH,Current StockItem VendorDetails contains 1 vendor row(s); selected default active VendorID BA0000714.,,FOUND,UNKNOWN_ITEM_CLASS
3290-5113-56,Newport Brass Muncy Pull Down Kitchen Faucet - Flat Black,Newport Brass Muncy Pull Down Kitchen Faucet - Flat Black,PLUMB-LOT,PLUMB-LOT,,BOISE WAREHOUSE=2; SALT LAKE PLUMBING=0,SKIP_QTY_ON_HAND,BA0000714 Delta Faucet Company,BA0000714,Delta Faucet Company,HIGH,Current StockItem VendorDetails contains 1 vendor row(s); selected default active VendorID BA0000714.,,FOUND,SKIP_QTY_ON_HAND
3290-5223-56,Newport Brass Muncy Prep / Bar Pull Down Faucet - Flat Black,Newport Brass Muncy Prep / Bar Pull Down Faucet - Flat Black,PLUMB-LOT,PLUMB-LOT,,SALT LAKE PLUMBING=1,SKIP_QTY_ON_HAND,BA0000714 Delta Faucet Company,BA0000714,Delta Faucet Company,HIGH,Current StockItem VendorDetails contains 1 vendor row(s); selected default active VendorID BA0000714.,,FOUND,SKIP_QTY_ON_HAND
3290-5463-56,Newport Brass Muncy Kitchen Bridge Pull Down Faucet - Flat Black,Newport Brass Muncy Kitchen Bridge Pull Down Faucet - Flat Black,PLUMB-LOT,PLUMB-LOT,,SALT LAKE PLUMBING=1,SKIP_QTY_ON_HAND,BA0000714 Delta Faucet Company,BA0000714,Delta Faucet Company,HIGH,Current StockItem VendorDetails contains 1 vendor row(s); selected default active VendorID BA0000714.,,FOUND,SKIP_QTY_ON_HAND
3290-5623-56,Newport Brass Muncy Cold Water Dispenser - Flat Black,Newport Brass Muncy Cold Water Dispenser - Flat Black,PLUMB-LOT,PLUMB-LOT,,BOISE WAREHOUSE=1; SALT LAKE PLUMBING=0,SKIP_QTY_ON_HAND,BA0000714 Delta Faucet Company,BA0000714,Delta Faucet Company,HIGH,Current StockItem VendorDetails contains 1 vendor row(s); selected default active VendorID BA0000714.,,FOUND,SKIP_QTY_ON_HAND
3290-5811-56,Newport Brass Muncy Air Activated Disposer Switch - Flat Black,Newport Brass Muncy Air Activated Disposer Switch - Flat Black,PLUMB-LOT,PLUMB-LOT,,SALT LAKE PLUMBING=2,SKIP_QTY_ON_HAND,BA0000714 Delta Faucet Company,BA0000714,Delta Faucet Company,HIGH,Current StockItem VendorDetails contains 1 vendor row(s); selected default active VendorID BA0000714.,,FOUND,SKIP_QTY_ON_HAND
3301-04,Brasstech Lavatory Drain - Satin Brass PVD,Brasstech Lavatory Drain - Satin Brass PVD,PLUMB-LOT,PLUMB-LOT,,SALT LAKE PLUMBING=0,ELIGIBLE,BA0000714 Delta Faucet Company,BA0000714,Delta Faucet Company,HIGH,Current StockItem VendorDetails contains 1 vendor row(s); selected default active VendorID BA0000714.,,FOUND,UNKNOWN_ITEM_CLASS
33233660-99,Dornbracht Meta Single Lever Tub Mixer For Wall Mounted Installation With Hand Shower Set - Brushed Dark Platinum,Dornbracht Meta Single Lever Tub Mixer For Wall Mounted Installation With Hand Shower Set - Brushed Dark Platinum,PLUMB-LOT,PLUMB-LOT,,SALT LAKE PLUMBING=1,SKIP_QTY_ON_HAND,BA0000715 Dornbracht GmbH & Co. KG,BA0000715,Dornbracht GmbH & Co. KG,HIGH,Current StockItem VendorDetails contains 1 vendor row(s); selected first active VendorID BA0000715.,,FOUND,SKIP_QTY_ON_HAND
3-334/15G,"Phylrich 8"" Round Shower Head","Phylrich 8"" Round Shower Head",PLUMB-LOT,PLUMB-LOT,,BOISE WAREHOUSE=0,ELIGIBLE,BA0016237 Phylrich,BA0016237,Phylrich,HIGH,Current StockItem VendorDetails contains 1 vendor row(s); selected default active VendorID BA0016237.,,FOUND,UNKNOWN_ITEM_CLASS
3-338/015,"12"" Round Shower Head - Satin Nickel","12"" Round Shower Head - Satin Nickel",PLUMB-LOT,PLUMB-LOT,,(no WarehouseDetails rows),ELIGIBLE,,,,NONE,No current VendorDetails row and no deterministic existing StockItem pattern met the audit threshold.,,FOUND,UNKNOWN_ITEM_CLASS
33500882-990010,Dornbracht Tara Single Lever Lavatory Mixer With Drain - Brushed Dark Platinum,Dornbracht Tara Single Lever Lavatory Mixer With Drain - Brushed Dark Platinum,PLUMB-LOT,PLUMB-LOT,,SALT LAKE PLUMBING=1,SKIP_QTY_ON_HAND,BA0000715 Dornbracht GmbH & Co. KG,BA0000715,Dornbracht GmbH & Co. KG,HIGH,Current StockItem VendorDetails contains 1 vendor row(s); selected first active VendorID BA0000715.,,FOUND,SKIP_QTY_ON_HAND
33815888-990010,Dornbracht Tara Single Lever Mixer - Brushed Dark Platinum,Dornbracht Tara Single Lever Mixer - Brushed Dark Platinum,PLUMB-LOT,PLUMB-LOT,,SALT LAKE PLUMBING=1,SKIP_QTY_ON_HAND,BA0000715 Dornbracht GmbH & Co. KG,BA0000715,Dornbracht GmbH & Co. KG,HIGH,Current StockItem VendorDetails contains 1 vendor row(s); selected first active VendorID BA0000715.,,FOUND,SKIP_QTY_ON_HAND
33885000,Grohe Non Rapido 3 Hole Wall Mount Faucet Rough-In Valve,Grohe Non Rapido 3 Hole Wall Mount Faucet Rough-In Valve,PLUMB-LOT,PLUMB-LOT,,BOISE WAREHOUSE=0,ELIGIBLE,BA0003290 Hajoca Corporation,BA0003290,Hajoca Corporation,HIGH,Current StockItem VendorDetails contains 1 vendor row(s); selected default active VendorID BA0003290.,,FOUND,UNKNOWN_ITEM_CLASS
35-0.3-GM,Watermark Edge Wall Mounted Towel Ring - Gun Metal,Watermark Edge Wall Mounted Towel Ring - Gun Metal,PLUMB-LOT,PLUMB-LOT,,SALT LAKE HARDWARE=0,ELIGIBLE,BA0000760 Watermark,BA0000760,Watermark,HIGH,Current StockItem VendorDetails contains 1 vendor row(s); selected default active VendorID BA0000760.,,FOUND,UNKNOWN_ITEM_CLASS
35-0.4-GM,Watermark Edge Wall Mounted Paper Holder - Gun Metal,Watermark Edge Wall Mounted Paper Holder - Gun Metal,PLUMB-LOT,PLUMB-LOT,,SALT LAKE HARDWARE=0,ELIGIBLE,BA0000760 Watermark,BA0000760,Watermark,HIGH,Current StockItem VendorDetails contains 1 vendor row(s); selected default active VendorID BA0000760.,,FOUND,UNKNOWN_ITEM_CLASS
35087970-90,Pot Filler Rough-in Wall Elbow,Pot Filler Rough-in Wall Elbow,PLUMB-LOT,PLUMB-LOT,,(no WarehouseDetails rows),ELIGIBLE,,,,NONE,No current VendorDetails row and no deterministic existing StockItem pattern met the audit threshold.,,FOUND,UNKNOWN_ITEM_CLASS
3-517/11B,Phylrich Push To Close Drain With No Overflow - Antique Bronze,Phylrich Push To Close Drain With No Overflow - Antique Bronze,PLUMB-LOT,PLUMB-LOT,,BOISE WAREHOUSE=0,ELIGIBLE,BA0016237 Phylrich,BA0016237,Phylrich,HIGH,Current StockItem VendorDetails contains 1 vendor row(s); selected default active VendorID BA0016237.,,FOUND,UNKNOWN_ITEM_CLASS
35203970-900010,Wall Mounted Three Way Diverter,Wall Mounted Three Way Diverter,PLUMB-LOT,PLUMB-LOT,,(no WarehouseDetails rows),ELIGIBLE,,,,NONE,No current VendorDetails row and no deterministic existing StockItem pattern met the audit threshold.,,FOUND,UNKNOWN_ITEM_CLASS
35298251,"Axor ShowerSolutions Showerhead 250 2 Jet, 2.5 GPM - Brushed Gold Optic","Axor ShowerSolutions Showerhead 250 2 Jet, 2.5 GPM - Brushed Gold Optic",PLUMB-LOT,PLUMB-LOT,,SALT LAKE HARDWARE=0; SALT LAKE PLUMBING=1,SKIP_QTY_ON_HAND,BA0000005 Hansgrohe,BA0000005,Hansgrohe,HIGH,Current StockItem VendorDetails contains 1 vendor row(s); selected default active VendorID BA0000005.,,FOUND,SKIP_QTY_ON_HAND
35363181,"Axor ShowerSolutions Rough, Showerhead , Flush Ceiling Mount","Axor ShowerSolutions Rough, Showerhead , Flush Ceiling Mount",PLUMB-LOT,PLUMB-LOT,,SALT LAKE HARDWARE=0; SALT LAKE PLUMBING=0,ELIGIBLE,BA0000005 Hansgrohe,BA0000005,Hansgrohe,HIGH,Current StockItem VendorDetails contains 1 vendor row(s); selected default active VendorID BA0000005.,,FOUND,UNKNOWN_ITEM_CLASS
3-545/008,Phylrich Push To Close Drain With Overflow - Architectural Bronze,Phylrich Push To Close Drain With Overflow - Architectural Bronze,PLUMB-LOT,PLUMB-LOT,,BOISE WAREHOUSE=1,SKIP_QTY_ON_HAND,BA0016237 Phylrich,BA0016237,Phylrich,HIGH,Current StockItem VendorDetails contains 1 vendor row(s); selected default active VendorID BA0016237.,,FOUND,SKIP_QTY_ON_HAND
3-545/15G,Phylrich Push To Close Drain With Overflow - Gun Metal Grey,Phylrich Push To Close Drain With Overflow - Gun Metal Grey,PLUMB-LOT,PLUMB-LOT,,BOISE WAREHOUSE=0,ELIGIBLE,BA0016237 Phylrich,BA0016237,Phylrich,HIGH,Current StockItem VendorDetails contains 1 vendor row(s); selected default active VendorID BA0016237.,,FOUND,UNKNOWN_ITEM_CLASS
35601000,Grohe Rapido Smartbox Universal Rough-in Box,Grohe Rapido Smartbox Universal Rough-in Box,PLUMB-LOT,PLUMB-LOT,,BOISE WAREHOUSE=0,ELIGIBLE,BA0003290 Hajoca Corporation,BA0003290,Hajoca Corporation,HIGH,Current StockItem VendorDetails contains 1 vendor row(s); selected default active VendorID BA0003290.,,FOUND,UNKNOWN_ITEM_CLASS
3592097090,Pressure Balance Valve,Pressure Balance Valve,PLUMB-LOT,PLUMB-LOT,,SALT LAKE PLUMBING=0,ELIGIBLE,BA0000715 Dornbracht GmbH & Co. KG,BA0000715,Dornbracht GmbH & Co. KG,HIGH,Current StockItem VendorDetails contains 1 vendor row(s); selected first active VendorID BA0000715.,,FOUND,UNKNOWN_ITEM_CLASS
36501979-33,"Xtool Concealed Thermostat Without Diverter 1/2"" - Matte Black","Xtool Concealed Thermostat Without Diverter 1/2"" - Matte Black",PLUMB-LOT,PLUMB-LOT,,(no WarehouseDetails rows),ELIGIBLE,,,,NONE,No current VendorDetails row and no deterministic existing StockItem pattern met the audit threshold.,,FOUND,UNKNOWN_ITEM_CLASS
36607882-33,"Tara Volume Control Clockwise-Closing 1/2"" - Matte Black","Tara Volume Control Clockwise-Closing 1/2"" - Matte Black",PLUMB-LOT,PLUMB-LOT,,(no WarehouseDetails rows),ELIGIBLE,,BA0000715,Dornbracht GmbH & Co. KG,MEDIUM,brand-token TARA suggests BA0000715 in 12/12 existing vendor-populated StockItems; manual review required.,,FOUND,UNKNOWN_ITEM_CLASS
36707251,Axor ShowerSelect Thermostatic Trim SoftCube for 2 Functions - Brushed Gold Optic,Axor ShowerSelect Thermostatic Trim SoftCube for 2 Functions - Brushed Gold Optic,PLUMB-LOT,PLUMB-LOT,,SALT LAKE HARDWARE=0; SALT LAKE PLUMBING=1,SKIP_QTY_ON_HAND,BA0000005 Hansgrohe,BA0000005,Hansgrohe,HIGH,Current StockItem VendorDetails contains 1 vendor row(s); selected default active VendorID BA0000005.,,FOUND,SKIP_QTY_ON_HAND
36707882-990010,Dornbracht Tara Wall Mounted Three-Hole Lavatory Mixer Without Drain - Brushed Dark Platinum,Dornbracht Tara Wall Mounted Three-Hole Lavatory Mixer Without Drain - Brushed Dark Platinum,PLUMB-LOT,PLUMB-LOT,,SALT LAKE PLUMBING=0,ELIGIBLE,BA0000715 Dornbracht GmbH & Co. KG,BA0000715,Dornbracht GmbH & Co. KG,HIGH,Current StockItem VendorDetails contains 1 vendor row(s); selected first active VendorID BA0000715.,,FOUND,UNKNOWN_ITEM_CLASS
3-700/15G,Phylrich Contemporary Round Flange,Phylrich Contemporary Round Flange,PLUMB-LOT,PLUMB-LOT,,BOISE WAREHOUSE=0,ELIGIBLE,BA0016237 Phylrich,BA0016237,Phylrich,HIGH,Current StockItem VendorDetails contains 1 vendor row(s); selected default active VendorID BA0016237.,,FOUND,UNKNOWN_ITEM_CLASS
3702-PN,"Cal Faucets San Elijo 8"" Widespread Lavatory Faucet - Polished Nickel","Cal Faucets San Elijo 8"" Widespread Lavatory Faucet - Polished Nickel",PLUMB-LOT,PLUMB-LOT,,SALT LAKE PLUMBING=0,ELIGIBLE,BA0000006 California Faucets,BA0000006,California Faucets,HIGH,Current StockItem VendorDetails contains 1 vendor row(s); selected default active VendorID BA0000006.,,FOUND,UNKNOWN_ITEM_CLASS
3-782/15G,"Phylrich 3"" Hand Shower - Gun Metal","Phylrich 3"" Hand Shower - Gun Metal",PLUMB-LOT,PLUMB-LOT,,BOISE WAREHOUSE=0,ELIGIBLE,BA0016237 Phylrich,BA0016237,Phylrich,HIGH,Current StockItem VendorDetails contains 1 vendor row(s); selected default active VendorID BA0016237.,,FOUND,UNKNOWN_ITEM_CLASS
3-991-06,East Linear Wall Mount Lavatory Faucet - Antique Brass,East Linear Wall Mount Lavatory Faucet - Antique Brass,PLUMB-LOT,PLUMB-LOT,,(no WarehouseDetails rows),ELIGIBLE,,BA0000714,Delta Faucet Company,MEDIUM,brand-token EAST suggests BA0000714 in 20/20 existing vendor-populated StockItems; manual review required.,,FOUND,UNKNOWN_ITEM_CLASS
3-991L-06,East Linear Wall Mount Lavatory Faucet - Antique Brass,East Linear Wall Mount Lavatory Faucet - Antique Brass,PLUMB-LOT,PLUMB-LOT,,(no WarehouseDetails rows),ELIGIBLE,,BA0000714,Delta Faucet Company,MEDIUM,brand-token EAST suggests BA0000714 in 20/20 existing vendor-populated StockItems; manual review required.,,FOUND,UNKNOWN_ITEM_CLASS
40364001,Grohe Essentials Robe Hook - Chrome,Grohe Essentials Robe Hook - Chrome,PLUMB-LOT,PLUMB-LOT,,BOISE WAREHOUSE=2,SKIP_QTY_ON_HAND,BA0003290 Hajoca Corporation,BA0003290,Hajoca Corporation,HIGH,Current StockItem VendorDetails contains 1 vendor row(s); selected default active VendorID BA0003290.,,FOUND,SKIP_QTY_ON_HAND
40421001,"Grohe Essentials 12"" Grab Bar - Chrome","Grohe Essentials 12"" Grab Bar - Chrome",PLUMB-LOT,PLUMB-LOT,,BOISE WAREHOUSE=2,SKIP_QTY_ON_HAND,BA0003290 Hajoca Corporation,BA0003290,Hajoca Corporation,HIGH,Current StockItem VendorDetails contains 1 vendor row(s); selected default active VendorID BA0003290.,,FOUND,SKIP_QTY_ON_HAND
40689001,Grohe Essentials Paper Holder - Chrome,Grohe Essentials Paper Holder - Chrome,PLUMB-LOT,PLUMB-LOT,,BOISE WAREHOUSE=1,SKIP_QTY_ON_HAND,BA0003290 Hajoca Corporation,BA0003290,Hajoca Corporation,HIGH,Current StockItem VendorDetails contains 1 vendor row(s); selected default active VendorID BA0003290.,,FOUND,SKIP_QTY_ON_HAND
40793001,"Grohe Essentials 18"" Grab Bar - Chrome","Grohe Essentials 18"" Grab Bar - Chrome",PLUMB-LOT,PLUMB-LOT,,BOISE WAREHOUSE=1,SKIP_QTY_ON_HAND,BA0003290 Hajoca Corporation,BA0003290,Hajoca Corporation,HIGH,Current StockItem VendorDetails contains 1 vendor row(s); selected default active VendorID BA0003290.,,FOUND,SKIP_QTY_ON_HAND
4-1504BP-06,"East Linear Balanced Pressure Shower Trim Plate With Handle, Less Showerhead, Arm And Flange - Antique Brass","East Linear Balanced Pressure Shower Trim Plate With Handle, Less Showerhead, Arm And Flange - Antique Brass",PLUMB-LOT,PLUMB-LOT,,(no WarehouseDetails rows),ELIGIBLE,,BA0000714,Delta Faucet Company,MEDIUM,brand-token EAST suggests BA0000714 in 20/20 existing vendor-populated StockItems; manual review required.,,FOUND,UNKNOWN_ITEM_CLASS
4-204/015,Basic II Hand Shower With Volume Control Kit - Satin Nickel,Basic II Hand Shower With Volume Control Kit - Satin Nickel,PLUMB-LOT,PLUMB-LOT,,(no WarehouseDetails rows),ELIGIBLE,,BA0016237,Phylrich,MEDIUM,brand-token BASIC suggests BA0016237 in 25/26 existing vendor-populated StockItems; manual review required.,,FOUND,UNKNOWN_ITEM_CLASS
42856000,Axor Universal Circular Roll Holder - Chrome,Axor Universal Circular Roll Holder - Chrome,PLUMB-LOT,PLUMB-LOT,,SALT LAKE PLUMBING=0,ELIGIBLE,BA0000005 Hansgrohe,BA0000005,Hansgrohe,HIGH,Current StockItem VendorDetails contains 1 vendor row(s); selected default active VendorID BA0000005.,,FOUND,UNKNOWN_ITEM_CLASS
4-345/015,Basic Thermostatic Valve With Two Volume Control - Satin Nickel,Basic Thermostatic Valve With Two Volume Control - Satin Nickel,PLUMB-LOT,PLUMB-LOT,,(no WarehouseDetails rows),ELIGIBLE,,BA0016237,Phylrich,MEDIUM,brand-token BASIC suggests BA0016237 in 25/26 existing vendor-populated StockItems; manual review required.,,FOUND,UNKNOWN_ITEM_CLASS
443238,Blanco Liven Bar Dual Mount - Truffle,Blanco Liven Bar Dual Mount - Truffle,PLUMB-LOT,PLUMB-LOT,,BOISE WAREHOUSE=1,SKIP_QTY_ON_HAND,BA0015236 Blanco America Inc.,BA0015236,Blanco America Inc.,HIGH,Current StockItem VendorDetails contains 1 vendor row(s); selected default active VendorID BA0015236.,,FOUND,SKIP_QTY_ON_HAND
443317,Blanco Inteos 33 Sink - Volcano Gray,Blanco Inteos 33 Sink - Volcano Gray,PLUMB-LOT,PLUMB-LOT,,BOISE WAREHOUSE=1,SKIP_QTY_ON_HAND,BA0015236 Blanco America Inc.,BA0015236,Blanco America Inc.,HIGH,Current StockItem VendorDetails contains 1 vendor row(s); selected default active VendorID BA0015236.,,FOUND,SKIP_QTY_ON_HAND
443320,"Blanco Inteos 39"" Workstation Sink - Anthracite","Blanco Inteos 39"" Workstation Sink - Anthracite",PLUMB-LOT,PLUMB-LOT,,BOISE WAREHOUSE=1,SKIP_QTY_ON_HAND,BA0015236 Blanco America Inc.,BA0015236,Blanco America Inc.,HIGH,Current StockItem VendorDetails contains 1 vendor row(s); selected default active VendorID BA0015236.,,FOUND,SKIP_QTY_ON_HAND
443323,Blanco Inteos 39 Sink - Truffle,Blanco Inteos 39 Sink - Truffle,PLUMB-LOT,PLUMB-LOT,,BOISE WAREHOUSE=0,ELIGIBLE,BA0015236 Blanco America Inc.,BA0015236,Blanco America Inc.,HIGH,Current StockItem VendorDetails contains 1 vendor row(s); selected default active VendorID BA0015236.,,FOUND,UNKNOWN_ITEM_CLASS
443326,Blanco Inteos 39 Sink - Soft White,Blanco Inteos 39 Sink - Soft White,PLUMB-LOT,PLUMB-LOT,,BOISE WAREHOUSE=0; SALT LAKE PLUMBING=0,ELIGIBLE,BA0015236 Blanco America Inc.,BA0015236,Blanco America Inc.,HIGH,Current StockItem VendorDetails contains 1 vendor row(s); selected default active VendorID BA0015236.,,FOUND,UNKNOWN_ITEM_CLASS
4-499/047,Phylrich Transition Pressure Balance Shower Plate And Handle Trim,Phylrich Transition Pressure Balance Shower Plate And Handle Trim,PLUMB-LOT,PLUMB-LOT,,SALT LAKE APPLIANCES=0; SALT LAKE PLUMBING=0,ELIGIBLE,BA0016237 Phylrich,BA0016237,Phylrich,HIGH,Current StockItem VendorDetails contains 1 vendor row(s); selected default active VendorID BA0016237.,,FOUND,UNKNOWN_ITEM_CLASS
4-575/15G,Phylrich Thermostatic Valve  - Gun Metal Grey,Phylrich Thermostatic Valve  - Gun Metal Grey,PLUMB-LOT,PLUMB-LOT,,BOISE WAREHOUSE=0,ELIGIBLE,BA0016237 Phylrich,BA0016237,Phylrich,HIGH,Current StockItem VendorDetails contains 1 vendor row(s); selected default active VendorID BA0016237.,,FOUND,UNKNOWN_ITEM_CLASS
4-708/11B,"Phylrich Circ Thermostatic Valve With Volume Cont Or Diverter , Brass Handles - Antique Bronze","Phylrich Circ Thermostatic Valve With Volume Cont Or Diverter , Brass Handles - Antique Bronze",PLUMB-LOT,PLUMB-LOT,,BOISE WAREHOUSE=0,ELIGIBLE,BA0016237 Phylrich,BA0016237,Phylrich,HIGH,Current StockItem VendorDetails contains 1 vendor row(s); selected default active VendorID BA0016237.,,FOUND,UNKNOWN_ITEM_CLASS
49031001,"Axor Citterio C Single Hole Faucet 125 CoolStart with Pop Up Drain Cubic Cut, 1.2 GPM - Chrome","Axor Citterio C Single Hole Faucet 125 CoolStart with Pop Up Drain Cubic Cut, 1.2 GPM - Chrome",PLUMB-LOT,PLUMB-LOT,,SALT LAKE PLUMBING=0,ELIGIBLE,BA0000005 Hansgrohe,BA0000005,Hansgrohe,HIGH,Current StockItem VendorDetails contains 1 vendor row(s); selected default active VendorID BA0000005.,,FOUND,UNKNOWN_ITEM_CLASS
501-04/015,Hex Modern Widespread Faucet Lever Handles - Satin Nickel,Hex Modern Widespread Faucet Lever Handles - Satin Nickel,PLUMB-LOT,PLUMB-LOT,,(no WarehouseDetails rows),ELIGIBLE,,,,NONE,No current VendorDetails row and no deterministic existing StockItem pattern met the audit threshold.,,FOUND,UNKNOWN_ITEM_CLASS
501-47-02/015,"Floor Mounted Tub Filler Lever Handle, Tall - Satin Nickel","Floor Mounted Tub Filler Lever Handle, Tall - Satin Nickel",PLUMB-LOT,PLUMB-LOT,,(no WarehouseDetails rows),ELIGIBLE,,,,NONE,No current VendorDetails row and no deterministic existing StockItem pattern met the audit threshold.,,FOUND,UNKNOWN_ITEM_CLASS
501-71/015,"Hex Modern 24"" Towel Bar - Satin Nickel","Hex Modern 24"" Towel Bar - Satin Nickel",PLUMB-LOT,PLUMB-LOT,,(no WarehouseDetails rows),ELIGIBLE,,,,NONE,No current VendorDetails row and no deterministic existing StockItem pattern met the audit threshold.,,FOUND,UNKNOWN_ITEM_CLASS
501-74/015,Hex Modern Single Post Paper Holder - Satin Nickel,Hex Modern Single Post Paper Holder - Satin Nickel,PLUMB-LOT,PLUMB-LOT,,(no WarehouseDetails rows),ELIGIBLE,,,,NONE,No current VendorDetails row and no deterministic existing StockItem pattern met the audit threshold.,,FOUND,UNKNOWN_ITEM_CLASS
501-75/015,Hex Modern Towel Ring - Satin Nickel,Hex Modern Towel Ring - Satin Nickel,PLUMB-LOT,PLUMB-LOT,,(no WarehouseDetails rows),ELIGIBLE,,,,NONE,No current VendorDetails row and no deterministic existing StockItem pattern met the audit threshold.,,FOUND,UNKNOWN_ITEM_CLASS
554DG-26,"Newport Brass East Linear 9"" Deep Corner Basket - Polished Chrome","Newport Brass East Linear 9"" Deep Corner Basket - Polished Chrome",PLUMB-LOT,PLUMB-LOT,,SALT LAKE APPLIANCES=0; SALT LAKE PLUMBING=0,ELIGIBLE,BA0000714 Delta Faucet Company,BA0000714,Delta Faucet Company,HIGH,Current StockItem VendorDetails contains 1 vendor row(s); selected default active VendorID BA0000714.,,FOUND,UNKNOWN_ITEM_CLASS
6-027-20,"Newport Brass East Linear Air Gap, Reverse Osmosis - Stainless Steel PVD","Newport Brass East Linear Air Gap, Reverse Osmosis - Stainless Steel PVD",PLUMB-LOT,PLUMB-LOT,,SALT LAKE HARDWARE=0; SALT LAKE PLUMBING=1,SKIP_QTY_ON_HAND,BA0000714 Delta Faucet Company,BA0000714,Delta Faucet Company,HIGH,Current StockItem VendorDetails contains 1 vendor row(s); selected default active VendorID BA0000714.,,FOUND,SKIP_QTY_ON_HAND
63943LF-PN,Brizo Litze Pull Down Prep Faucet With Arc Spout Knurled Handle - Polished Nickel,Brizo Litze Pull Down Prep Faucet With Arc Spout Knurled Handle - Polished Nickel,PLUMB-LOT,PLUMB-LOT,,SALT LAKE APPLIANCES=0; SALT LAKE PLUMBING=0,ELIGIBLE,BA0000714 Delta Faucet Company,BA0000714,Delta Faucet Company,HIGH,Current StockItem VendorDetails contains 1 vendor row(s); selected default active VendorID BA0000714.,,FOUND,UNKNOWN_ITEM_CLASS
64048LF-PCLHP,"Brizo Faircroft SmartTouch® Pull Down Faucet With Arc Spout, Less Handle - Polished Chrome","Brizo Faircroft SmartTouch® Pull Down Faucet With Arc Spout, Less Handle - Polished Chrome",PLUMB-LOT,PLUMB-LOT,,SALT LAKE PLUMBING=0,ELIGIBLE,"BA0000008 Waterworks Operating Co., LLC",BA0000008,"Waterworks Operating Co., LLC",HIGH,Current StockItem VendorDetails contains 2 vendor row(s); selected default active VendorID BA0000008.,,FOUND,UNKNOWN_ITEM_CLASS
696367-GL,Brizo Allaria Universal Tank Lever - Luxe Gold,Brizo Allaria Universal Tank Lever - Luxe Gold,PLUMB-LOT,PLUMB-LOT,,BOISE WAREHOUSE=0,ELIGIBLE,BA0000714 Delta Faucet Company,BA0000714,Delta Faucet Company,HIGH,Current StockItem VendorDetails contains 1 vendor row(s); selected default active VendorID BA0000714.,,FOUND,UNKNOWN_ITEM_CLASS
70-0.4-GM,Watermark Rainey Wall Mounted Paper Holder - Gun Metal,Watermark Rainey Wall Mounted Paper Holder - Gun Metal,PLUMB-LOT,PLUMB-LOT,,SALT LAKE PLUMBING=0,ELIGIBLE,BA0000760 Watermark,BA0000760,Watermark,HIGH,Current StockItem VendorDetails contains 1 vendor row(s); selected default active VendorID BA0000760.,,FOUND,UNKNOWN_ITEM_CLASS
7711-HE4.20-SN,California Faucets Morro Bay Modern Single Hole Floor Mount Tub Filler - Satin Nickel,California Faucets Morro Bay Modern Single Hole Floor Mount Tub Filler - Satin Nickel,PLUMB-LOT,PLUMB-LOT,,SALT LAKE APPLIANCES=0; SALT LAKE PLUMBING=0,ELIGIBLE,BA0000006 California Faucets,BA0000006,California Faucets,HIGH,Current StockItem VendorDetails contains 1 vendor row(s); selected default active VendorID BA0000006.,,FOUND,UNKNOWN_ITEM_CLASS
7864SRS,Moen Sleek One Handle Pull Down Kitchen Faucet - Spot Resist Stainless,Moen Sleek One Handle Pull Down Kitchen Faucet - Spot Resist Stainless,PLUMB-LOT,PLUMB-LOT,,BOISE WAREHOUSE=2; SALT LAKE PLUMBING=0,SKIP_QTY_ON_HAND,BA0003290 Hajoca Corporation,BA0003290,Hajoca Corporation,HIGH,Current StockItem VendorDetails contains 1 vendor row(s); selected default active VendorID BA0003290.,,FOUND,SKIP_QTY_ON_HAND
78908,"Delta Tetra® 8"" Towel Bar - Chrome","Delta Tetra® 8"" Towel Bar - Chrome",PLUMB-LOT,PLUMB-LOT,,SALT LAKE PLUMBING=0,ELIGIBLE,BA0000714 Delta Faucet Company,BA0000714,Delta Faucet Company,HIGH,Current StockItem VendorDetails contains 1 vendor row(s); selected default active VendorID BA0000714.,,FOUND,UNKNOWN_ITEM_CLASS
78908-SS,Delta Tetra 8 in Towel Bar - Stainless Steel,Delta Tetra 8 in Towel Bar - Stainless Steel,PLUMB-LOT,PLUMB-LOT,,BOISE WAREHOUSE=1; PROVO SHOWROOM=1; SALT LAKE HARDWARE=1,SKIP_QTY_ON_HAND,BA0000714 Delta Faucet Company,BA0000714,Delta Faucet Company,HIGH,Current StockItem VendorDetails contains 1 vendor row(s); selected default active VendorID BA0000714.,,FOUND,SKIP_QTY_ON_HAND
78935,Delta Tetra® Robe Hook - Chrome,Delta Tetra® Robe Hook - Chrome,PLUMB-LOT,PLUMB-LOT,,SALT LAKE PLUMBING=0,ELIGIBLE,BA0000714 Delta Faucet Company,BA0000714,Delta Faucet Company,HIGH,Current StockItem VendorDetails contains 1 vendor row(s); selected default active VendorID BA0000714.,,FOUND,UNKNOWN_ITEM_CLASS
78955,Delta Tetra® Tissue Holder - Chrome,Delta Tetra® Tissue Holder - Chrome,PLUMB-LOT,PLUMB-LOT,,SALT LAKE PLUMBING=0,ELIGIBLE,BA0000714 Delta Faucet Company,BA0000714,Delta Faucet Company,HIGH,Current StockItem VendorDetails contains 1 vendor row(s); selected default active VendorID BA0000714.,,FOUND,UNKNOWN_ITEM_CLASS
78955-SS,Delta Tetra Tissue Holder - Stainless,Delta Tetra Tissue Holder - Stainless,PLUMB-LOT,PLUMB-LOT,,BOISE WAREHOUSE=1; PROVO SHOWROOM=0; SALT LAKE HARDWARE=1,SKIP_QTY_ON_HAND,BA0000714 Delta Faucet Company,BA0000714,Delta Faucet Company,HIGH,Current StockItem VendorDetails contains 1 vendor row(s); selected default active VendorID BA0000714.,,FOUND,SKIP_QTY_ON_HAND
7904CPBNL,Water Street Brass Kenwood 18 in Pull - Coined - Polished No Lacquer,Water Street Brass Kenwood 18 in Pull - Coined - Polished No Lacquer,PLUMB-LOT,PLUMB-LOT,,SALT LAKE PLUMBING=0,ELIGIBLE,BA0000700 Water Street Brass,BA0000700,Water Street Brass,HIGH,Current StockItem VendorDetails contains 1 vendor row(s); selected default active VendorID BA0000700.,,FOUND,UNKNOWN_ITEM_CLASS
82392-PC,"Brizo Universal Showering 5"" Linear Round Single Function Wall Mount Showerhead - Polished Chrome","Brizo Universal Showering 5"" Linear Round Single Function Wall Mount Showerhead - Polished Chrome",PLUMB-LOT,PLUMB-LOT,,SALT LAKE PLUMBING=0,ELIGIBLE,BA0000714 Delta Faucet Company,BA0000714,Delta Faucet Company,HIGH,Current StockItem VendorDetails contains 1 vendor row(s); selected default active VendorID BA0000714.,,FOUND,UNKNOWN_ITEM_CLASS
83030892-99,Tara Towel Bar - Brushed Dark Platinum,Tara Towel Bar - Brushed Dark Platinum,PLUMB-LOT,PLUMB-LOT,,(no WarehouseDetails rows),ELIGIBLE,,BA0000715,Dornbracht GmbH & Co. KG,MEDIUM,brand-token TARA suggests BA0000715 in 12/12 existing vendor-populated StockItems; manual review required.,,FOUND,UNKNOWN_ITEM_CLASS
87435-NK-2.5,"Brizo Litze 8” H2OKinetic Round Multi Function Wall Mount Showerhead, 2.5 GPM - Luxe Nickel","Brizo Litze 8” H2OKinetic Round Multi Function Wall Mount Showerhead, 2.5 GPM - Luxe Nickel",PLUMB-LOT,PLUMB-LOT,,SALT LAKE PLUMBING=1,SKIP_QTY_ON_HAND,BA0000714 Delta Faucet Company,BA0000714,Delta Faucet Company,HIGH,Current StockItem VendorDetails contains 1 vendor row(s); selected default active VendorID BA0000714.,,FOUND,SKIP_QTY_ON_HAND
8CB-250L-SL-L,Brizo Bilateral Square Elemental Experience - Lumicoat Luxe Steel,Brizo Bilateral Square Elemental Experience - Lumicoat Luxe Steel,PLUMB-LOT,PLUMB-LOT,,BOISE WAREHOUSE=0,ELIGIBLE,BA0000714 Delta Faucet Company,BA0000714,Delta Faucet Company,HIGH,Current StockItem VendorDetails contains 1 vendor row(s); selected default active VendorID BA0000714.,,FOUND,UNKNOWN_ITEM_CLASS
910-4261-034,"Newport Brass Astor Exposed Tub And Hand Shower Set, Free Standing - Aged Brass","Newport Brass Astor Exposed Tub And Hand Shower Set, Free Standing - Aged Brass",PLUMB-LOT,PLUMB-LOT,,SALT LAKE HARDWARE=0; SALT LAKE PLUMBING=0,ELIGIBLE,BA0000714 Delta Faucet Company,BA0000714,Delta Faucet Company,HIGH,Current StockItem VendorDetails contains 1 vendor row(s); selected default active VendorID BA0000714.,,FOUND,UNKNOWN_ITEM_CLASS
9107-60-BBU,"California Faucets Curved Shower Arm, Line Base - Burnished Brass","California Faucets Curved Shower Arm, Line Base - Burnished Brass",PLUMB-LOT,PLUMB-LOT,,SALT LAKE PLUMBING=0,ELIGIBLE,BA0000006 California Faucets,BA0000006,California Faucets,HIGH,Current StockItem VendorDetails contains 1 vendor row(s); selected default active VendorID BA0000006.,,FOUND,UNKNOWN_ITEM_CLASS
9126-45-BBU,"California Faucets Rincon Bay Wall Mounted Handshower Kit, Concave Base - Burnished Brass","California Faucets Rincon Bay Wall Mounted Handshower Kit, Concave Base - Burnished Brass",PLUMB-LOT,PLUMB-LOT,,SALT LAKE PLUMBING=0,ELIGIBLE,BA0000006 California Faucets,BA0000006,California Faucets,HIGH,Current StockItem VendorDetails contains 1 vendor row(s); selected default active VendorID BA0000006.,,FOUND,UNKNOWN_ITEM_CLASS
9127-38-ANF,"California Faucets San Elijo Slide Bar Handshower Kit, Lever Handle with Round Base - Antique Nickel Flat","California Faucets San Elijo Slide Bar Handshower Kit, Lever Handle with Round Base - Antique Nickel Flat",PLUMB-LOT,PLUMB-LOT,,BOISE WAREHOUSE=0,ELIGIBLE,BA0000006 California Faucets,BA0000006,California Faucets,HIGH,Current StockItem VendorDetails contains 1 vendor row(s); selected default active VendorID BA0000006.,,FOUND,UNKNOWN_ITEM_CLASS
990-1200-26,"Newport Brass East Linear 8"" Towel Bar - Polished Chrome","Newport Brass East Linear 8"" Towel Bar - Polished Chrome",PLUMB-LOT,PLUMB-LOT,,SALT LAKE APPLIANCES=0; SALT LAKE PLUMBING=0,ELIGIBLE,BA0000714 Delta Faucet Company,BA0000714,Delta Faucet Company,HIGH,Current StockItem VendorDetails contains 1 vendor row(s); selected default active VendorID BA0000714.,,FOUND,UNKNOWN_ITEM_CLASS
990-1570-26,Newport Brass East Linear Open Toilet Tissue Holder - Polished Chrome,Newport Brass East Linear Open Toilet Tissue Holder - Polished Chrome,PLUMB-LOT,PLUMB-LOT,,PROVO SHOWROOM=0; SALT LAKE APPLIANCES=0; SALT LAKE PLUMBING=0,ELIGIBLE,BA0000714 Delta Faucet Company,BA0000714,Delta Faucet Company,HIGH,Current StockItem VendorDetails contains 1 vendor row(s); selected default active VendorID BA0000714.,,FOUND,UNKNOWN_ITEM_CLASS
990-1650-26,Newport Brass East Linear Single Robe Hook - Polished Chrome,Newport Brass East Linear Single Robe Hook - Polished Chrome,PLUMB-LOT,PLUMB-LOT,,SALT LAKE SHOWROOM=0; SALT LAKE APPLIANCES=0; SALT LAKE PLUMBING=0,ELIGIBLE,BA0000714 Delta Faucet Company,BA0000714,Delta Faucet Company,HIGH,Current StockItem VendorDetails contains 1 vendor row(s); selected default active VendorID BA0000714.,,FOUND,UNKNOWN_ITEM_CLASS
990L-06,East Linear Widespread Lavatory Faucet - Antique Brass,East Linear Widespread Lavatory Faucet - Antique Brass,PLUMB-LOT,PLUMB-LOT,,(no WarehouseDetails rows),ELIGIBLE,,BA0000714,Delta Faucet Company,MEDIUM,brand-token EAST suggests BA0000714 in 20/20 existing vendor-populated StockItems; manual review required.,,FOUND,UNKNOWN_ITEM_CLASS
AKIT8073XMULB,"Rohl San Giovanni Handshower Set With 21"" Slide Bar and Single Function Handshower - Unlacquered Brass","Rohl San Giovanni Handshower Set With 21"" Slide Bar and Single Function Handshower - Unlacquered Brass",PLUMB-LOT,PLUMB-LOT,,SALT LAKE PLUMBING=0,ELIGIBLE,"BA0000007 Rohl, LLC",BA0000007,"Rohl, LLC",HIGH,Current StockItem VendorDetails contains 1 vendor row(s); selected default active VendorID BA0000007.,,FOUND,UNKNOWN_ITEM_CLASS
AM08D3IWPN,Rohl Amahle® Widespread Lavatory Faucet With C-Spout - Polished Nickel,Rohl Amahle® Widespread Lavatory Faucet With C-Spout - Polished Nickel,PLUMB-LOT,PLUMB-LOT,,SALT LAKE PLUMBING=0,ELIGIBLE,"BA0000007 Rohl, LLC",BA0000007,"Rohl, LLC",HIGH,Current StockItem VendorDetails contains 1 vendor row(s); selected default active VendorID BA0000007.,,FOUND,UNKNOWN_ITEM_CLASS
AP09D3XMULB,Rohl Apothecary Widespread Lavatory Faucet With U-Spout - Unlacquered Brass,Rohl Apothecary Widespread Lavatory Faucet With U-Spout - Unlacquered Brass,PLUMB-LOT,PLUMB-LOT,,SALT LAKE PLUMBING=0,ELIGIBLE,"BA0000007 Rohl, LLC",BA0000007,"Rohl, LLC",HIGH,Current StockItem VendorDetails contains 1 vendor row(s); selected default active VendorID BA0000007.,,FOUND,UNKNOWN_ITEM_CLASS
AP16W1STN,Rohl Apothecary™ Wall Mount Tub Spout - Satin Nickel,Rohl Apothecary™ Wall Mount Tub Spout - Satin Nickel,PLUMB-LOT,PLUMB-LOT,,BOISE WAREHOUSE=1,SKIP_QTY_ON_HAND,"BA0000007 Rohl, LLC",BA0000007,"Rohl, LLC",HIGH,Current StockItem VendorDetails contains 1 vendor row(s); selected default active VendorID BA0000007.,,FOUND,SKIP_QTY_ON_HAND
AT181-1-PN-PVD,Aspect by Waterstone Disposal Flange With Stopper - Polished Nickel PVD,Aspect by Waterstone Disposal Flange With Stopper - Polished Nickel PVD,PLUMB-LOT,PLUMB-LOT,,SALT LAKE PLUMBING=0,ELIGIBLE,"BA0000759 Waterstone, LLC",BA0000759,"Waterstone, LLC",HIGH,Current StockItem VendorDetails contains 1 vendor row(s); selected default active VendorID BA0000759.,,FOUND,UNKNOWN_ITEM_CLASS
ATDSN66ID-MB,"Barclay Kinsley 67"" Acrylic Tub - Matte Black","Barclay Kinsley 67"" Acrylic Tub - Matte Black",PLUMB-LOT,PLUMB-LOT,,BOISE WAREHOUSE=0,ELIGIBLE,BA0000708 Barclay Products,BA0000708,Barclay Products,HIGH,Current StockItem VendorDetails contains 1 vendor row(s); selected default active VendorID BA0000708.,,FOUND,UNKNOWN_ITEM_CLASS
ATOVN61ID-MB,"Barclay Porter 61"" Acrylic Tub - Matte Black","Barclay Porter 61"" Acrylic Tub - Matte Black",PLUMB-LOT,PLUMB-LOT,,SALT LAKE PLUMBING=0,ELIGIBLE,BA0000708 Barclay Products,BA0000708,Barclay Products,HIGH,Current StockItem VendorDetails contains 1 vendor row(s); selected default active VendorID BA0000708.,,FOUND,UNKNOWN_ITEM_CLASS
BFXWHBB,Butler Flex Max Steam Shower Control Package With TempoFlex Control And Steamhead - White / Brushed Bronze,Butler Flex Max Steam Shower Control Package With TempoFlex Control And Steamhead - White / Brushed Bronze,PLUMB-LOT,PLUMB-LOT,,(no WarehouseDetails rows),ELIGIBLE,,BA0000753,Atmos Project LLC DBA Mr. Steam,HIGH,brand-token STEAM maps to BA0000753 in 27/27 existing vendor-populated StockItems.,,FOUND,UNKNOWN_ITEM_CLASS
BHS010-18VTB,Waterworks Bond Handshower On Bar - Vintage Brass,Waterworks Bond Handshower On Bar - Vintage Brass,PLUMB-LOT,PLUMB-LOT,,SALT LAKE PLUMBING=0,ELIGIBLE,"BA0000008 Waterworks Operating Co., LLC",BA0000008,"Waterworks Operating Co., LLC",HIGH,Current StockItem VendorDetails contains 1 vendor row(s); selected default active VendorID BA0000008.,,FOUND,UNKNOWN_ITEM_CLASS
BKM120-18BB,Waterworks Bond One Hole Gooseneck Integrated Pull Spray Kitchen Faucet With Straight Lever Handle - Burnished Brass,Waterworks Bond One Hole Gooseneck Integrated Pull Spray Kitchen Faucet With Straight Lever Handle - Burnished Brass,PLUMB-LOT,PLUMB-LOT,,SALT LAKE APPLIANCES=0; SALT LAKE PLUMBING=0,ELIGIBLE,"BA0000008 Waterworks Operating Co., LLC",BA0000008,"Waterworks Operating Co., LLC",HIGH,Current StockItem VendorDetails contains 1 vendor row(s); selected default active VendorID BA0000008.,,FOUND,UNKNOWN_ITEM_CLASS
BLUES BID1FS,BLUES_BID1FS,BLUES_BID1FS,PLUMB-LOT,PLUMB-LOT,,(no WarehouseDetails rows),ELIGIBLE,,,,NONE,No current VendorDetails row and no deterministic existing StockItem pattern met the audit threshold.,,FOUND,UNKNOWN_ITEM_CLASS
BLUES WCS,Blues Wall Hung Water Closet Pan,Blues Wall Hung Water Closet Pan,PLUMB-LOT,PLUMB-LOT,,(no WarehouseDetails rows),ELIGIBLE,,,,NONE,No current VendorDetails row and no deterministic existing StockItem pattern met the audit threshold.,,FOUND,UNKNOWN_ITEM_CLASS
BNWL08-VTB,"Waterworks Bond 8"" Wall Mounted 45 Degree Shower Arm With Flange - Vintage Brass","Waterworks Bond 8"" Wall Mounted 45 Degree Shower Arm With Flange - Vintage Brass",PLUMB-LOT,PLUMB-LOT,,SALT LAKE PLUMBING=0,ELIGIBLE,"BA0000008 Waterworks Operating Co., LLC",BA0000008,"Waterworks Operating Co., LLC",HIGH,Current StockItem VendorDetails contains 1 vendor row(s); selected default active VendorID BA0000008.,,FOUND,UNKNOWN_ITEM_CLASS
BRH001-VTB,Waterworks Bond Robe Hook - Vintage Brass,Waterworks Bond Robe Hook - Vintage Brass,PLUMB-LOT,PLUMB-LOT,,SALT LAKE PLUMBING=0,ELIGIBLE,"BA0000008 Waterworks Operating Co., LLC",BA0000008,"Waterworks Operating Co., LLC",HIGH,Current StockItem VendorDetails contains 1 vendor row(s); selected default active VendorID BA0000008.,,FOUND,UNKNOWN_ITEM_CLASS
BRH0G2-DN,Waterworks Bond Double Sided Glass Mounted Hook - Dark Nickel,Waterworks Bond Double Sided Glass Mounted Hook - Dark Nickel,PLUMB-LOT,PLUMB-LOT,,SALT LAKE HARDWARE=0,ELIGIBLE,"BA0000008 Waterworks Operating Co., LLC",BA0000008,"Waterworks Operating Co., LLC",HIGH,Current StockItem VendorDetails contains 1 vendor row(s); selected default active VendorID BA0000008.,,FOUND,UNKNOWN_ITEM_CLASS
BRH-SSQB,Pfister Soft Square Robe Hook - Matte Black,Pfister Soft Square Robe Hook - Matte Black,PLUMB-LOT,PLUMB-LOT,,BOISE WAREHOUSE=4,SKIP_QTY_ON_HAND,BA0015641 Pfister,BA0015641,Pfister,HIGH,Current StockItem VendorDetails contains 1 vendor row(s); selected default active VendorID BA0015641.,,FOUND,SKIP_QTY_ON_HAND
BS-65.15-ANF,"California Faucets Contemporary Self Cleaning Jet Body Spray, Round Base - Antique Nickel Flat","California Faucets Contemporary Self Cleaning Jet Body Spray, Round Base - Antique Nickel Flat",PLUMB-LOT,PLUMB-LOT,,BOISE WAREHOUSE=0,ELIGIBLE,BA0000006 California Faucets,BA0000006,California Faucets,HIGH,Current StockItem VendorDetails contains 1 vendor row(s); selected default active VendorID BA0000006.,,FOUND,UNKNOWN_ITEM_CLASS
BT01201-BN,"Brizo 20"" Metal Supply Line - Brushed Nickel","Brizo 20"" Metal Supply Line - Brushed Nickel",PLUMB-LOT,PLUMB-LOT,,BOISE WAREHOUSE=0,ELIGIBLE,BA0000714 Delta Faucet Company,BA0000714,Delta Faucet Company,HIGH,Current StockItem VendorDetails contains 1 vendor row(s); selected default active VendorID BA0000714.,,FOUND,UNKNOWN_ITEM_CLASS
BT021204-BN,Brizo Odin Straight Supply Stop Valve With Cross Handle - Brushed Nickel,Brizo Odin Straight Supply Stop Valve With Cross Handle - Brushed Nickel,PLUMB-LOT,PLUMB-LOT,,BOISE WAREHOUSE=0,ELIGIBLE,BA0000714 Delta Faucet Company,BA0000714,Delta Faucet Company,HIGH,Current StockItem VendorDetails contains 1 vendor row(s); selected default active VendorID BA0000714.,,FOUND,UNKNOWN_ITEM_CLASS
BT022204-BN,Brizo Odin Angled Supply Stop Valve With Cross Handle - Brushed Nickel,Brizo Odin Angled Supply Stop Valve With Cross Handle - Brushed Nickel,PLUMB-LOT,PLUMB-LOT,,BOISE WAREHOUSE=0,ELIGIBLE,BA0000714 Delta Faucet Company,BA0000714,Delta Faucet Company,HIGH,Current StockItem VendorDetails contains 1 vendor row(s); selected default active VendorID BA0000714.,,FOUND,UNKNOWN_ITEM_CLASS
BTH230-VTB,Waterworks Bond Round Thermostatic Control Valve Trim With Knob Handle - Vintage Brass,Waterworks Bond Round Thermostatic Control Valve Trim With Knob Handle - Vintage Brass,PLUMB-LOT,PLUMB-LOT,,SALT LAKE PLUMBING=1,SKIP_QTY_ON_HAND,"BA0000008 Waterworks Operating Co., LLC",BA0000008,"Waterworks Operating Co., LLC",HIGH,Current StockItem VendorDetails contains 1 vendor row(s); selected default active VendorID BA0000008.,,FOUND,SKIP_QTY_ON_HAND
BVC130-VTB,Waterworks Bond Volume Control With Knob Handle - Vintage Brass,Waterworks Bond Volume Control With Knob Handle - Vintage Brass,PLUMB-LOT,PLUMB-LOT,,SALT LAKE PLUMBING=0,ELIGIBLE,"BA0000008 Waterworks Operating Co., LLC",BA0000008,"Waterworks Operating Co., LLC",HIGH,Current StockItem VendorDetails contains 1 vendor row(s); selected default active VendorID BA0000008.,,FOUND,UNKNOWN_ITEM_CLASS
C43-66MT,Calma Bathtub - Marquina Taupe Marble,Calma Bathtub - Marquina Taupe Marble,PLUMB-LOT,PLUMB-LOT,,(no WarehouseDetails rows),ELIGIBLE,,BA0000736,Lacava LLC,MEDIUM,brand-token BATHTUB suggests BA0000736 in 5/5 existing vendor-populated StockItems; manual review required.,,FOUND,UNKNOWN_ITEM_CLASS
C52DCL,Milano Vessel - Desert Cream Limestone,Milano Vessel - Desert Cream Limestone,PLUMB-LOT,PLUMB-LOT,,(no WarehouseDetails rows),ELIGIBLE,,,,NONE,No current VendorDetails row and no deterministic existing StockItem pattern met the audit threshold.,,FOUND,UNKNOWN_ITEM_CLASS
C92-42CA,Stone Forest Renaissance Console Top - Carrara Marble,Stone Forest Renaissance Console Top - Carrara Marble,PLUMB-LOT,PLUMB-LOT,,SALT LAKE PLUMBING=0,ELIGIBLE,BA0000751 Stone Forest,BA0000751,Stone Forest,HIGH,Current StockItem VendorDetails contains 1 vendor row(s); selected default active VendorID BA0000751.,,FOUND,UNKNOWN_ITEM_CLASS
CB03,Rohl Cutting Board For Undermount Workstation Sinks,Rohl Cutting Board For Undermount Workstation Sinks,PLUMB-LOT,PLUMB-LOT,,SALT LAKE PLUMBING=0,ELIGIBLE,"BA0000007 Rohl, LLC",BA0000007,"Rohl, LLC",HIGH,Current StockItem VendorDetails contains 1 vendor row(s); selected default active VendorID BA0000007.,,FOUND,UNKNOWN_ITEM_CLASS
CNCH06-N,"Waterworks Henry Chronos 6"" Ceiling Mounted Shower Arm With Flange - Nickel","Waterworks Henry Chronos 6"" Ceiling Mounted Shower Arm With Flange - Nickel",PLUMB-LOT,PLUMB-LOT,,SALT LAKE PLUMBING=2,SKIP_QTY_ON_HAND,"BA0000008 Waterworks Operating Co., LLC",BA0000008,"Waterworks Operating Co., LLC",HIGH,Current StockItem VendorDetails contains 1 vendor row(s); selected first active VendorID BA0000008.,,FOUND,SKIP_QTY_ON_HAND
CNHW88-N,"Waterworks Henry Chronos 8"" Back-To-Back Shower Door Pull - Nickel","Waterworks Henry Chronos 8"" Back-To-Back Shower Door Pull - Nickel",PLUMB-LOT,PLUMB-LOT,,SALT LAKE PLUMBING=1,SKIP_QTY_ON_HAND,"BA0000008 Waterworks Operating Co., LLC",BA0000008,"Waterworks Operating Co., LLC",HIGH,Current StockItem VendorDetails contains 1 vendor row(s); selected default active VendorID BA0000008.,,FOUND,SKIP_QTY_ON_HAND
CYLV20-WHII,"Waterworks Clara Undermount Rectangular Vitreous China Lavatory Sink 20 1/16"" X 14 1/8"" X 8 Single Glazed - White","Waterworks Clara Undermount Rectangular Vitreous China Lavatory Sink 20 1/16"" X 14 1/8"" X 8 Single Glazed - White",PLUMB-LOT,PLUMB-LOT,,SALT LAKE APPLIANCES=0; SALT LAKE PLUMBING=10,SKIP_QTY_ON_HAND,"BA0000008 Waterworks Operating Co., LLC",BA0000008,"Waterworks Operating Co., LLC",HIGH,Current StockItem VendorDetails contains 1 vendor row(s); selected default active VendorID BA0000008.,,FOUND,SKIP_QTY_ON_HAND
D830/047,"Phylrich Basic 6 Jet 2-3/4"" Round Shower Head - Antique Brass","Phylrich Basic 6 Jet 2-3/4"" Round Shower Head - Antique Brass",PLUMB-LOT,PLUMB-LOT,,SALT LAKE APPLIANCES=0; SALT LAKE PLUMBING=0,ELIGIBLE,BA0016237 Phylrich,BA0016237,Phylrich,HIGH,Current StockItem VendorDetails contains 1 vendor row(s); selected default active VendorID BA0016237.,,FOUND,UNKNOWN_ITEM_CLASS
DB40/008,Phylrich Basic Towel Ring - Architectural Bronze,Phylrich Basic Towel Ring - Architectural Bronze,PLUMB-LOT,PLUMB-LOT,,BOISE WAREHOUSE=0,ELIGIBLE,BA0016237 Phylrich,BA0016237,Phylrich,HIGH,Current StockItem VendorDetails contains 1 vendor row(s); selected default active VendorID BA0016237.,,FOUND,UNKNOWN_ITEM_CLASS
DB55/008,Phylrich Basic Single Post Paper Holder - Architectural Bronze,Phylrich Basic Single Post Paper Holder - Architectural Bronze,PLUMB-LOT,PLUMB-LOT,,BOISE WAREHOUSE=0,ELIGIBLE,BA0016237 Phylrich,BA0016237,Phylrich,HIGH,Current StockItem VendorDetails contains 1 vendor row(s); selected default active VendorID BA0016237.,,FOUND,UNKNOWN_ITEM_CLASS
D-E4-37-ANF,California Faucets San Elijo Deluxe Wall Tub Spout - Antique Nickel Flat,California Faucets San Elijo Deluxe Wall Tub Spout - Antique Nickel Flat,PLUMB-LOT,PLUMB-LOT,,BOISE WAREHOUSE=0,ELIGIBLE,BA0000006 California Faucets,BA0000006,California Faucets,HIGH,Current StockItem VendorDetails contains 1 vendor row(s); selected default active VendorID BA0000006.,,FOUND,UNKNOWN_ITEM_CLASS
DS-5079-AB,Hand Shower Hose For Wall Mount - Antique Brass,Hand Shower Hose For Wall Mount - Antique Brass,PLUMB-LOT,PLUMB-LOT,,(no WarehouseDetails rows),ELIGIBLE,,,,NONE,No current VendorDetails row and no deterministic existing StockItem pattern met the audit threshold.,,FOUND,UNKNOWN_ITEM_CLASS
DSHS10-18B,Waterworks Dash Handshower On Bar - Brass,Waterworks Dash Handshower On Bar - Brass,PLUMB-LOT,PLUMB-LOT,,SALT LAKE PLUMBING=0,ELIGIBLE,"BA0000008 Waterworks Operating Co., LLC",BA0000008,"Waterworks Operating Co., LLC",HIGH,Current StockItem VendorDetails contains 1 vendor row(s); selected default active VendorID BA0000008.,,FOUND,UNKNOWN_ITEM_CLASS
DSHS10-18N,Waterworks Dash Handshower On Bar - Nickel,Waterworks Dash Handshower On Bar - Nickel,PLUMB-LOT,PLUMB-LOT,,SALT LAKE PLUMBING=1,SKIP_QTY_ON_HAND,"BA0000008 Waterworks Operating Co., LLC",BA0000008,"Waterworks Operating Co., LLC",HIGH,Current StockItem VendorDetails contains 1 vendor row(s); selected first active VendorID BA0000008.,,FOUND,SKIP_QTY_ON_HAND
DSTB01-N,"Waterworks Dash 7 7/8"" Towel Ring - Nickel","Waterworks Dash 7 7/8"" Towel Ring - Nickel",PLUMB-LOT,PLUMB-LOT,,SALT LAKE APPLIANCES=0; SALT LAKE PLUMBING=2,SKIP_QTY_ON_HAND,"BA0000008 Waterworks Operating Co., LLC",BA0000008,"Waterworks Operating Co., LLC",HIGH,Current StockItem VendorDetails contains 1 vendor row(s); selected default active VendorID BA0000008.,,FOUND,SKIP_QTY_ON_HAND
ELB-TIT2-AB,"Titanium Wall Elbow 1/2"" Npt Female - Antique Brass","Titanium Wall Elbow 1/2"" Npt Female - Antique Brass",PLUMB-LOT,PLUMB-LOT,,(no WarehouseDetails rows),ELIGIBLE,,,,NONE,No current VendorDetails row and no deterministic existing StockItem pattern met the audit threshold.,,FOUND,UNKNOWN_ITEM_CLASS
F902-11BK,"Artos Angled 8"" Shower Arm Round - Matte Black","Artos Angled 8"" Shower Arm Round - Matte Black",PLUMB-LOT,PLUMB-LOT,,BOISE WAREHOUSE=2,SKIP_QTY_ON_HAND,"BA0013051 Westover, Inc.",BA0013051,"Westover, Inc.",HIGH,Current StockItem VendorDetails contains 1 vendor row(s); selected default active VendorID BA0013051.,,FOUND,SKIP_QTY_ON_HAND
F903B-66TKBK,Artos Opera Thermostat With 3 Way Diverter And Off Position Linear Trim Kit - Matte Black,Artos Opera Thermostat With 3 Way Diverter And Off Position Linear Trim Kit - Matte Black,PLUMB-LOT,PLUMB-LOT,,BOISE WAREHOUSE=1,SKIP_QTY_ON_HAND,"BA0013051 Westover, Inc.",BA0013051,"Westover, Inc.",HIGH,Current StockItem VendorDetails contains 1 vendor row(s); selected default active VendorID BA0013051.,,FOUND,SKIP_QTY_ON_HAND
F907-110TRBK,Artos Harmony Flexible Hose Hand Shower Kit On Pivoting Hook - Matte Black,Artos Harmony Flexible Hose Hand Shower Kit On Pivoting Hook - Matte Black,PLUMB-LOT,PLUMB-LOT,,BOISE WAREHOUSE=1,SKIP_QTY_ON_HAND,"BA0013051 Westover, Inc.",BA0013051,"Westover, Inc.",HIGH,Current StockItem VendorDetails contains 1 vendor row(s); selected default active VendorID BA0013051.,,FOUND,SKIP_QTY_ON_HAND
F907-79BK,Artos Round Slidebar Kit with Separate Water Outlet and Hand Shower - Matte Black,Artos Round Slidebar Kit with Separate Water Outlet and Hand Shower - Matte Black,PLUMB-LOT,PLUMB-LOT,,BOISE WAREHOUSE=1,SKIP_QTY_ON_HAND,"BA0013051 Westover, Inc.",BA0013051,"Westover, Inc.",HIGH,Current StockItem VendorDetails contains 1 vendor row(s); selected default active VendorID BA0013051.,,FOUND,SKIP_QTY_ON_HAND
F984TKBK,Artos Opera Pressure Balance Mixer Trim Kit - Matte Black,Artos Opera Pressure Balance Mixer Trim Kit - Matte Black,PLUMB-LOT,PLUMB-LOT,,BOISE WAREHOUSE=3,SKIP_QTY_ON_HAND,"BA0013051 Westover, Inc.",BA0013051,"Westover, Inc.",HIGH,Current StockItem VendorDetails contains 1 vendor row(s); selected default active VendorID BA0013051.,,FOUND,SKIP_QTY_ON_HAND
FCSST24SS,"FCS Series 24"" Slot Drain Complete Kit - Satin Stainless","FCS Series 24"" Slot Drain Complete Kit - Satin Stainless",PLUMB-LOT,PLUMB-LOT,,(no WarehouseDetails rows),ELIGIBLE,,BA0000731,Infinity Drain,HIGH,prefix FCSS maps to BA0000731 in 7/7 existing vendor-populated StockItems.,,FOUND,UNKNOWN_ITEM_CLASS
FCSTIF6536SB,"Infinity Drain FCS Series 36"" Complete Kit With Tile Insert Frame - Satin Bronze","Infinity Drain FCS Series 36"" Complete Kit With Tile Insert Frame - Satin Bronze",PLUMB-LOT,PLUMB-LOT,,SALT LAKE APPLIANCES=0; SALT LAKE PLUMBING=0,ELIGIBLE,BA0000731 Infinity Drain,BA0000731,Infinity Drain,HIGH,Current StockItem VendorDetails contains 1 vendor row(s); selected default active VendorID BA0000731.,,FOUND,UNKNOWN_ITEM_CLASS
FRKM70-18B,Waterworks Foro Two Hole Gooseneck Integrated Pull Spray Kitchen Faucet With Lever Handle - Brass,Waterworks Foro Two Hole Gooseneck Integrated Pull Spray Kitchen Faucet With Lever Handle - Brass,PLUMB-LOT,PLUMB-LOT,,SALT LAKE PLUMBING=2,SKIP_QTY_ON_HAND,"BA0000008 Waterworks Operating Co., LLC",BA0000008,"Waterworks Operating Co., LLC",HIGH,Current StockItem VendorDetails contains 1 vendor row(s); selected default active VendorID BA0000008.,,FOUND,SKIP_QTY_ON_HAND
FRLS30-12N,Waterworks Foro Gooseneck Lavatory Faucet With Lever Handles - Nickel,Waterworks Foro Gooseneck Lavatory Faucet With Lever Handles - Nickel,PLUMB-LOT,PLUMB-LOT,,SALT LAKE PLUMBING=2,SKIP_QTY_ON_HAND,"BA0000008 Waterworks Operating Co., LLC",BA0000008,"Waterworks Operating Co., LLC",HIGH,Current StockItem VendorDetails contains 1 vendor row(s); selected default active VendorID BA0000008.,,FOUND,SKIP_QTY_ON_HAND
FRLT01-N120VT,Waterworks Foro Wall Mounted Single Arm Sconce With Glass Shade - White / Nickel,Waterworks Foro Wall Mounted Single Arm Sconce With Glass Shade - White / Nickel,PLUMB-LOT,PLUMB-LOT,,SALT LAKE HARDWARE=0; SALT LAKE PLUMBING=2,SKIP_QTY_ON_HAND,"BA0000008 Waterworks Operating Co., LLC",BA0000008,"Waterworks Operating Co., LLC",HIGH,Current StockItem VendorDetails contains 1 vendor row(s); selected default active VendorID BA0000008.,,FOUND,SKIP_QTY_ON_HAND
FRTH01-N,Waterworks Foro Thermostatic Control Valve Trim With Lever Handle - Nickel,Waterworks Foro Thermostatic Control Valve Trim With Lever Handle - Nickel,PLUMB-LOT,PLUMB-LOT,,SALT LAKE PLUMBING=1,SKIP_QTY_ON_HAND,"BA0000008 Waterworks Operating Co., LLC",BA0000008,"Waterworks Operating Co., LLC",HIGH,Current StockItem VendorDetails contains 1 vendor row(s); selected default active VendorID BA0000008.,,FOUND,SKIP_QTY_ON_HAND
FRVC10-N,Waterworks Foro Volume Control With Lever Handle - Nickel,Waterworks Foro Volume Control With Lever Handle - Nickel,PLUMB-LOT,PLUMB-LOT,,SALT LAKE PLUMBING=2,SKIP_QTY_ON_HAND,"BA0000008 Waterworks Operating Co., LLC",BA0000008,"Waterworks Operating Co., LLC",HIGH,Current StockItem VendorDetails contains 1 vendor row(s); selected default active VendorID BA0000008.,,FOUND,SKIP_QTY_ON_HAND
FRXT70-18N,Waterworks Foro Floor Mounted Exposed Tub Filler With Handshower And Lever Handles - Nickel,Waterworks Foro Floor Mounted Exposed Tub Filler With Handshower And Lever Handles - Nickel,PLUMB-LOT,PLUMB-LOT,,SALT LAKE PLUMBING=0,ELIGIBLE,"BA0000008 Waterworks Operating Co., LLC",BA0000008,"Waterworks Operating Co., LLC",HIGH,Current StockItem VendorDetails contains 1 vendor row(s); selected default active VendorID BA0000008.,,FOUND,UNKNOWN_ITEM_CLASS
FS309BK,"Artos Trova Square 8"" Widespread Lavatory Faucet - Matte Black","Artos Trova Square 8"" Widespread Lavatory Faucet - Matte Black",PLUMB-LOT,PLUMB-LOT,,BOISE WAREHOUSE=1,SKIP_QTY_ON_HAND,"BA0013051 Westover, Inc.",BA0013051,"Westover, Inc.",HIGH,Current StockItem VendorDetails contains 1 vendor row(s); selected default active VendorID BA0013051.,,FOUND,SKIP_QTY_ON_HAND
FS312BK,"Artos Harmony 8"" Widespread Faucet - Matte Black","Artos Harmony 8"" Widespread Faucet - Matte Black",PLUMB-LOT,PLUMB-LOT,,BOISE WAREHOUSE=2,SKIP_QTY_ON_HAND,"BA0013051 Westover, Inc.",BA0013051,"Westover, Inc.",HIGH,Current StockItem VendorDetails contains 1 vendor row(s); selected default active VendorID BA0013051.,,FOUND,SKIP_QTY_ON_HAND
FS313BK,Artos Harmony Single Hole Faucet - Matte Black,Artos Harmony Single Hole Faucet - Matte Black,PLUMB-LOT,PLUMB-LOT,,BOISE WAREHOUSE=2,SKIP_QTY_ON_HAND,"BA0013051 Westover, Inc.",BA0013051,"Westover, Inc.",HIGH,Current StockItem VendorDetails contains 1 vendor row(s); selected default active VendorID BA0013051.,,FOUND,SKIP_QTY_ON_HAND
FS412BK,Artos Harmony 3 Hole Deck Mount Tub Filler - Matte Black,Artos Harmony 3 Hole Deck Mount Tub Filler - Matte Black,PLUMB-LOT,PLUMB-LOT,,BOISE WAREHOUSE=0,ELIGIBLE,"BA0013051 Westover, Inc.",BA0013051,"Westover, Inc.",HIGH,Current StockItem VendorDetails contains 1 vendor row(s); selected default active VendorID BA0013051.,,FOUND,UNKNOWN_ITEM_CLASS
FSFS-200-CHV,Free Standing Single Supply Cross Handle Foot Shower,Free Standing Single Supply Cross Handle Foot Shower,PLUMB-LOT,PLUMB-LOT,,(no WarehouseDetails rows),ELIGIBLE,,,,NONE,No current VendorDetails row and no deterministic existing StockItem pattern met the audit threshold.,,FOUND,UNKNOWN_ITEM_CLASS
FSJ6533MW,Westbrass Seneca Free Standing Slipper Tub - Matte White,Westbrass Seneca Free Standing Slipper Tub - Matte White,PLUMB-LOT,PLUMB-LOT,,SALT LAKE APPLIANCES=0; SALT LAKE PLUMBING=0; JACKSON WAREHOUSE=0,ELIGIBLE,BA0011479 WESTBRASS,BA0011479,WESTBRASS,HIGH,Current StockItem VendorDetails contains 1 vendor row(s); selected default active VendorID BA0011479.,,FOUND,UNKNOWN_ITEM_CLASS
FSS6935W,Westbrass Arcadia Rectangular Solid Surface Bathtub - Polished White,Westbrass Arcadia Rectangular Solid Surface Bathtub - Polished White,PLUMB-LOT,PLUMB-LOT,,BOISE WAREHOUSE=1,SKIP_QTY_ON_HAND,BA0011479 WESTBRASS,BA0011479,WESTBRASS,HIGH,Current StockItem VendorDetails contains 1 vendor row(s); selected default active VendorID BA0011479.,,FOUND,SKIP_QTY_ON_HAND
FV126/K3-SGR,"Franz Viegener Classic 6"" ShowerHead, Flow Rate 1.75 Gpm @ 60 PSI - Satin Greystone PVD","Franz Viegener Classic 6"" ShowerHead, Flow Rate 1.75 Gpm @ 60 PSI - Satin Greystone PVD",PLUMB-LOT,PLUMB-LOT,,SALT LAKE WAREHOUSE=0; SALT LAKE PLUMBING=2,SKIP_QTY_ON_HAND,BA0015235 Franz Viegener,BA0015235,Franz Viegener,HIGH,Current StockItem VendorDetails contains 1 vendor row(s); selected default active VendorID BA0015235.,,FOUND,SKIP_QTY_ON_HAND
FV131/K6K-SGR,"Franz Viegener Techno Chic Hand Shower Assembly, All In One Swivel Holder And Water Supply - Satin Greystone PVD","Franz Viegener Techno Chic Hand Shower Assembly, All In One Swivel Holder And Water Supply - Satin Greystone PVD",PLUMB-LOT,PLUMB-LOT,,SALT LAKE WAREHOUSE=0; SALT LAKE PLUMBING=0,ELIGIBLE,BA0015235 Franz Viegener,BA0015235,Franz Viegener,HIGH,Current StockItem VendorDetails contains 1 vendor row(s); selected default active VendorID BA0015235.,,FOUND,UNKNOWN_ITEM_CLASS
FV140/39-SGR,Franz Viegener Universal Shower Arm And Escutcheon - Satin Greystone PVD,Franz Viegener Universal Shower Arm And Escutcheon - Satin Greystone PVD,PLUMB-LOT,PLUMB-LOT,,SALT LAKE WAREHOUSE=0; SALT LAKE PLUMBING=2,SKIP_QTY_ON_HAND,BA0015235 Franz Viegener,BA0015235,Franz Viegener,HIGH,Current StockItem VendorDetails contains 1 vendor row(s); selected default active VendorID BA0015235.,,FOUND,SKIP_QTY_ON_HAND
FV162/K6V-SGR,Franz Viegener Techno Chic Towel Ring - Satin Greystone PVD,Franz Viegener Techno Chic Towel Ring - Satin Greystone PVD,PLUMB-LOT,PLUMB-LOT,,SALT LAKE WAREHOUSE=0; SALT LAKE PLUMBING=2,SKIP_QTY_ON_HAND,BA0015235 Franz Viegener,BA0015235,Franz Viegener,HIGH,Current StockItem VendorDetails contains 1 vendor row(s); selected default active VendorID BA0015235.,,FOUND,SKIP_QTY_ON_HAND
FV166/K6K-SGR,Franz Viegener Techno Chic Robe Hook - Satin Greystone PVD,Franz Viegener Techno Chic Robe Hook - Satin Greystone PVD,PLUMB-LOT,PLUMB-LOT,,SALT LAKE WAREHOUSE=0; SALT LAKE PLUMBING=3,SKIP_QTY_ON_HAND,BA0015235 Franz Viegener,BA0015235,Franz Viegener,HIGH,Current StockItem VendorDetails contains 1 vendor row(s); selected default active VendorID BA0015235.,,FOUND,SKIP_QTY_ON_HAND
FV167/K6V-SGR,Franz Vieger Techno Chic Toilet Paper Holder - Satin Greystone PVD,Franz Vieger Techno Chic Toilet Paper Holder - Satin Greystone PVD,PLUMB-LOT,PLUMB-LOT,,SALT LAKE WAREHOUSE=0; SALT LAKE PLUMBING=1,SKIP_QTY_ON_HAND,BA0015235 Franz Viegener,BA0015235,Franz Viegener,HIGH,Current StockItem VendorDetails contains 1 vendor row(s); selected default active VendorID BA0015235.,,FOUND,SKIP_QTY_ON_HAND
FV203/K6V.0-SGR,"Franz Viegener Techno Chic Wall Mounted Lavatory Faucet, Less Drain Assembly, Trim Only - Satin Greystone PVD","Franz Viegener Techno Chic Wall Mounted Lavatory Faucet, Less Drain Assembly, Trim Only - Satin Greystone PVD",PLUMB-LOT,PLUMB-LOT,,SALT LAKE WAREHOUSE=0; SALT LAKE PLUMBING=0,ELIGIBLE,BA0015235 Franz Viegener,BA0015235,Franz Viegener,HIGH,Current StockItem VendorDetails contains 1 vendor row(s); selected default active VendorID BA0015235.,,FOUND,UNKNOWN_ITEM_CLASS
FV207/K6K-SGR,"Franz Viegener Techno Chic Widespread Lavatory Faucet With Push Down Pop Up Drain Assembly, No Lift Rod - Satin Greystone PVD","Franz Viegener Techno Chic Widespread Lavatory Faucet With Push Down Pop Up Drain Assembly, No Lift Rod - Satin Greystone PVD",PLUMB-LOT,PLUMB-LOT,,SALT LAKE WAREHOUSE=0; SALT LAKE PLUMBING=0,ELIGIBLE,BA0015235 Franz Viegener,BA0015235,Franz Viegener,HIGH,Current StockItem VendorDetails contains 1 vendor row(s); selected default active VendorID BA0015235.,,FOUND,UNKNOWN_ITEM_CLASS
FV215/K6K.0-SGR,"Franz Viegener Techno Chic Square Freestanding Tub Faucet, Trim Only - Satin Greystone PVD","Franz Viegener Techno Chic Square Freestanding Tub Faucet, Trim Only - Satin Greystone PVD",PLUMB-LOT,PLUMB-LOT,,SALT LAKE WAREHOUSE=0; SALT LAKE PLUMBING=0,ELIGIBLE,BA0015235 Franz Viegener,BA0015235,Franz Viegener,HIGH,Current StockItem VendorDetails contains 1 vendor row(s); selected default active VendorID BA0015235.,,FOUND,UNKNOWN_ITEM_CLASS
FV227/K6K.0-SGR,"Franz Viegener Techno Chic Thermostatic Wall Valve, Trim Only - Satin Greystone PVD","Franz Viegener Techno Chic Thermostatic Wall Valve, Trim Only - Satin Greystone PVD",PLUMB-LOT,PLUMB-LOT,,SALT LAKE WAREHOUSE=0; SALT LAKE PLUMBING=0,ELIGIBLE,BA0015235 Franz Viegener,BA0015235,Franz Viegener,HIGH,Current StockItem VendorDetails contains 1 vendor row(s); selected default active VendorID BA0015235.,,FOUND,UNKNOWN_ITEM_CLASS
FV248.02-SGR,Franz Viegener Universal Push Down Pop Up With Overflow With Extra Long Tallpiece - Satin Greystone PVD,Franz Viegener Universal Push Down Pop Up With Overflow With Extra Long Tallpiece - Satin Greystone PVD,PLUMB-LOT,PLUMB-LOT,,SALT LAKE WAREHOUSE=0; SALT LAKE PLUMBING=1,SKIP_QTY_ON_HAND,BA0015235 Franz Viegener,BA0015235,Franz Viegener,HIGH,Current StockItem VendorDetails contains 1 vendor row(s); selected default active VendorID BA0015235.,,FOUND,SKIP_QTY_ON_HAND
G-11201-LM70-PC,Graff Incanto Single Hole Lavatory Faucet - Polished Chrome,Graff Incanto Single Hole Lavatory Faucet - Polished Chrome,PLUMB-LOT,PLUMB-LOT,,SALT LAKE PLUMBING=0,ELIGIBLE,BA0000727 Graff Faucets Co.,BA0000727,Graff Faucets Co.,HIGH,Current StockItem VendorDetails contains 1 vendor row(s); selected default active VendorID BA0000727.,,FOUND,UNKNOWN_ITEM_CLASS
G-6600-LM45-OX,Graff Phase Lavatory Faucet - Onyx PVD,Graff Phase Lavatory Faucet - Onyx PVD,PLUMB-LOT,PLUMB-LOT,,SALT LAKE APPLIANCES=0; SALT LAKE PLUMBING=0,ELIGIBLE,BA0000727 Graff Faucets Co.,BA0000727,Graff Faucets Co.,HIGH,Current StockItem VendorDetails contains 1 vendor row(s); selected default active VendorID BA0000727.,,FOUND,UNKNOWN_ITEM_CLASS
G-6910-LM48B-SG,Graff Camden Widespread Lavatory Faucet With Lever Handle - Satin Gold PVD,Graff Camden Widespread Lavatory Faucet With Lever Handle - Satin Gold PVD,PLUMB-LOT,PLUMB-LOT,,SALT LAKE PLUMBING=1,SKIP_QTY_ON_HAND,BA0000727 Graff Faucets Co.,BA0000727,Graff Faucets Co.,HIGH,Current StockItem VendorDetails contains 1 vendor row(s); selected default active VendorID BA0000727.,,FOUND,SKIP_QTY_ON_HAND
G-6950-LM48B-SG-T,"Graff Camden Roman Tub Set With Lever Handle, Trim - Satin Gold PVD","Graff Camden Roman Tub Set With Lever Handle, Trim - Satin Gold PVD",PLUMB-LOT,PLUMB-LOT,,SALT LAKE PLUMBING=1,SKIP_QTY_ON_HAND,BA0000727 Graff Faucets Co.,BA0000727,Graff Faucets Co.,HIGH,Current StockItem VendorDetails contains 1 vendor row(s); selected default active VendorID BA0000727.,,FOUND,SKIP_QTY_ON_HAND
G7545LMULB-2,Rohl Lux Hot Water Dispenser - Unlacquered Brass,Rohl Lux Hot Water Dispenser - Unlacquered Brass,PLUMB-LOT,PLUMB-LOT,,SALT LAKE PLUMBING=0,ELIGIBLE,"BA0000007 Rohl, LLC",BA0000007,"Rohl, LLC",HIGH,Current StockItem VendorDetails contains 1 vendor row(s); selected default active VendorID BA0000007.,,FOUND,UNKNOWN_ITEM_CLASS
G-8037-LM45E-OX-T,Graff Phase Round M-Series Thermostatic Valve Trim Plate With Handle - Onyx PVD,Graff Phase Round M-Series Thermostatic Valve Trim Plate With Handle - Onyx PVD,PLUMB-LOT,PLUMB-LOT,,SALT LAKE APPLIANCES=0; SALT LAKE PLUMBING=0,ELIGIBLE,BA0000727 Graff Faucets Co.,BA0000727,Graff Faucets Co.,HIGH,Current StockItem VendorDetails contains 1 vendor row(s); selected default active VendorID BA0000727.,,FOUND,UNKNOWN_ITEM_CLASS
G-8087-ALM48C16-SG-T,Graff Camden Traditional M-Series Valve Trim With Three Handles - Satin Gold PVD,Graff Camden Traditional M-Series Valve Trim With Three Handles - Satin Gold PVD,PLUMB-LOT,PLUMB-LOT,,SALT LAKE PLUMBING=0,ELIGIBLE,BA0000727 Graff Faucets Co.,BA0000727,Graff Faucets Co.,HIGH,Current StockItem VendorDetails contains 1 vendor row(s); selected default active VendorID BA0000727.,,FOUND,UNKNOWN_ITEM_CLASS
G-8097-LM45E1-OX-T,Graff Phase Round M-Series Stop / Volume Control Valve Trim With Handle - Onyx PVD,Graff Phase Round M-Series Stop / Volume Control Valve Trim With Handle - Onyx PVD,PLUMB-LOT,PLUMB-LOT,,SALT LAKE APPLIANCES=0; SALT LAKE PLUMBING=0,ELIGIBLE,BA0000727 Graff Faucets Co.,BA0000727,Graff Faucets Co.,HIGH,Current StockItem VendorDetails contains 1 vendor row(s); selected default active VendorID BA0000727.,,FOUND,UNKNOWN_ITEM_CLASS
G-8308-PC,Graff Contemporary Showerhead With Arm - Polished Chrome,Graff Contemporary Showerhead With Arm - Polished Chrome,PLUMB-LOT,PLUMB-LOT,,SALT LAKE PLUMBING=0,ELIGIBLE,BA0000727 Graff Faucets Co.,BA0000727,Graff Faucets Co.,HIGH,Current StockItem VendorDetails contains 1 vendor row(s); selected default active VendorID BA0000727.,,FOUND,UNKNOWN_ITEM_CLASS
G-8405-SG,"Graff Traditional 6"" Showerhead - Satin Gold PVD","Graff Traditional 6"" Showerhead - Satin Gold PVD",PLUMB-LOT,PLUMB-LOT,,SALT LAKE PLUMBING=0,ELIGIBLE,BA0000727 Graff Faucets Co.,BA0000727,Graff Faucets Co.,HIGH,Current StockItem VendorDetails contains 1 vendor row(s); selected default active VendorID BA0000727.,,FOUND,UNKNOWN_ITEM_CLASS
G-8591-SG,"Graff Contemporary 9"" Shower Arm - Satin Gold PVD","Graff Contemporary 9"" Shower Arm - Satin Gold PVD",PLUMB-LOT,PLUMB-LOT,,SALT LAKE PLUMBING=1,SKIP_QTY_ON_HAND,BA0000727 Graff Faucets Co.,BA0000727,Graff Faucets Co.,HIGH,Current StockItem VendorDetails contains 1 vendor row(s); selected default active VendorID BA0000727.,,FOUND,SKIP_QTY_ON_HAND
G-8605-SG,"Graff 59"" Shower Hose - Satin Gold PVD","Graff 59"" Shower Hose - Satin Gold PVD",PLUMB-LOT,PLUMB-LOT,,SALT LAKE PLUMBING=1,SKIP_QTY_ON_HAND,BA0000727 Graff Faucets Co.,BA0000727,Graff Faucets Co.,HIGH,Current StockItem VendorDetails contains 1 vendor row(s); selected default active VendorID BA0000727.,,FOUND,SKIP_QTY_ON_HAND
G-8720-OX,Graff Contemporary Handshower With Wall Mounted Slide Bar - Onyx PVD,Graff Contemporary Handshower With Wall Mounted Slide Bar - Onyx PVD,PLUMB-LOT,PLUMB-LOT,,SALT LAKE APPLIANCES=0; SALT LAKE PLUMBING=0,ELIGIBLE,BA0000727 Graff Faucets Co.,BA0000727,Graff Faucets Co.,HIGH,Current StockItem VendorDetails contains 1 vendor row(s); selected default active VendorID BA0000727.,,FOUND,UNKNOWN_ITEM_CLASS
G-8724-SG,Graff Finezza UNO And Finezza DUE Handshower - Satin Gold PVD,Graff Finezza UNO And Finezza DUE Handshower - Satin Gold PVD,PLUMB-LOT,PLUMB-LOT,,SALT LAKE PLUMBING=1,SKIP_QTY_ON_HAND,BA0000727 Graff Faucets Co.,BA0000727,Graff Faucets Co.,HIGH,Current StockItem VendorDetails contains 1 vendor row(s); selected default active VendorID BA0000727.,,FOUND,SKIP_QTY_ON_HAND
G-8762-SG,Graff Traditional Wall Bracket For Handshower - Satin Gold PVD,Graff Traditional Wall Bracket For Handshower - Satin Gold PVD,PLUMB-LOT,PLUMB-LOT,,SALT LAKE PLUMBING=1,SKIP_QTY_ON_HAND,BA0000727 Graff Faucets Co.,BA0000727,Graff Faucets Co.,HIGH,Current StockItem VendorDetails contains 1 vendor row(s); selected default active VendorID BA0000727.,,FOUND,SKIP_QTY_ON_HAND
G-9807K-PC,Graff Incanto 18 in Towel Bar - Polished Chrome,Graff Incanto 18 in Towel Bar - Polished Chrome,PLUMB-LOT,PLUMB-LOT,,SALT LAKE PLUMBING=0,ELIGIBLE,BA0000727 Graff Faucets Co.,BA0000727,Graff Faucets Co.,HIGH,Current StockItem VendorDetails contains 1 vendor row(s); selected default active VendorID BA0000727.,,FOUND,UNKNOWN_ITEM_CLASS
GT572-TNTGS,Pfister Tenet 1 Handle Pull Down Bar / Prep Faucet - Spot Defense Stainless Steel,Pfister Tenet 1 Handle Pull Down Bar / Prep Faucet - Spot Defense Stainless Steel,PLUMB-LOT,PLUMB-LOT,,SALT LAKE PLUMBING=0,ELIGIBLE,BA0015641 Pfister,BA0015641,Pfister,HIGH,Current StockItem VendorDetails contains 1 vendor row(s); selected default active VendorID BA0015641.,,FOUND,UNKNOWN_ITEM_CLASS
GUPB01,"Waterworks ViaWorks 1/2"" Pressure Balance Valve","Waterworks ViaWorks 1/2"" Pressure Balance Valve",PLUMB-LOT,PLUMB-LOT,,SALT LAKE APPLIANCES=0; SALT LAKE PLUMBING=0; JACKSON WAREHOUSE=0,ELIGIBLE,"BA0000008 Waterworks Operating Co., LLC",BA0000008,"Waterworks Operating Co., LLC",HIGH,Current StockItem VendorDetails contains 1 vendor row(s); selected default active VendorID BA0000008.,,FOUND,UNKNOWN_ITEM_CLASS
GUPB02,"Waterworks ViaWorks 1/2"" Pressure Balance Valve w/Integrated Diverter","Waterworks ViaWorks 1/2"" Pressure Balance Valve w/Integrated Diverter",PLUMB-LOT,PLUMB-LOT,,SALT LAKE APPLIANCES=0; SALT LAKE PLUMBING=0,ELIGIBLE,"BA0000008 Waterworks Operating Co., LLC",BA0000008,"Waterworks Operating Co., LLC",HIGH,Current StockItem VendorDetails contains 1 vendor row(s); selected default active VendorID BA0000008.,,FOUND,UNKNOWN_ITEM_CLASS
GUXT02,Waterworks Floor Inlet Rough For Single Hole Floor Mounted Exposed Tub Filler,Waterworks Floor Inlet Rough For Single Hole Floor Mounted Exposed Tub Filler,PLUMB-LOT,PLUMB-LOT,,SALT LAKE PLUMBING=0,ELIGIBLE,"BA0000008 Waterworks Operating Co., LLC",BA0000008,"Waterworks Operating Co., LLC",HIGH,Current StockItem VendorDetails contains 1 vendor row(s); selected default active VendorID BA0000008.,,FOUND,UNKNOWN_ITEM_CLASS
HGLS01-12N,Waterworks Highgate Lavatory Faucet With Cross Handles - Nickel,Waterworks Highgate Lavatory Faucet With Cross Handles - Nickel,PLUMB-LOT,PLUMB-LOT,,SALT LAKE PLUMBING=1,SKIP_QTY_ON_HAND,"BA0000008 Waterworks Operating Co., LLC",BA0000008,"Waterworks Operating Co., LLC",HIGH,Current StockItem VendorDetails contains 1 vendor row(s); selected default active VendorID BA0000008.,,FOUND,SKIP_QTY_ON_HAND
HGLS20-12B,Waterworks Highgate Gooseneck Lavatory Faucet With Cross Handles - Brass,Waterworks Highgate Gooseneck Lavatory Faucet With Cross Handles - Brass,PLUMB-LOT,PLUMB-LOT,,SALT LAKE PLUMBING=2,SKIP_QTY_ON_HAND,"BA0000008 Waterworks Operating Co., LLC",BA0000008,"Waterworks Operating Co., LLC",HIGH,Current StockItem VendorDetails contains 1 vendor row(s); selected default active VendorID BA0000008.,,FOUND,SKIP_QTY_ON_HAND
HGPH31-N,Waterworks Highgate Wall Mounted Swing Arm Paper Holder - Nickel,Waterworks Highgate Wall Mounted Swing Arm Paper Holder - Nickel,PLUMB-LOT,PLUMB-LOT,,SALT LAKE PLUMBING=0; JACKSON WAREHOUSE=0,ELIGIBLE,"BA0000008 Waterworks Operating Co., LLC",BA0000008,"Waterworks Operating Co., LLC",HIGH,Current StockItem VendorDetails contains 1 vendor row(s); selected default active VendorID BA0000008.,,FOUND,UNKNOWN_ITEM_CLASS
HGRH35-N,Waterworks Highgate Single Robe Hook - Nickel,Waterworks Highgate Single Robe Hook - Nickel,PLUMB-LOT,PLUMB-LOT,,SALT LAKE PLUMBING=0; JACKSON WAREHOUSE=0,ELIGIBLE,"BA0000008 Waterworks Operating Co., LLC",BA0000008,"Waterworks Operating Co., LLC",HIGH,Current StockItem VendorDetails contains 1 vendor row(s); selected default active VendorID BA0000008.,,FOUND,UNKNOWN_ITEM_CLASS
HGTB24-N,Waterworks Highgate 24 in Single Metal Towel Bar - Nickel,Waterworks Highgate 24 in Single Metal Towel Bar - Nickel,PLUMB-LOT,PLUMB-LOT,,SALT LAKE PLUMBING=0; JACKSON WAREHOUSE=0,ELIGIBLE,"BA0000008 Waterworks Operating Co., LLC",BA0000008,"Waterworks Operating Co., LLC",HIGH,Current StockItem VendorDetails contains 1 vendor row(s); selected default active VendorID BA0000008.,,FOUND,UNKNOWN_ITEM_CLASS
HGVC50-BWH,Waterworks Highgate Volume Control With Porcelain Lever Handle - White / Brass,Waterworks Highgate Volume Control With Porcelain Lever Handle - White / Brass,PLUMB-LOT,PLUMB-LOT,,SALT LAKE PLUMBING=2,SKIP_QTY_ON_HAND,"BA0000008 Waterworks Operating Co., LLC",BA0000008,"Waterworks Operating Co., LLC",HIGH,Current StockItem VendorDetails contains 1 vendor row(s); selected default active VendorID BA0000008.,,FOUND,SKIP_QTY_ON_HAND
HHL-016-VRVB,Pfister Verve Lever Handle Kit - Matte Black,Pfister Verve Lever Handle Kit - Matte Black,PLUMB-LOT,PLUMB-LOT,,BOISE WAREHOUSE=0,ELIGIBLE,BA0015641 Pfister,BA0015641,Pfister,HIGH,Current StockItem VendorDetails contains 1 vendor row(s); selected default active VendorID BA0015641.,,FOUND,UNKNOWN_ITEM_CLASS
HHLG-TTNTGS,Pfister Tenet Handle for Kitchen Faucets - Spot Defense Brushed Nickel,Pfister Tenet Handle for Kitchen Faucets - Spot Defense Brushed Nickel,PLUMB-LOT,PLUMB-LOT,,SALT LAKE PLUMBING=0,ELIGIBLE,BA0015641 Pfister,BA0015641,Pfister,HIGH,Current StockItem VendorDetails contains 1 vendor row(s); selected default active VendorID BA0015641.,,FOUND,UNKNOWN_ITEM_CLASS
HHLG-TTNTSDB,Pfister Tenet Handle for Kitchen Faucets - Spot Defense Matte Black,Pfister Tenet Handle for Kitchen Faucets - Spot Defense Matte Black,PLUMB-LOT,PLUMB-LOT,,BOISE WAREHOUSE=0,ELIGIBLE,BA0015641 Pfister,BA0015641,Pfister,HIGH,Current StockItem VendorDetails contains 1 vendor row(s); selected default active VendorID BA0015641.,,FOUND,UNKNOWN_ITEM_CLASS
HHL-LG42-VRVLB,Pfister Verve Lever Handle Kit - Matte Black,Pfister Verve Lever Handle Kit - Matte Black,PLUMB-LOT,PLUMB-LOT,,BOISE WAREHOUSE=0,ELIGIBLE,BA0015641 Pfister,BA0015641,Pfister,HIGH,Current StockItem VendorDetails contains 1 vendor row(s); selected default active VendorID BA0015641.,,FOUND,UNKNOWN_ITEM_CLASS
HHL-VRVLB,Pfister Verve Lever Handle Kit - Matte Black,Pfister Verve Lever Handle Kit - Matte Black,PLUMB-LOT,PLUMB-LOT,,BOISE WAREHOUSE=0,ELIGIBLE,BA0015641 Pfister,BA0015641,Pfister,HIGH,Current StockItem VendorDetails contains 1 vendor row(s); selected default active VendorID BA0015641.,,FOUND,UNKNOWN_ITEM_CLASS
HI5365-GLMC,Brizo Beauclere® Widespread Lavatory Wheel Handle Kit - Luxe Gold / Malachite,Brizo Beauclere® Widespread Lavatory Wheel Handle Kit - Luxe Gold / Malachite,PLUMB-LOT,PLUMB-LOT,,BOISE WAREHOUSE=1,SKIP_QTY_ON_HAND,BA0000714 Delta Faucet Company,BA0000714,Delta Faucet Company,HIGH,Current StockItem VendorDetails contains 1 vendor row(s); selected default active VendorID BA0000714.,,FOUND,SKIP_QTY_ON_HAND
HL70467-GL,Brizo Allaria Wall Mount Tub Filler Twist Lever Handle Kit - Luxe Gold,Brizo Allaria Wall Mount Tub Filler Twist Lever Handle Kit - Luxe Gold,PLUMB-LOT,PLUMB-LOT,,BOISE WAREHOUSE=1,SKIP_QTY_ON_HAND,BA0000714 Delta Faucet Company,BA0000714,Delta Faucet Company,HIGH,Current StockItem VendorDetails contains 1 vendor row(s); selected default active VendorID BA0000714.,,FOUND,SKIP_QTY_ON_HAND
HLK048-PC,Brizo Faircroft™ Pull Down Faucet Industrial Lever Handle Kit - Chrome,Brizo Faircroft™ Pull Down Faucet Industrial Lever Handle Kit - Chrome,PLUMB-LOT,PLUMB-LOT,,SALT LAKE PLUMBING=0,ELIGIBLE,BA0000714 Delta Faucet Company,BA0000714,Delta Faucet Company,HIGH,Current StockItem VendorDetails contains 2 vendor row(s); selected first active VendorID BA0000714.,,FOUND,UNKNOWN_ITEM_CLASS
HLS211-12N,Waterworks Henry Gooseneck Lavatory Faucet With Lever Handles - Nickel,Waterworks Henry Gooseneck Lavatory Faucet With Lever Handles - Nickel,PLUMB-LOT,PLUMB-LOT,,SALT LAKE PLUMBING=2,SKIP_QTY_ON_HAND,"BA0000008 Waterworks Operating Co., LLC",BA0000008,"Waterworks Operating Co., LLC",HIGH,Current StockItem VendorDetails contains 1 vendor row(s); selected default active VendorID BA0000008.,,FOUND,SKIP_QTY_ON_HAND
HLS302-12BDN,Waterworks Henry Wall Mounted Lavatory Faucet With Two Tone Cross Handles - Brass / Dark Nickel,Waterworks Henry Wall Mounted Lavatory Faucet With Two Tone Cross Handles - Brass / Dark Nickel,PLUMB-LOT,PLUMB-LOT,,SALT LAKE PLUMBING=0,ELIGIBLE,"BA0000008 Waterworks Operating Co., LLC",BA0000008,"Waterworks Operating Co., LLC",HIGH,Current StockItem VendorDetails contains 1 vendor row(s); selected default active VendorID BA0000008.,,FOUND,UNKNOWN_ITEM_CLASS
HNCH12-N,"Waterworks Henry 12"" Ceiling Mounted Shower Arm With Flange - Nickel","Waterworks Henry 12"" Ceiling Mounted Shower Arm With Flange - Nickel",PLUMB-LOT,PLUMB-LOT,,SALT LAKE PLUMBING=2,SKIP_QTY_ON_HAND,"BA0000008 Waterworks Operating Co., LLC",BA0000008,"Waterworks Operating Co., LLC",HIGH,Current StockItem VendorDetails contains 1 vendor row(s); selected default active VendorID BA0000008.,,FOUND,SKIP_QTY_ON_HAND
HNHW88-B,"Waterworks Henry 8"" Back-To-Back Shower Door Pull - Brass","Waterworks Henry 8"" Back-To-Back Shower Door Pull - Brass",PLUMB-LOT,PLUMB-LOT,,SALT LAKE PLUMBING=1,SKIP_QTY_ON_HAND,"BA0000008 Waterworks Operating Co., LLC",BA0000008,"Waterworks Operating Co., LLC",HIGH,Current StockItem VendorDetails contains 1 vendor row(s); selected default active VendorID BA0000008.,,FOUND,SKIP_QTY_ON_HAND
HNHW88-N,Water Works Henry 8 in BTB Shower Door Pull - Nickel,Water Works Henry 8 in BTB Shower Door Pull - Nickel,PLUMB-LOT,PLUMB-LOT,,SALT LAKE HARDWARE=0; SALT LAKE PLUMBING=0,ELIGIBLE,"BA0000008 Waterworks Operating Co., LLC",BA0000008,"Waterworks Operating Co., LLC",HIGH,Current StockItem VendorDetails contains 1 vendor row(s); selected default active VendorID BA0000008.,,FOUND,UNKNOWN_ITEM_CLASS
HNPH01-B,Waterworks Henry Swing Arm Paper Holder - Brass,Waterworks Henry Swing Arm Paper Holder - Brass,PLUMB-LOT,PLUMB-LOT,,SALT LAKE PLUMBING=1,SKIP_QTY_ON_HAND,"BA0000008 Waterworks Operating Co., LLC",BA0000008,"Waterworks Operating Co., LLC",HIGH,Current StockItem VendorDetails contains 1 vendor row(s); selected default active VendorID BA0000008.,,FOUND,SKIP_QTY_ON_HAND
HNPH01-N,Waterworks Henry Swing Arm Paper Holder - Nickel,Waterworks Henry Swing Arm Paper Holder - Nickel,PLUMB-LOT,PLUMB-LOT,,SALT LAKE HARDWARE=1; SALT LAKE PLUMBING=0,SKIP_QTY_ON_HAND,"BA0000008 Waterworks Operating Co., LLC",BA0000008,"Waterworks Operating Co., LLC",HIGH,Current StockItem VendorDetails contains 1 vendor row(s); selected default active VendorID BA0000008.,,FOUND,SKIP_QTY_ON_HAND
HNRH01-N,Waterworks Henry Single Hook - Nickel,Waterworks Henry Single Hook - Nickel,PLUMB-LOT,PLUMB-LOT,,SALT LAKE HARDWARE=3; SALT LAKE PLUMBING=0,SKIP_QTY_ON_HAND,"BA0000008 Waterworks Operating Co., LLC",BA0000008,"Waterworks Operating Co., LLC",HIGH,Current StockItem VendorDetails contains 1 vendor row(s); selected default active VendorID BA0000008.,,FOUND,SKIP_QTY_ON_HAND
HNVC01-N,Waterworks Henry Volume Control With Cross Handle - Nickel,Waterworks Henry Volume Control With Cross Handle - Nickel,PLUMB-LOT,PLUMB-LOT,,SALT LAKE PLUMBING=0,ELIGIBLE,"BA0000008 Waterworks Operating Co., LLC",BA0000008,"Waterworks Operating Co., LLC",HIGH,Current StockItem VendorDetails contains 1 vendor row(s); selected default active VendorID BA0000008.,,FOUND,UNKNOWN_ITEM_CLASS
HNXS60-18B,"Waterworks Henry Exposed Thermostatic Shower System With 8"" Shower Head, Handshower, Cross Diverter Handle, Lever And Cross Handle - Brass","Waterworks Henry Exposed Thermostatic Shower System With 8"" Shower Head, Handshower, Cross Diverter Handle, Lever And Cross Handle - Brass",PLUMB-LOT,PLUMB-LOT,,SALT LAKE PLUMBING=0,ELIGIBLE,"BA0000008 Waterworks Operating Co., LLC",BA0000008,"Waterworks Operating Co., LLC",HIGH,Current StockItem VendorDetails contains 1 vendor row(s); selected default active VendorID BA0000008.,,FOUND,UNKNOWN_ITEM_CLASS
HS-061-65.25-ANF,"California Faucets Tiburon 3"" Handshower, Contemporary - Antique Nickel Flat","California Faucets Tiburon 3"" Handshower, Contemporary - Antique Nickel Flat",PLUMB-LOT,PLUMB-LOT,,BOISE WAREHOUSE=0,ELIGIBLE,BA0000006 California Faucets,BA0000006,California Faucets,HIGH,Current StockItem VendorDetails contains 1 vendor row(s); selected default active VendorID BA0000006.,,FOUND,UNKNOWN_ITEM_CLASS
HSK-42SHWD,"Pfister Transitional Round 30"" Slide Bar with 60"" Hose - Polished Nickel","Pfister Transitional Round 30"" Slide Bar with 60"" Hose - Polished Nickel",PLUMB-LOT,PLUMB-LOT,,BOISE WAREHOUSE=0,ELIGIBLE,BA0015641 Pfister,BA0015641,Pfister,HIGH,Current StockItem VendorDetails contains 1 vendor row(s); selected default active VendorID BA0015641.,,FOUND,UNKNOWN_ITEM_CLASS
HSK-70SHWD,"Pfister Modern Round 28"" Shower Column with 60"" Hose and Handheld Shower - Polished Nickel","Pfister Modern Round 28"" Shower Column with 60"" Hose and Handheld Shower - Polished Nickel",PLUMB-LOT,PLUMB-LOT,,BOISE WAREHOUSE=2,SKIP_QTY_ON_HAND,BA0015641 Pfister,BA0015641,Pfister,HIGH,Current StockItem VendorDetails contains 1 vendor row(s); selected default active VendorID BA0015641.,,FOUND,SKIP_QTY_ON_HAND
HTH613-N,Waterworks Henry Integrated Thermostatic And Dual Volume Control Valve Trim With Coin Edge Cross And Lever Handles - Nickel,Waterworks Henry Integrated Thermostatic And Dual Volume Control Valve Trim With Coin Edge Cross And Lever Handles - Nickel,PLUMB-LOT,PLUMB-LOT,,SALT LAKE PLUMBING=2,SKIP_QTY_ON_HAND,"BA0000008 Waterworks Operating Co., LLC",BA0000008,"Waterworks Operating Co., LLC",HIGH,Current StockItem VendorDetails contains 1 vendor row(s); selected default active VendorID BA0000008.,,FOUND,SKIP_QTY_ON_HAND
HW7532-GL,Brizo Litze® Tempassure Thermostatic Valve With Integrated 3 Function Diverter Trim Wheel Handle - Luxe Gold,Brizo Litze® Tempassure Thermostatic Valve With Integrated 3 Function Diverter Trim Wheel Handle - Luxe Gold,PLUMB-LOT,PLUMB-LOT,,BOISE WAREHOUSE=1,SKIP_QTY_ON_HAND,BA0000714 Delta Faucet Company,BA0000714,Delta Faucet Company,HIGH,Current StockItem VendorDetails contains 1 vendor row(s); selected default active VendorID BA0000714.,,FOUND,SKIP_QTY_ON_HAND
JULS21-12NWH,Waterworks Julia High Profile Lavatory Faucet With Porcelain Lever Handles - Nickel,Waterworks Julia High Profile Lavatory Faucet With Porcelain Lever Handles - Nickel,PLUMB-LOT,PLUMB-LOT,,SALT LAKE PLUMBING=0,ELIGIBLE,"BA0000008 Waterworks Operating Co., LLC",BA0000008,"Waterworks Operating Co., LLC",HIGH,Current StockItem VendorDetails contains 1 vendor row(s); selected default active VendorID BA0000008.,,FOUND,UNKNOWN_ITEM_CLASS
K-1417-0,"Kohler Memoirs 72"" X 42"" Drop In Bath - White","Kohler Memoirs 72"" X 42"" Drop In Bath - White",PLUMB-LOT,PLUMB-LOT,,BOISE WAREHOUSE=0; SALT LAKE PLUMBING=1,SKIP_QTY_ON_HAND,BA0003290 Hajoca Corporation,BA0003290,Hajoca Corporation,HIGH,Current StockItem VendorDetails contains 1 vendor row(s); selected default active VendorID BA0003290.,,FOUND,SKIP_QTY_ON_HAND
K-22035-BL,Kohler Simplice Pull Out Laundry Sink Faucet With Two Function Sprayhead - Matte Black,Kohler Simplice Pull Out Laundry Sink Faucet With Two Function Sprayhead - Matte Black,PLUMB-LOT,PLUMB-LOT,,BOISE WAREHOUSE=0,ELIGIBLE,BA0000749 Standard Plumbing Supply,BA0000749,Standard Plumbing Supply,HIGH,Current StockItem VendorDetails contains 2 vendor row(s); selected default active VendorID BA0000749.,,FOUND,UNKNOWN_ITEM_CLASS
K-22125,"Plunger, Cold","Plunger, Cold",PLUMB-LOT,PLUMB-LOT,,(no WarehouseDetails rows),ELIGIBLE,,,,NONE,No current VendorDetails row and no deterministic existing StockItem pattern met the audit threshold.,,FOUND,UNKNOWN_ITEM_CLASS
K-26914-Y-BL,"Kohler Awaken Showering Kit, 2.5 Gpm - Matte Black","Kohler Awaken Showering Kit, 2.5 Gpm - Matte Black",PLUMB-LOT,PLUMB-LOT,,BOISE WAREHOUSE=0,ELIGIBLE,BA0003290 Hajoca Corporation,BA0003290,Hajoca Corporation,HIGH,Current StockItem VendorDetails contains 1 vendor row(s); selected default active VendorID BA0003290.,,FOUND,UNKNOWN_ITEM_CLASS
K-27331-0,Kohler Glissade Readylatch Quiet Close Elongated Toilet Seat - White,Kohler Glissade Readylatch Quiet Close Elongated Toilet Seat - White,PLUMB-LOT,PLUMB-LOT,,SALT LAKE HARDWARE=0; SALT LAKE PLUMBING=0,ELIGIBLE,,,,NONE,No current VendorDetails row and no deterministic existing StockItem pattern met the audit threshold.,,FOUND,UNKNOWN_ITEM_CLASS
K-28001-CM1,"Kohler Cairn 24 1/2"" Undermount Single Bowl Kitchen Sink - Matte Black","Kohler Cairn 24 1/2"" Undermount Single Bowl Kitchen Sink - Matte Black",PLUMB-LOT,PLUMB-LOT,,BOISE WAREHOUSE=1; SALT LAKE PLUMBING=0,SKIP_QTY_ON_HAND,BA0003290 Hajoca Corporation,BA0003290,Hajoca Corporation,HIGH,Current StockItem VendorDetails contains 1 vendor row(s); selected default active VendorID BA0003290.,,FOUND,SKIP_QTY_ON_HAND
K-28209-NA,Kohler Anthem Two Port Digital Thermostatic Valve,Kohler Anthem Two Port Digital Thermostatic Valve,PLUMB-LOT,PLUMB-LOT,,SALT LAKE PLUMBING=0,ELIGIBLE,BA0003290 Hajoca Corporation,BA0003290,Hajoca Corporation,HIGH,Current StockItem VendorDetails contains 1 vendor row(s); selected default active VendorID BA0003290.,,FOUND,UNKNOWN_ITEM_CLASS
K30-103-SL-GRP,"California Faucets Descanso Pull Down Kitchen Faucet with Button Sprayer, Quad Spout - Graphite","California Faucets Descanso Pull Down Kitchen Faucet with Button Sprayer, Quad Spout - Graphite",PLUMB-LOT,PLUMB-LOT,,BOISE WAREHOUSE=0,ELIGIBLE,BA0000006 California Faucets,BA0000006,California Faucets,HIGH,Current StockItem VendorDetails contains 1 vendor row(s); selected default active VendorID BA0000006.,,FOUND,UNKNOWN_ITEM_CLASS
K-33153-NA,"Kohler Strive 20"" Undermount Single Bowl Bar Sink - Stainless Steel","Kohler Strive 20"" Undermount Single Bowl Bar Sink - Stainless Steel",PLUMB-LOT,PLUMB-LOT,,BOISE WAREHOUSE=1; SALT LAKE PLUMBING=0,SKIP_QTY_ON_HAND,BA0000749 Standard Plumbing Supply,BA0000749,Standard Plumbing Supply,HIGH,Current StockItem VendorDetails contains 2 vendor row(s); selected first active VendorID BA0000749.,,FOUND,SKIP_QTY_ON_HAND
K-33813-0,"Kohler Corbelle Tall Two Piece Elongated Toilet With Skirted Trapway, 1.28 Gpf - White","Kohler Corbelle Tall Two Piece Elongated Toilet With Skirted Trapway, 1.28 Gpf - White",PLUMB-LOT,PLUMB-LOT,,SALT LAKE HARDWARE=0; SALT LAKE PLUMBING=0,ELIGIBLE,BA0003290 Hajoca Corporation,BA0003290,Hajoca Corporation,HIGH,Current StockItem VendorDetails contains 1 vendor row(s); selected first active VendorID BA0003290.,,FOUND,UNKNOWN_ITEM_CLASS
K-34281-0,"Kohler Leap One Piece Elongated Smart Toilet With Front Bidet Wand Technology, Dual Flush - White","Kohler Leap One Piece Elongated Smart Toilet With Front Bidet Wand Technology, Dual Flush - White",PLUMB-LOT,PLUMB-LOT,,BOISE WAREHOUSE=0,ELIGIBLE,BA0003290 Hajoca Corporation,BA0003290,Hajoca Corporation,HIGH,Current StockItem VendorDetails contains 1 vendor row(s); selected default active VendorID BA0003290.,,FOUND,UNKNOWN_ITEM_CLASS
K-34908-VS,Kohler Elate Single Handle Bar Sink Faucet - Vibrant Stainless,Kohler Elate Single Handle Bar Sink Faucet - Vibrant Stainless,PLUMB-LOT,PLUMB-LOT,,BOISE WAREHOUSE=0,ELIGIBLE,BA0003290 Hajoca Corporation,BA0003290,Hajoca Corporation,HIGH,Current StockItem VendorDetails contains 1 vendor row(s); selected default active VendorID BA0003290.,,FOUND,UNKNOWN_ITEM_CLASS
K-35908-4-BN,"Kohler Castia By Studio Mcgee Widespread Bathroom Sink Faucet, 1.2 Gpm - Vibrant Brushed Nickel","Kohler Castia By Studio Mcgee Widespread Bathroom Sink Faucet, 1.2 Gpm - Vibrant Brushed Nickel",PLUMB-LOT,PLUMB-LOT,,BOISE WAREHOUSE=2; SALT LAKE APPLIANCES=0; SALT LAKE PLUMBING=0; JACKSON WAREHOUSE=0,SKIP_QTY_ON_HAND,BA0000749 Standard Plumbing Supply,BA0000749,Standard Plumbing Supply,HIGH,Current StockItem VendorDetails contains 2 vendor row(s); selected first active VendorID BA0000749.,,FOUND,SKIP_QTY_ON_HAND
K-35913-4-BN,Kohler Castia By Studio Mcgee Deck Mount Bath Faucet With Handshower - Vibrant Brushed Nickel,Kohler Castia By Studio Mcgee Deck Mount Bath Faucet With Handshower - Vibrant Brushed Nickel,PLUMB-LOT,PLUMB-LOT,,BOISE WAREHOUSE=0; SALT LAKE PLUMBING=1,SKIP_QTY_ON_HAND,BA0003290 Hajoca Corporation,BA0003290,Hajoca Corporation,HIGH,Current StockItem VendorDetails contains 1 vendor row(s); selected default active VendorID BA0003290.,,FOUND,SKIP_QTY_ON_HAND
K-36259-NY,"Kohler Audrine 18-5/8"" Undermount Bar Sink - Dune","Kohler Audrine 18-5/8"" Undermount Bar Sink - Dune",PLUMB-LOT,PLUMB-LOT,,SALT LAKE APPLIANCES=0; SALT LAKE PLUMBING=0,ELIGIBLE,BA0000749 Standard Plumbing Supply,BA0000749,Standard Plumbing Supply,HIGH,Current StockItem VendorDetails contains 1 vendor row(s); selected first active VendorID BA0000749.,,FOUND,UNKNOWN_ITEM_CLASS
K-36364-BL,Kohler Anthem Duo Two Outlet Shower Digital Control - Matte Black,Kohler Anthem Duo Two Outlet Shower Digital Control - Matte Black,PLUMB-LOT,PLUMB-LOT,,SALT LAKE PLUMBING=1,SKIP_QTY_ON_HAND,BA0003290 Hajoca Corporation,BA0003290,Hajoca Corporation,HIGH,Current StockItem VendorDetails contains 1 vendor row(s); selected default active VendorID BA0003290.,,FOUND,SKIP_QTY_ON_HAND
K-37385-NA,"Kohler Pureflo Rough In Cable Drain, Pvc, 45"" Cable, Less Horizontal Tube","Kohler Pureflo Rough In Cable Drain, Pvc, 45"" Cable, Less Horizontal Tube",PLUMB-LOT,PLUMB-LOT,,BOISE WAREHOUSE=0,ELIGIBLE,BA0003290 Hajoca Corporation,BA0003290,Hajoca Corporation,HIGH,Current StockItem VendorDetails contains 1 vendor row(s); selected default active VendorID BA0003290.,,FOUND,UNKNOWN_ITEM_CLASS
K-38859-0,"Kohler Claude 65-3/4"" X 33-1/2"" Freestanding Bath - White","Kohler Claude 65-3/4"" X 33-1/2"" Freestanding Bath - White",PLUMB-LOT,PLUMB-LOT,,SALT LAKE PLUMBING=1,SKIP_QTY_ON_HAND,BA0000749 Standard Plumbing Supply,BA0000749,Standard Plumbing Supply,HIGH,Current StockItem VendorDetails contains 1 vendor row(s); selected default active VendorID BA0000749.,,FOUND,SKIP_QTY_ON_HAND
K51-100SQ-FB-USS,"California Faucets Corsano Pull Down Kitchen Faucet with Squeeze Sprayer, High Arc Spout - Ultra Stainless Steel","California Faucets Corsano Pull Down Kitchen Faucet with Squeeze Sprayer, High Arc Spout - Ultra Stainless Steel",PLUMB-LOT,PLUMB-LOT,,SALT LAKE APPLIANCES=0; SALT LAKE PLUMBING=0,ELIGIBLE,BA0000006 California Faucets,BA0000006,California Faucets,HIGH,Current StockItem VendorDetails contains 1 vendor row(s); selected default active VendorID BA0000006.,,FOUND,UNKNOWN_ITEM_CLASS
K6007/11B,Phylrich Holder And Connector For K6530 Shower - Antique Bronze,Phylrich Holder And Connector For K6530 Shower - Antique Bronze,PLUMB-LOT,PLUMB-LOT,,BOISE WAREHOUSE=0,ELIGIBLE,BA0016237 Phylrich,BA0016237,Phylrich,HIGH,Current StockItem VendorDetails contains 1 vendor row(s); selected default active VendorID BA0016237.,,FOUND,UNKNOWN_ITEM_CLASS
K-6489-NY,"Kohler Whitehaven 35 3/4"" Undermount Single Bowl Farmhouse Kitchen Sink - Dune","Kohler Whitehaven 35 3/4"" Undermount Single Bowl Farmhouse Kitchen Sink - Dune",PLUMB-LOT,PLUMB-LOT,,SALT LAKE APPLIANCES=0; SALT LAKE PLUMBING=0,ELIGIBLE,BA0000749 Standard Plumbing Supply,BA0000749,Standard Plumbing Supply,HIGH,Current StockItem VendorDetails contains 1 vendor row(s); selected first active VendorID BA0000749.,,FOUND,UNKNOWN_ITEM_CLASS
K6530/11B,"Phylrich Basic Hand Shower Including 59"" Hose - Antique Bronze","Phylrich Basic Hand Shower Including 59"" Hose - Antique Bronze",PLUMB-LOT,PLUMB-LOT,,BOISE WAREHOUSE=0,ELIGIBLE,BA0016237 Phylrich,BA0016237,Phylrich,HIGH,Current StockItem VendorDetails contains 1 vendor row(s); selected default active VendorID BA0016237.,,FOUND,UNKNOWN_ITEM_CLASS
K837/015,"5"" Contemporary Multifunction Shower Head - Satin Nickel","5"" Contemporary Multifunction Shower Head - Satin Nickel",PLUMB-LOT,PLUMB-LOT,,(no WarehouseDetails rows),ELIGIBLE,,,,NONE,No current VendorDetails row and no deterministic existing StockItem pattern met the audit threshold.,,FOUND,UNKNOWN_ITEM_CLASS
K837/11B,"Phylrich 5"" Contemporary Multifunction Shower Head - Antique Bronze","Phylrich 5"" Contemporary Multifunction Shower Head - Antique Bronze",PLUMB-LOT,PLUMB-LOT,,BOISE WAREHOUSE=0,ELIGIBLE,BA0016237 Phylrich,BA0016237,Phylrich,HIGH,Current StockItem VendorDetails contains 1 vendor row(s); selected default active VendorID BA0016237.,,FOUND,UNKNOWN_ITEM_CLASS
K-98359-BN,"Kohler Awaken 60"" Smooth Shower Hose - Vibrant Brushed Nickel","Kohler Awaken 60"" Smooth Shower Hose - Vibrant Brushed Nickel",PLUMB-LOT,PLUMB-LOT,,BOISE WAREHOUSE=0,ELIGIBLE,BA0003290 Hajoca Corporation,BA0003290,Hajoca Corporation,HIGH,Current StockItem VendorDetails contains 1 vendor row(s); selected default active VendorID BA0003290.,,FOUND,UNKNOWN_ITEM_CLASS
KSD-SRDSS,Pfister Transitional Round Soap Dispenser With SoloTilt - Stainless Steel,Pfister Transitional Round Soap Dispenser With SoloTilt - Stainless Steel,PLUMB-LOT,PLUMB-LOT,,BOISE WAREHOUSE=0,ELIGIBLE,BA0015641 Pfister,BA0015641,Pfister,HIGH,Current StockItem VendorDetails contains 1 vendor row(s); selected default active VendorID BA0015641.,,FOUND,UNKNOWN_ITEM_CLASS
K-T26432-4-2MB,"Kohler Riff Wall Mount Bathroom Sink Faucet Trim, 1.2 Gpm - Vibrant Brushed Moderne Brass","Kohler Riff Wall Mount Bathroom Sink Faucet Trim, 1.2 Gpm - Vibrant Brushed Moderne Brass",PLUMB-LOT,PLUMB-LOT,,BOISE WAREHOUSE=0; SALT LAKE PLUMBING=1,SKIP_QTY_ON_HAND,BA0003290 Hajoca Corporation,BA0003290,Hajoca Corporation,HIGH,Current StockItem VendorDetails contains 1 vendor row(s); selected default active VendorID BA0003290.,,FOUND,SKIP_QTY_ON_HAND
K-T35921-4-BN,Kohler Castia By Studio Mcgee Mastershower Transfer Valve Trim With Lever Handle - Vibrant Brushed Nickel,Kohler Castia By Studio Mcgee Mastershower Transfer Valve Trim With Lever Handle - Vibrant Brushed Nickel,PLUMB-LOT,PLUMB-LOT,,BOISE WAREHOUSE=0,ELIGIBLE,BA0003290 Hajoca Corporation,BA0003290,Hajoca Corporation,HIGH,Current StockItem VendorDetails contains 1 vendor row(s); selected default active VendorID BA0003290.,,FOUND,UNKNOWN_ITEM_CLASS
K-T37391-BN,Kohler Pureflo Rotary Turn Bath Drain Trim - Vibrant Brushed Nickel,Kohler Pureflo Rotary Turn Bath Drain Trim - Vibrant Brushed Nickel,PLUMB-LOT,PLUMB-LOT,,BOISE WAREHOUSE=0,ELIGIBLE,BA0003290 Hajoca Corporation,BA0003290,Hajoca Corporation,HIGH,Current StockItem VendorDetails contains 1 vendor row(s); selected default active VendorID BA0003290.,,FOUND,UNKNOWN_ITEM_CLASS
K-TS35916-4Y-BN,"Kohler Castia By Studio Mcgee Rite-Temp Shower Trim Kit, 2.5 Gpm - Vibrant Brushed Nickel","Kohler Castia By Studio Mcgee Rite-Temp Shower Trim Kit, 2.5 Gpm - Vibrant Brushed Nickel",PLUMB-LOT,PLUMB-LOT,,BOISE WAREHOUSE=3; SALT LAKE APPLIANCES=0; SALT LAKE PLUMBING=0; JACKSON WAREHOUSE=0,SKIP_QTY_ON_HAND,BA0000749 Standard Plumbing Supply,BA0000749,Standard Plumbing Supply,HIGH,Current StockItem VendorDetails contains 2 vendor row(s); selected first active VendorID BA0000749.,,FOUND,SKIP_QTY_ON_HAND
K-TS35917-4Y-BN,"Kohler Castia By Studio Mcgee Rite-Temp Bath And Shower Trim Kit, 2.5 Gpm - Vibrant Brushed Nickel","Kohler Castia By Studio Mcgee Rite-Temp Bath And Shower Trim Kit, 2.5 Gpm - Vibrant Brushed Nickel",PLUMB-LOT,PLUMB-LOT,,BOISE WAREHOUSE=0,ELIGIBLE,BA0003290 Hajoca Corporation,BA0003290,Hajoca Corporation,HIGH,Current StockItem VendorDetails contains 1 vendor row(s); selected default active VendorID BA0003290.,,FOUND,UNKNOWN_ITEM_CLASS
LBWDM0BKBC,Elkay Liv EZ Mechanical Built-in Filtered Water Dispenser Non refrigerated - Midnight - Midnight,Elkay Liv EZ Mechanical Built-in Filtered Water Dispenser Non refrigerated - Midnight - Midnight,PLUMB-LOT,PLUMB-LOT,,BOISE WAREHOUSE=1; SALT LAKE PLUMBING=0,SKIP_QTY_ON_HAND,BA0000536 Southwest Plumbing Supply,BA0000536,Southwest Plumbing Supply,HIGH,Current StockItem VendorDetails contains 1 vendor row(s); selected default active VendorID BA0000536.,,FOUND,SKIP_QTY_ON_HAND
LD15G1-N,Waterworks Ludlow Single Sided Glass Mounted Hook - Nickel,Waterworks Ludlow Single Sided Glass Mounted Hook - Nickel,PLUMB-LOT,PLUMB-LOT,,SALT LAKE APPLIANCES=0; SALT LAKE PLUMBING=1,SKIP_QTY_ON_HAND,"BA0000008 Waterworks Operating Co., LLC",BA0000008,"Waterworks Operating Co., LLC",HIGH,Current StockItem VendorDetails contains 1 vendor row(s); selected default active VendorID BA0000008.,,FOUND,SKIP_QTY_ON_HAND
LDCL06-N,"Waterworks Ludlow 6"" Ceiling Mounted Shower Arm With Flange - Nickel","Waterworks Ludlow 6"" Ceiling Mounted Shower Arm With Flange - Nickel",PLUMB-LOT,PLUMB-LOT,,SALT LAKE PLUMBING=1,SKIP_QTY_ON_HAND,"BA0000008 Waterworks Operating Co., LLC",BA0000008,"Waterworks Operating Co., LLC",HIGH,Current StockItem VendorDetails contains 1 vendor row(s); selected default active VendorID BA0000008.,,FOUND,SKIP_QTY_ON_HAND
LDCL12-B,"Waterworks Ludlow 12"" Ceiling Mounted Shower Arm With Flange - Brass","Waterworks Ludlow 12"" Ceiling Mounted Shower Arm With Flange - Brass",PLUMB-LOT,PLUMB-LOT,,SALT LAKE PLUMBING=1,SKIP_QTY_ON_HAND,"BA0000008 Waterworks Operating Co., LLC",BA0000008,"Waterworks Operating Co., LLC",HIGH,Current StockItem VendorDetails contains 1 vendor row(s); selected default active VendorID BA0000008.,,FOUND,SKIP_QTY_ON_HAND
LDCL18-B,"Waterworks Ludlow 18"" Ceiling Mounted Shower Arm With Flange - Brass","Waterworks Ludlow 18"" Ceiling Mounted Shower Arm With Flange - Brass",PLUMB-LOT,PLUMB-LOT,,SALT LAKE APPLIANCES=0; SALT LAKE PLUMBING=0,ELIGIBLE,"BA0000008 Waterworks Operating Co., LLC",BA0000008,"Waterworks Operating Co., LLC",HIGH,Current StockItem VendorDetails contains 1 vendor row(s); selected default active VendorID BA0000008.,,FOUND,UNKNOWN_ITEM_CLASS
LDHS10-18B,Waterworks Ludlow Handshower On Bar - Brass,Waterworks Ludlow Handshower On Bar - Brass,PLUMB-LOT,PLUMB-LOT,,SALT LAKE PLUMBING=1,SKIP_QTY_ON_HAND,"BA0000008 Waterworks Operating Co., LLC",BA0000008,"Waterworks Operating Co., LLC",HIGH,Current StockItem VendorDetails contains 1 vendor row(s); selected default active VendorID BA0000008.,,FOUND,SKIP_QTY_ON_HAND
LDLS10-12B,Waterworks Ludlow Lavatory Faucet With Lever Handles - Brass,Waterworks Ludlow Lavatory Faucet With Lever Handles - Brass,PLUMB-LOT,PLUMB-LOT,,SALT LAKE APPLIANCES=0; SALT LAKE PLUMBING=0,ELIGIBLE,"BA0000008 Waterworks Operating Co., LLC",BA0000008,"Waterworks Operating Co., LLC",HIGH,Current StockItem VendorDetails contains 1 vendor row(s); selected default active VendorID BA0000008.,,FOUND,UNKNOWN_ITEM_CLASS
LDLS25-12N,Waterworks Ludlow Gooseneck Lavatory Faucet With Cross Handles - Nickel,Waterworks Ludlow Gooseneck Lavatory Faucet With Cross Handles - Nickel,PLUMB-LOT,PLUMB-LOT,,SALT LAKE APPLIANCES=0; SALT LAKE PLUMBING=2,SKIP_QTY_ON_HAND,"BA0000008 Waterworks Operating Co., LLC",BA0000008,"Waterworks Operating Co., LLC",HIGH,Current StockItem VendorDetails contains 1 vendor row(s); selected default active VendorID BA0000008.,,FOUND,SKIP_QTY_ON_HAND
LDLS30-12N,Waterworks Ludlow Gooseneck Lavatory Faucet With Lever Handles - Nickel,Waterworks Ludlow Gooseneck Lavatory Faucet With Lever Handles - Nickel,PLUMB-LOT,PLUMB-LOT,,SALT LAKE PLUMBING=1,SKIP_QTY_ON_HAND,"BA0000008 Waterworks Operating Co., LLC",BA0000008,"Waterworks Operating Co., LLC",HIGH,Current StockItem VendorDetails contains 1 vendor row(s); selected default active VendorID BA0000008.,,FOUND,SKIP_QTY_ON_HAND
LDLS35-12N,Waterworks Ludlow Gooseneck Lavatory Faucet With Lever Handles - Nickel,Waterworks Ludlow Gooseneck Lavatory Faucet With Lever Handles - Nickel,PLUMB-LOT,PLUMB-LOT,,SALT LAKE PLUMBING=4,SKIP_QTY_ON_HAND,"BA0000008 Waterworks Operating Co., LLC",BA0000008,"Waterworks Operating Co., LLC",HIGH,Current StockItem VendorDetails contains 1 vendor row(s); selected default active VendorID BA0000008.,,FOUND,SKIP_QTY_ON_HAND
LDLS65-12BB,Waterworks Ludlow Wall Mounted Lavatory Faucet With Cross Handles - Burnished Brass,Waterworks Ludlow Wall Mounted Lavatory Faucet With Cross Handles - Burnished Brass,PLUMB-LOT,PLUMB-LOT,,SALT LAKE APPLIANCES=0; SALT LAKE PLUMBING=1,SKIP_QTY_ON_HAND,"BA0000008 Waterworks Operating Co., LLC",BA0000008,"Waterworks Operating Co., LLC",HIGH,Current StockItem VendorDetails contains 1 vendor row(s); selected default active VendorID BA0000008.,,FOUND,SKIP_QTY_ON_HAND
LDPH01-B,Waterworks Ludlow One Arm Paper Holder - Brass,Waterworks Ludlow One Arm Paper Holder - Brass,PLUMB-LOT,PLUMB-LOT,,SALT LAKE APPLIANCES=0; SALT LAKE PLUMBING=0,ELIGIBLE,"BA0000008 Waterworks Operating Co., LLC",BA0000008,"Waterworks Operating Co., LLC",HIGH,Current StockItem VendorDetails contains 1 vendor row(s); selected default active VendorID BA0000008.,,FOUND,UNKNOWN_ITEM_CLASS
LDPH25-N,Waterworks Ludlow One Arm Paper Holder - Nickel,Waterworks Ludlow One Arm Paper Holder - Nickel,PLUMB-LOT,PLUMB-LOT,,SALT LAKE APPLIANCES=0; SALT LAKE PLUMBING=3,SKIP_QTY_ON_HAND,"BA0000008 Waterworks Operating Co., LLC",BA0000008,"Waterworks Operating Co., LLC",HIGH,Current StockItem VendorDetails contains 1 vendor row(s); selected default active VendorID BA0000008.,,FOUND,SKIP_QTY_ON_HAND
LDRH01-B,Waterworks Ludlow Single Hook - Brass,Waterworks Ludlow Single Hook - Brass,PLUMB-LOT,PLUMB-LOT,,SALT LAKE APPLIANCES=0; SALT LAKE PLUMBING=0,ELIGIBLE,"BA0000008 Waterworks Operating Co., LLC",BA0000008,"Waterworks Operating Co., LLC",HIGH,Current StockItem VendorDetails contains 1 vendor row(s); selected default active VendorID BA0000008.,,FOUND,UNKNOWN_ITEM_CLASS
LDTB65-N,"Waterworks Ludlow 24"" Single Towel Bar - Nickel","Waterworks Ludlow 24"" Single Towel Bar - Nickel",PLUMB-LOT,PLUMB-LOT,,SALT LAKE APPLIANCES=0; SALT LAKE PLUMBING=1,SKIP_QTY_ON_HAND,"BA0000008 Waterworks Operating Co., LLC",BA0000008,"Waterworks Operating Co., LLC",HIGH,Current StockItem VendorDetails contains 1 vendor row(s); selected default active VendorID BA0000008.,,FOUND,SKIP_QTY_ON_HAND
LDTH02-B,Waterworks Ludlow Thermostatic Control Valve Trim With Cross Handle - Brass,Waterworks Ludlow Thermostatic Control Valve Trim With Cross Handle - Brass,PLUMB-LOT,PLUMB-LOT,,SALT LAKE PLUMBING=1,SKIP_QTY_ON_HAND,"BA0000008 Waterworks Operating Co., LLC",BA0000008,"Waterworks Operating Co., LLC",HIGH,Current StockItem VendorDetails contains 1 vendor row(s); selected default active VendorID BA0000008.,,FOUND,SKIP_QTY_ON_HAND
LDTH02-N,Waterworks Ludlow Thermostatic Control Valve Trim With Cross Handle - Nickel,Waterworks Ludlow Thermostatic Control Valve Trim With Cross Handle - Nickel,PLUMB-LOT,PLUMB-LOT,,SALT LAKE PLUMBING=2,SKIP_QTY_ON_HAND,"BA0000008 Waterworks Operating Co., LLC",BA0000008,"Waterworks Operating Co., LLC",HIGH,Current StockItem VendorDetails contains 1 vendor row(s); selected default active VendorID BA0000008.,,FOUND,SKIP_QTY_ON_HAND
LDTH11-B,Waterworks Ludlow Thermostatic Control Valve Trim With Lever Handle - Brass,Waterworks Ludlow Thermostatic Control Valve Trim With Lever Handle - Brass,PLUMB-LOT,PLUMB-LOT,,SALT LAKE APPLIANCES=0; SALT LAKE PLUMBING=0,ELIGIBLE,"BA0000008 Waterworks Operating Co., LLC",BA0000008,"Waterworks Operating Co., LLC",HIGH,Current StockItem VendorDetails contains 1 vendor row(s); selected default active VendorID BA0000008.,,FOUND,UNKNOWN_ITEM_CLASS
LDTH11-N,Waterworks Ludlow Thermostatic Control Valve Trim With Lever Handle - Nickel,Waterworks Ludlow Thermostatic Control Valve Trim With Lever Handle - Nickel,PLUMB-LOT,PLUMB-LOT,,SALT LAKE PLUMBING=2,SKIP_QTY_ON_HAND,"BA0000008 Waterworks Operating Co., LLC",BA0000008,"Waterworks Operating Co., LLC",HIGH,Current StockItem VendorDetails contains 1 vendor row(s); selected default active VendorID BA0000008.,,FOUND,SKIP_QTY_ON_HAND
LDTH22-N,Waterworks Ludlow Integrated Thermostatic And Diverter Valve Trim With Cross Handle - Nickel,Waterworks Ludlow Integrated Thermostatic And Diverter Valve Trim With Cross Handle - Nickel,PLUMB-LOT,PLUMB-LOT,,SALT LAKE APPLIANCES=0; SALT LAKE PLUMBING=1,SKIP_QTY_ON_HAND,"BA0000008 Waterworks Operating Co., LLC",BA0000008,"Waterworks Operating Co., LLC",HIGH,Current StockItem VendorDetails contains 1 vendor row(s); selected default active VendorID BA0000008.,,FOUND,SKIP_QTY_ON_HAND
LDVC10-B,Waterworks Ludlow Volume Control With Lever Handle - Brass,Waterworks Ludlow Volume Control With Lever Handle - Brass,PLUMB-LOT,PLUMB-LOT,,SALT LAKE APPLIANCES=0; SALT LAKE PLUMBING=2,SKIP_QTY_ON_HAND,"BA0000008 Waterworks Operating Co., LLC",BA0000008,"Waterworks Operating Co., LLC",HIGH,Current StockItem VendorDetails contains 1 vendor row(s); selected default active VendorID BA0000008.,,FOUND,SKIP_QTY_ON_HAND
LDVC10-N,Waterworks Ludlow Volume Control With Lever Handle - Nickel,Waterworks Ludlow Volume Control With Lever Handle - Nickel,PLUMB-LOT,PLUMB-LOT,,SALT LAKE PLUMBING=8,SKIP_QTY_ON_HAND,"BA0000008 Waterworks Operating Co., LLC",BA0000008,"Waterworks Operating Co., LLC",HIGH,Current StockItem VendorDetails contains 1 vendor row(s); selected default active VendorID BA0000008.,,FOUND,SKIP_QTY_ON_HAND
LDWL06-N,"Waterworks Ludlow 6"" Wall Mounted 45 Degree Shower Arm With Flange - Nickel","Waterworks Ludlow 6"" Wall Mounted 45 Degree Shower Arm With Flange - Nickel",PLUMB-LOT,PLUMB-LOT,,SALT LAKE PLUMBING=1,SKIP_QTY_ON_HAND,"BA0000008 Waterworks Operating Co., LLC",BA0000008,"Waterworks Operating Co., LLC",HIGH,Current StockItem VendorDetails contains 1 vendor row(s); selected default active VendorID BA0000008.,,FOUND,SKIP_QTY_ON_HAND
LDWL08-B,"Waterworks Ludlow 8"" Wall Mounted 45 Degree Shower Arm With Flange - Brass","Waterworks Ludlow 8"" Wall Mounted 45 Degree Shower Arm With Flange - Brass",PLUMB-LOT,PLUMB-LOT,,SALT LAKE APPLIANCES=0; SALT LAKE PLUMBING=0,ELIGIBLE,"BA0000008 Waterworks Operating Co., LLC",BA0000008,"Waterworks Operating Co., LLC",HIGH,Current StockItem VendorDetails contains 1 vendor row(s); selected default active VendorID BA0000008.,,FOUND,UNKNOWN_ITEM_CLASS
LDWL08-N,"Waterworks Ludlow 8"" Wall Mounted 45 Degree Shower Arm With Flange - Nickel","Waterworks Ludlow 8"" Wall Mounted 45 Degree Shower Arm With Flange - Nickel",PLUMB-LOT,PLUMB-LOT,,SALT LAKE PLUMBING=0,ELIGIBLE,"BA0000008 Waterworks Operating Co., LLC",BA0000008,"Waterworks Operating Co., LLC",HIGH,Current StockItem VendorDetails contains 1 vendor row(s); selected default active VendorID BA0000008.,,FOUND,UNKNOWN_ITEM_CLASS
LDXT70-18B,Waterworks Ludlow Exposed Tub Filler With Handshower And Lever Handles - Brass,Waterworks Ludlow Exposed Tub Filler With Handshower And Lever Handles - Brass,PLUMB-LOT,PLUMB-LOT,,SALT LAKE APPLIANCES=0; SALT LAKE PLUMBING=0,ELIGIBLE,"BA0000008 Waterworks Operating Co., LLC",BA0000008,"Waterworks Operating Co., LLC",HIGH,Current StockItem VendorDetails contains 1 vendor row(s); selected default active VendorID BA0000008.,,FOUND,UNKNOWN_ITEM_CLASS
LDXT70-18N,Waterworks Ludlow Exposed Tub Filler with Handshower and Lever Handles - Nickel,Waterworks Ludlow Exposed Tub Filler with Handshower and Lever Handles - Nickel,PLUMB-LOT,PLUMB-LOT,,SALT LAKE PLUMBING=0,ELIGIBLE,"BA0000008 Waterworks Operating Co., LLC",BA0000008,"Waterworks Operating Co., LLC",HIGH,Current StockItem VendorDetails contains 1 vendor row(s); selected default active VendorID BA0000008.,,FOUND,UNKNOWN_ITEM_CLASS
LG42-TNT2D,"Pfister Tenet Single Control 4"" Centerset Bathroom Faucet - Polished Nickel","Pfister Tenet Single Control 4"" Centerset Bathroom Faucet - Polished Nickel",PLUMB-LOT,PLUMB-LOT,,BOISE WAREHOUSE=4,SKIP_QTY_ON_HAND,BA0015641 Pfister,BA0015641,Pfister,HIGH,Current StockItem VendorDetails contains 1 vendor row(s); selected default active VendorID BA0015641.,,FOUND,SKIP_QTY_ON_HAND
LG49-TNT2D,Pfister Tenet 2 Handle Wall Mount Widespread Bathroom Faucet - Polished Nickel,Pfister Tenet 2 Handle Wall Mount Widespread Bathroom Faucet - Polished Nickel,PLUMB-LOT,PLUMB-LOT,,BOISE WAREHOUSE=0,ELIGIBLE,BA0015641 Pfister,BA0015641,Pfister,HIGH,Current StockItem VendorDetails contains 1 vendor row(s); selected default active VendorID BA0015641.,,FOUND,UNKNOWN_ITEM_CLASS
LG49-VRV1B,"Pfister Verve 2 Handle 8"" Widespread Bathroom Faucet - Matte Black","Pfister Verve 2 Handle 8"" Widespread Bathroom Faucet - Matte Black",PLUMB-LOT,PLUMB-LOT,,BOISE WAREHOUSE=0,ELIGIBLE,BA0015641 Pfister,BA0015641,Pfister,HIGH,Current StockItem VendorDetails contains 1 vendor row(s); selected default active VendorID BA0015641.,,FOUND,UNKNOWN_ITEM_CLASS
LG529-HGS,Pfister Highbury Pulldown Kitchen Faucet - Stainless Steel,Pfister Highbury Pulldown Kitchen Faucet - Stainless Steel,PLUMB-LOT,PLUMB-LOT,,BOISE WAREHOUSE=0,ELIGIBLE,BA0015641 Pfister,BA0015641,Pfister,HIGH,Current StockItem VendorDetails contains 1 vendor row(s); selected default active VendorID BA0015641.,,FOUND,UNKNOWN_ITEM_CLASS
LG89-7HTSDB,Pfister Holliston Shower Only Trim Kit - Spot Defense Matte Black,Pfister Holliston Shower Only Trim Kit - Spot Defense Matte Black,PLUMB-LOT,PLUMB-LOT,,BOISE WAREHOUSE=0,ELIGIBLE,BA0015641 Pfister,BA0015641,Pfister,HIGH,Current StockItem VendorDetails contains 1 vendor row(s); selected default active VendorID BA0015641.,,FOUND,UNKNOWN_ITEM_CLASS
LG89-7WND,Pfister Winter Park Shower Trim Kit - Polished Nickel,Pfister Winter Park Shower Trim Kit - Polished Nickel,PLUMB-LOT,PLUMB-LOT,,SALT LAKE APPLIANCES=0; SALT LAKE PLUMBING=0,ELIGIBLE,BA0000676 The Lovell Company,BA0000676,The Lovell Company,HIGH,Current StockItem VendorDetails contains 2 vendor row(s); selected first active VendorID BA0000676.,,FOUND,UNKNOWN_ITEM_CLASS
LS-252213,West Brass Majorca Rectangle Acrylic Undermount Drop-in Laundry Sink    Center drain,West Brass Majorca Rectangle Acrylic Undermount Drop-in Laundry Sink    Center drain,PLUMB-LOT,PLUMB-LOT,,BOISE WAREHOUSE=0,ELIGIBLE,BA0011479 WESTBRASS,BA0011479,WESTBRASS,HIGH,Current StockItem VendorDetails contains 1 vendor row(s); selected default active VendorID BA0011479.,,FOUND,UNKNOWN_ITEM_CLASS
LS41RENABUL,Stone Forest Renaissance 4 Leg Console - Aged Brass Unlacquered,Stone Forest Renaissance 4 Leg Console - Aged Brass Unlacquered,PLUMB-LOT,PLUMB-LOT,,SALT LAKE PLUMBING=0,ELIGIBLE,BA0000751 Stone Forest,BA0000751,Stone Forest,HIGH,Current StockItem VendorDetails contains 1 vendor row(s); selected default active VendorID BA0000751.,,FOUND,UNKNOWN_ITEM_CLASS
MAG61015-ONY,"Franke Maris Dual Mount 17.31"" X 19.69"" Fragranite Single Bowl Bar / Prep Sink - Onyx","Franke Maris Dual Mount 17.31"" X 19.69"" Fragranite Single Bowl Bar / Prep Sink - Onyx",PLUMB-LOT,PLUMB-LOT,,SALT LAKE APPLIANCES=0; SALT LAKE PLUMBING=0,ELIGIBLE,"BA0000722 Franke Kitchen Systems, LLC",BA0000722,"Franke Kitchen Systems, LLC",HIGH,Current StockItem VendorDetails contains 1 vendor row(s); selected first active VendorID BA0000722.,,FOUND,UNKNOWN_ITEM_CLASS
MAG61023L-ONY,"Franke Maris Dual Mount 25"" X 22"" Fragranite Dual Mount Single Bowl Laundry Sink - Onyx","Franke Maris Dual Mount 25"" X 22"" Fragranite Dual Mount Single Bowl Laundry Sink - Onyx",PLUMB-LOT,PLUMB-LOT,,SALT LAKE APPLIANCES=0; SALT LAKE PLUMBING=0,ELIGIBLE,"BA0000722 Franke Kitchen Systems, LLC",BA0000722,"Franke Kitchen Systems, LLC",HIGH,Current StockItem VendorDetails contains 1 vendor row(s); selected default active VendorID BA0000722.,,FOUND,UNKNOWN_ITEM_CLASS
MRLVHU-BWHO,"Waterworks Manchester Undermount Oval Vitreous China Lavatory Sink 17 1/4"" X 14 1/2"" X 8"" - Bright White","Waterworks Manchester Undermount Oval Vitreous China Lavatory Sink 17 1/4"" X 14 1/2"" X 8"" - Bright White",PLUMB-LOT,PLUMB-LOT,,SALT LAKE PLUMBING=1,SKIP_QTY_ON_HAND,"BA0000008 Waterworks Operating Co., LLC",BA0000008,"Waterworks Operating Co., LLC",HIGH,Current StockItem VendorDetails contains 1 vendor row(s); selected default active VendorID BA0000008.,,FOUND,SKIP_QTY_ON_HAND
MRVSK BA,Wall-hung Wc Rimless Wc Mare - Basalto,Wall-hung Wc Rimless Wc Mare - Basalto,PLUMB-LOT,PLUMB-LOT,,(no WarehouseDetails rows),ELIGIBLE,,,,NONE,No current VendorDetails row and no deterministic existing StockItem pattern met the audit threshold.,,FOUND,UNKNOWN_ITEM_CLASS
MT7100-NL/PEW,"Mountain Plumbing Lavatory Supply Kit, Contemporary Lever Handle With 1/4 Turn Ceramic Disc Cartridge Valve, Mt5003L-Nl, Angle, P-Trap 1-1/4"" - Pewter","Mountain Plumbing Lavatory Supply Kit, Contemporary Lever Handle With 1/4 Turn Ceramic Disc Cartridge Valve, Mt5003L-Nl, Angle, P-Trap 1-1/4"" - Pewter",PLUMB-LOT,PLUMB-LOT,,SALT LAKE WAREHOUSE=0; SALT LAKE PLUMBING=0,ELIGIBLE,BA0000739 Mountain Plumbing Products,BA0000739,Mountain Plumbing Products,HIGH,Current StockItem VendorDetails contains 1 vendor row(s); selected default active VendorID BA0000739.,,FOUND,UNKNOWN_ITEM_CLASS
MTCS11-BADN,"Marta Wall Mounted Marble Lavatory Sink 36"" X 18 3/4"" X 6"" With 36"" X 8"" X 3/4"" Backsplash - Bardiglio Dark / Nickel","Marta Wall Mounted Marble Lavatory Sink 36"" X 18 3/4"" X 6"" With 36"" X 8"" X 3/4"" Backsplash - Bardiglio Dark / Nickel",PLUMB-LOT,PLUMB-LOT,,(no WarehouseDetails rows),ELIGIBLE,,,,NONE,No current VendorDetails row and no deterministic existing StockItem pattern met the audit threshold.,,FOUND,UNKNOWN_ITEM_CLASS
MW6424726CEFGA#01,Nexus Washlet+ One Piece Elongated 1.28 Gpf Toilet With Auto Flush S7 Contemporary Bidet Seat - Cotton,Nexus Washlet+ One Piece Elongated 1.28 Gpf Toilet With Auto Flush S7 Contemporary Bidet Seat - Cotton,PLUMB-LOT,PLUMB-LOT,,(no WarehouseDetails rows),ELIGIBLE,,,,NONE,No current VendorDetails row and no deterministic existing StockItem pattern met the audit threshold.,,FOUND,UNKNOWN_ITEM_CLASS
NLS260-12DN,Waterworks Finot High Profile Lavatory Faucet With Slope Lever Handles - Dark Nickel,Waterworks Finot High Profile Lavatory Faucet With Slope Lever Handles - Dark Nickel,PLUMB-LOT,PLUMB-LOT,,SALT LAKE PLUMBING=2,SKIP_QTY_ON_HAND,"BA0000008 Waterworks Operating Co., LLC",BA0000008,"Waterworks Operating Co., LLC",HIGH,Current StockItem VendorDetails contains 1 vendor row(s); selected default active VendorID BA0000008.,,FOUND,SKIP_QTY_ON_HAND
NLS260-12N,Finot High Profile Lavatory Faucet With Slope Lever Handles - Nickel,Finot High Profile Lavatory Faucet With Slope Lever Handles - Nickel,PLUMB-LOT,PLUMB-LOT,,(no WarehouseDetails rows),ELIGIBLE,,BA0000008,"Waterworks Operating Co., LLC",HIGH,prefix NLS maps to BA0000008 in 4/4 existing vendor-populated StockItems.,,FOUND,UNKNOWN_ITEM_CLASS
NLS310-12DN,Waterworks Finot Wall Mounted Lavatory Faucet With Single Cross Handle - Dark Nickel,Waterworks Finot Wall Mounted Lavatory Faucet With Single Cross Handle - Dark Nickel,PLUMB-LOT,PLUMB-LOT,,SALT LAKE PLUMBING=0,ELIGIBLE,"BA0000008 Waterworks Operating Co., LLC",BA0000008,"Waterworks Operating Co., LLC",HIGH,Current StockItem VendorDetails contains 1 vendor row(s); selected default active VendorID BA0000008.,,FOUND,UNKNOWN_ITEM_CLASS
NLS760-12N,Finot Wall Mounted Lavatory Faucet With Slope Lever Handles - Nickel,Finot Wall Mounted Lavatory Faucet With Slope Lever Handles - Nickel,PLUMB-LOT,PLUMB-LOT,,(no WarehouseDetails rows),ELIGIBLE,,BA0000008,"Waterworks Operating Co., LLC",HIGH,prefix NLS maps to BA0000008 in 4/4 existing vendor-populated StockItems.,,FOUND,UNKNOWN_ITEM_CLASS
NOHS01-18DN,Waterworks Finot Handshower On Hook - Dark Nickel,Waterworks Finot Handshower On Hook - Dark Nickel,PLUMB-LOT,PLUMB-LOT,,SALT LAKE PLUMBING=0,ELIGIBLE,"BA0000008 Waterworks Operating Co., LLC",BA0000008,"Waterworks Operating Co., LLC",HIGH,Current StockItem VendorDetails contains 1 vendor row(s); selected default active VendorID BA0000008.,,FOUND,UNKNOWN_ITEM_CLASS
NOHS10-18N,Finot Handshower On Bar - Nickel,Finot Handshower On Bar - Nickel,PLUMB-LOT,PLUMB-LOT,,(no WarehouseDetails rows),ELIGIBLE,,BA0000008,"Waterworks Operating Co., LLC",MEDIUM,brand-token FINOT suggests BA0000008 in 7/7 existing vendor-populated StockItems; manual review required.,,FOUND,UNKNOWN_ITEM_CLASS
NOSK25-AC,"Normandy Hammered Copper Bar Sink 14 15/16"" X 11 7/16"" X 5 11/16""with Center Drain - Antique Copper","Normandy Hammered Copper Bar Sink 14 15/16"" X 11 7/16"" X 5 11/16""with Center Drain - Antique Copper",PLUMB-LOT,PLUMB-LOT,,(no WarehouseDetails rows),ELIGIBLE,,BA0000008,"Waterworks Operating Co., LLC",HIGH,prefix NOSK maps to BA0000008 in 3/3 existing vendor-populated StockItems.,,FOUND,UNKNOWN_ITEM_CLASS
NOTB24-N,"Finot 24"" Towel Bar - Nickel","Finot 24"" Towel Bar - Nickel",PLUMB-LOT,PLUMB-LOT,,(no WarehouseDetails rows),ELIGIBLE,,BA0000008,"Waterworks Operating Co., LLC",MEDIUM,brand-token FINOT suggests BA0000008 in 7/7 existing vendor-populated StockItems; manual review required.,,FOUND,UNKNOWN_ITEM_CLASS
NOTH30-DN,Waterworks Finot Thermostatic Control Valve Trim With Dial Knob Handle - Dark Nickel,Waterworks Finot Thermostatic Control Valve Trim With Dial Knob Handle - Dark Nickel,PLUMB-LOT,PLUMB-LOT,,SALT LAKE PLUMBING=0,ELIGIBLE,"BA0000008 Waterworks Operating Co., LLC",BA0000008,"Waterworks Operating Co., LLC",HIGH,Current StockItem VendorDetails contains 1 vendor row(s); selected default active VendorID BA0000008.,,FOUND,UNKNOWN_ITEM_CLASS
NOTH30-N,Finot Thermostatic Control Valve Trim With Dial Knob Handle - Nickel,Finot Thermostatic Control Valve Trim With Dial Knob Handle - Nickel,PLUMB-LOT,PLUMB-LOT,,(no WarehouseDetails rows),ELIGIBLE,,BA0000008,"Waterworks Operating Co., LLC",MEDIUM,brand-token FINOT suggests BA0000008 in 7/7 existing vendor-populated StockItems; manual review required.,,FOUND,UNKNOWN_ITEM_CLASS
NOVC30-DN,Waterworks Finot Volume And Diverter Control Valve Trim With Dial Knob Handle - Dark Nickel,Waterworks Finot Volume And Diverter Control Valve Trim With Dial Knob Handle - Dark Nickel,PLUMB-LOT,PLUMB-LOT,,SALT LAKE PLUMBING=0,ELIGIBLE,"BA0000008 Waterworks Operating Co., LLC",BA0000008,"Waterworks Operating Co., LLC",HIGH,Current StockItem VendorDetails contains 1 vendor row(s); selected default active VendorID BA0000008.,,FOUND,UNKNOWN_ITEM_CLASS
NOVC30-N,Finot Volume And Diverter Control Valve Trim With Dial Knob Handle - Nickel,Finot Volume And Diverter Control Valve Trim With Dial Knob Handle - Nickel,PLUMB-LOT,PLUMB-LOT,,(no WarehouseDetails rows),ELIGIBLE,,BA0000008,"Waterworks Operating Co., LLC",MEDIUM,brand-token FINOT suggests BA0000008 in 7/7 existing vendor-populated StockItems; manual review required.,,FOUND,UNKNOWN_ITEM_CLASS
NOXT90-18N,Finot One Hole Floor Mounted Exposed Tub Filler With Handshower And Lever Handle - Nickel,Finot One Hole Floor Mounted Exposed Tub Filler With Handshower And Lever Handle - Nickel,PLUMB-LOT,PLUMB-LOT,,(no WarehouseDetails rows),ELIGIBLE,,BA0000008,"Waterworks Operating Co., LLC",MEDIUM,brand-token FINOT suggests BA0000008 in 7/7 existing vendor-populated StockItems; manual review required.,,FOUND,UNKNOWN_ITEM_CLASS
NPH01S-N,Finot Slope One Arm Paper Holder - Nickel,Finot Slope One Arm Paper Holder - Nickel,PLUMB-LOT,PLUMB-LOT,,(no WarehouseDetails rows),ELIGIBLE,,BA0000008,"Waterworks Operating Co., LLC",MEDIUM,brand-token FINOT suggests BA0000008 in 7/7 existing vendor-populated StockItems; manual review required.,,FOUND,UNKNOWN_ITEM_CLASS
NRH01S-N,Finot Slope Single Hook - Nickel,Finot Slope Single Hook - Nickel,PLUMB-LOT,PLUMB-LOT,,(no WarehouseDetails rows),ELIGIBLE,,BA0000008,"Waterworks Operating Co., LLC",MEDIUM,brand-token FINOT suggests BA0000008 in 7/7 existing vendor-populated StockItems; manual review required.,,FOUND,UNKNOWN_ITEM_CLASS
NSL2116-E,Native Trails Anacapa Concrete Bathroom Sink - Earth,Native Trails Anacapa Concrete Bathroom Sink - Earth,PLUMB-LOT,PLUMB-LOT,,BOISE WAREHOUSE=0,ELIGIBLE,BA0000741 Native Trails,BA0000741,Native Trails,HIGH,Current StockItem VendorDetails contains 1 vendor row(s); selected default active VendorID BA0000741.,,FOUND,UNKNOWN_ITEM_CLASS
NSL2116-S,Native Trails Anacapa Concrete Bathroom Sink - Slate,Native Trails Anacapa Concrete Bathroom Sink - Slate,PLUMB-LOT,PLUMB-LOT,,BOISE WAREHOUSE=0,ELIGIBLE,BA0000741 Native Trails,BA0000741,Native Trails,HIGH,Current StockItem VendorDetails contains 1 vendor row(s); selected default active VendorID BA0000741.,,FOUND,UNKNOWN_ITEM_CLASS
NSL2116-T,Native Trails Anacapa Concrete Bathroom Sink - Terracotta,Native Trails Anacapa Concrete Bathroom Sink - Terracotta,PLUMB-LOT,PLUMB-LOT,,BOISE WAREHOUSE=0,ELIGIBLE,BA0000741 Native Trails,BA0000741,Native Trails,HIGH,Current StockItem VendorDetails contains 1 vendor row(s); selected default active VendorID BA0000741.,,FOUND,UNKNOWN_ITEM_CLASS
NST6636-S,"Native Trails Avalon 66"" Nativestone Freestanding Soaking Tub - Slate","Native Trails Avalon 66"" Nativestone Freestanding Soaking Tub - Slate",PLUMB-LOT,PLUMB-LOT,,BOISE WAREHOUSE=1,SKIP_QTY_ON_HAND,BA0000741 Native Trails,BA0000741,Native Trails,HIGH,Current StockItem VendorDetails contains 1 vendor row(s); selected default active VendorID BA0000741.,,FOUND,SKIP_QTY_ON_HAND
NTB10S-N,"Finot Slope 10"" Guest Towel Bar - Nickel","Finot Slope 10"" Guest Towel Bar - Nickel",PLUMB-LOT,PLUMB-LOT,,(no WarehouseDetails rows),ELIGIBLE,,BA0000008,"Waterworks Operating Co., LLC",MEDIUM,brand-token FINOT suggests BA0000008 in 7/7 existing vendor-populated StockItems; manual review required.,,FOUND,UNKNOWN_ITEM_CLASS
OPT20137-084,Maax Cable-Operated Waste And Overflow - Chrome,Maax Cable-Operated Waste And Overflow - Chrome,PLUMB-LOT,PLUMB-LOT,,SALT LAKE PLUMBING=0,ELIGIBLE,BA0003290 Hajoca Corporation,BA0003290,Hajoca Corporation,HIGH,Current StockItem VendorDetails contains 1 vendor row(s); selected default active VendorID BA0003290.,,FOUND,UNKNOWN_ITEM_CLASS
PB-6524-24-AB,Wall Positioning Bar - Antique Brass,Wall Positioning Bar - Antique Brass,PLUMB-LOT,PLUMB-LOT,,(no WarehouseDetails rows),ELIGIBLE,,,,NONE,No current VendorDetails row and no deterministic existing StockItem pattern met the audit threshold.,,FOUND,UNKNOWN_ITEM_CLASS
PS140TRBK,Artos Harmony Thermostatic Shower Trim Kit With Hand Shower - Matte Black,Artos Harmony Thermostatic Shower Trim Kit With Hand Shower - Matte Black,PLUMB-LOT,PLUMB-LOT,,BOISE WAREHOUSE=1,SKIP_QTY_ON_HAND,"BA0013051 Westover, Inc.",BA0013051,"Westover, Inc.",HIGH,Current StockItem VendorDetails contains 1 vendor row(s); selected default active VendorID BA0013051.,,FOUND,SKIP_QTY_ON_HAND
PTXT95-18DN,Waterworks 0.25 One Hole Floor Mounted Exposed Tub Filler With Hand Shower And Lever Handle - Dark Nickel,Waterworks 0.25 One Hole Floor Mounted Exposed Tub Filler With Hand Shower And Lever Handle - Dark Nickel,PLUMB-LOT,PLUMB-LOT,,SALT LAKE PLUMBING=0,ELIGIBLE,"BA0000008 Waterworks Operating Co., LLC",BA0000008,"Waterworks Operating Co., LLC",HIGH,Current StockItem VendorDetails contains 1 vendor row(s); selected default active VendorID BA0000008.,,FOUND,UNKNOWN_ITEM_CLASS
R89-1TNTD,Pfister Tenet 1 Handle Tub And Shower Valve Only Trim - Polished Nickel,Pfister Tenet 1 Handle Tub And Shower Valve Only Trim - Polished Nickel,PLUMB-LOT,PLUMB-LOT,,BOISE WAREHOUSE=0,ELIGIBLE,BA0015641 Pfister,BA0015641,Pfister,HIGH,Current StockItem VendorDetails contains 1 vendor row(s); selected default active VendorID BA0015641.,,FOUND,UNKNOWN_ITEM_CLASS
R89-STNTB,Pfister Tenet Stacked Diverter Trim Kit - Matte Black,Pfister Tenet Stacked Diverter Trim Kit - Matte Black,PLUMB-LOT,PLUMB-LOT,,BOISE WAREHOUSE=0,ELIGIBLE,BA0015641 Pfister,BA0015641,Pfister,HIGH,Current StockItem VendorDetails contains 1 vendor row(s); selected default active VendorID BA0015641.,,FOUND,UNKNOWN_ITEM_CLASS
R89-STNTD,Pfister Tenet Stacked Diverter Trim Kit - Polished Nickel,Pfister Tenet Stacked Diverter Trim Kit - Polished Nickel,PLUMB-LOT,PLUMB-LOT,,SALT LAKE APPLIANCES=0; SALT LAKE PLUMBING=0,ELIGIBLE,BA0000676 The Lovell Company,BA0000676,The Lovell Company,HIGH,Current StockItem VendorDetails contains 2 vendor row(s); selected first active VendorID BA0000676.,,FOUND,UNKNOWN_ITEM_CLASS
RGKM02-22B,Waterworks Regulator One Hole Gooseneck Bar Faucet With Wheel Handle - Brass,Waterworks Regulator One Hole Gooseneck Bar Faucet With Wheel Handle - Brass,PLUMB-LOT,PLUMB-LOT,,SALT LAKE PLUMBING=0,ELIGIBLE,"BA0000008 Waterworks Operating Co., LLC",BA0000008,"Waterworks Operating Co., LLC",HIGH,Current StockItem VendorDetails contains 1 vendor row(s); selected default active VendorID BA0000008.,,FOUND,UNKNOWN_ITEM_CLASS
RH08WM,Rohl Wall Mount Two Handle Widespread Rough In Valve,Rohl Wall Mount Two Handle Widespread Rough In Valve,PLUMB-LOT,PLUMB-LOT,,SALT LAKE APPLIANCES=0; SALT LAKE PLUMBING=0,ELIGIBLE,"BA0000007 Rohl, LLC",BA0000007,"Rohl, LLC",HIGH,Current StockItem VendorDetails contains 1 vendor row(s); selected default active VendorID BA0000007.,,FOUND,UNKNOWN_ITEM_CLASS
RP100330PN,Brizo Invari H2Okinetic Multi Function Handshower - Polished Nickel,Brizo Invari H2Okinetic Multi Function Handshower - Polished Nickel,PLUMB-LOT,PLUMB-LOT,,BOISE WAREHOUSE=0,ELIGIBLE,BA0000714 Delta Faucet Company,BA0000714,Delta Faucet Company,HIGH,Current StockItem VendorDetails contains 1 vendor row(s); selected default active VendorID BA0000714.,,FOUND,UNKNOWN_ITEM_CLASS
RP102060PCPR,Delta Tetra® Diverter Tub Spout - Lumicoat Chrome,Delta Tetra® Diverter Tub Spout - Lumicoat Chrome,PLUMB-LOT,PLUMB-LOT,,SALT LAKE PLUMBING=0,ELIGIBLE,BA0000714 Delta Faucet Company,BA0000714,Delta Faucet Company,HIGH,Current StockItem VendorDetails contains 1 vendor row(s); selected default active VendorID BA0000714.,,FOUND,UNKNOWN_ITEM_CLASS
RRTH02-N,Waterworks Riverun Thermostatic Control Valve Trim With Tri-Spoke Handle - Nickel,Waterworks Riverun Thermostatic Control Valve Trim With Tri-Spoke Handle - Nickel,PLUMB-LOT,PLUMB-LOT,,SALT LAKE PLUMBING=0,ELIGIBLE,"BA0000008 Waterworks Operating Co., LLC",BA0000008,"Waterworks Operating Co., LLC",HIGH,Current StockItem VendorDetails contains 1 vendor row(s); selected default active VendorID BA0000008.,,FOUND,UNKNOWN_ITEM_CLASS
RRVC11-N,Waterworks Riverun Volume Control With Tri-Spoke Handle - Nickel,Waterworks Riverun Volume Control With Tri-Spoke Handle - Nickel,PLUMB-LOT,PLUMB-LOT,,SALT LAKE PLUMBING=2,SKIP_QTY_ON_HAND,"BA0000008 Waterworks Operating Co., LLC",BA0000008,"Waterworks Operating Co., LLC",HIGH,Current StockItem VendorDetails contains 1 vendor row(s); selected default active VendorID BA0000008.,,FOUND,SKIP_QTY_ON_HAND
RVH6333BL,"Ruvati Pro 45"" Workstation Two Tiered Ledge Undermount Kitchen Sink - Gunmetal Black Stainless Steel","Ruvati Pro 45"" Workstation Two Tiered Ledge Undermount Kitchen Sink - Gunmetal Black Stainless Steel",PLUMB-LOT,PLUMB-LOT,,BOISE WAREHOUSE=1,SKIP_QTY_ON_HAND,BA0023614 RUVATI USA,BA0023614,RUVATI USA,HIGH,Current StockItem VendorDetails contains 1 vendor row(s); selected default active VendorID BA0023614.,,FOUND,SKIP_QTY_ON_HAND
RVH7015,"Ruvati Gravena 15"" Undermount Bar Prep 16 Gauge Kitchen Sink Round Corners Single Bowl - Stainless Steel","Ruvati Gravena 15"" Undermount Bar Prep 16 Gauge Kitchen Sink Round Corners Single Bowl - Stainless Steel",PLUMB-LOT,PLUMB-LOT,,BOISE WAREHOUSE=2,SKIP_QTY_ON_HAND,BA0023614 RUVATI USA,BA0023614,RUVATI USA,HIGH,Current StockItem VendorDetails contains 1 vendor row(s); selected default active VendorID BA0023614.,,FOUND,SKIP_QTY_ON_HAND
RVU6124,"Ruvati Savona 24"" x 18"" x 13"" Deep Laundry Utility Sink Undermount 16 Gauge - Stainless Steel","Ruvati Savona 24"" x 18"" x 13"" Deep Laundry Utility Sink Undermount 16 Gauge - Stainless Steel",PLUMB-LOT,PLUMB-LOT,,BOISE WAREHOUSE=1,SKIP_QTY_ON_HAND,BA0023614 RUVATI USA,BA0023614,RUVATI USA,HIGH,Current StockItem VendorDetails contains 1 vendor row(s); selected default active VendorID BA0023614.,,FOUND,SKIP_QTY_ON_HAND
S6310,"Moen One Function 7"" Diameter Spray Head Rainshower - Chrome","Moen One Function 7"" Diameter Spray Head Rainshower - Chrome",PLUMB-LOT,PLUMB-LOT,,SALT LAKE PLUMBING=0,ELIGIBLE,BA0003290 Hajoca Corporation,BA0003290,Hajoca Corporation,HIGH,Current StockItem VendorDetails contains 1 vendor row(s); selected default active VendorID BA0003290.,,FOUND,UNKNOWN_ITEM_CLASS
SH-EH4-AB,Contemporary 4 Function Antiscale Hand Shower 1.75 Gpm @ 80 Psi - Antique Brass,Contemporary 4 Function Antiscale Hand Shower 1.75 Gpm @ 80 Psi - Antique Brass,PLUMB-LOT,PLUMB-LOT,,(no WarehouseDetails rows),ELIGIBLE,,,,NONE,No current VendorDetails row and no deterministic existing StockItem pattern met the audit threshold.,,FOUND,UNKNOWN_ITEM_CLASS
SPA6036-MB,"Westbrass 60"" X 36"" 3 Wall Shower Pan With Plastic Center 4 1/4"" Cross Grid Brass Drain Cover - Matte Black","Westbrass 60"" X 36"" 3 Wall Shower Pan With Plastic Center 4 1/4"" Cross Grid Brass Drain Cover - Matte Black",PLUMB-LOT,PLUMB-LOT,,BOISE WAREHOUSE=4; BOISE PROJECT=0,SKIP_QTY_ON_HAND,BA0011479 WESTBRASS,BA0011479,WESTBRASS,HIGH,Current StockItem VendorDetails contains 1 vendor row(s); selected default active VendorID BA0011479.,,FOUND,SKIP_QTY_ON_HAND
SPA6036-PC,"Westbrass 60"" X 36"" 3 Wall Shower Pan With Plastic Center 4 1/4"" Cross Grid Brass Drain Cover - Polished Chrome","Westbrass 60"" X 36"" 3 Wall Shower Pan With Plastic Center 4 1/4"" Cross Grid Brass Drain Cover - Polished Chrome",PLUMB-LOT,PLUMB-LOT,,BOISE WAREHOUSE=0,ELIGIBLE,BA0011479 WESTBRASS,BA0011479,WESTBRASS,HIGH,Current StockItem VendorDetails contains 1 vendor row(s); selected default active VendorID BA0011479.,,FOUND,UNKNOWN_ITEM_CLASS
SS-WD2SH,"Watermark 1/2"" 2 Way Diverter","Watermark 1/2"" 2 Way Diverter",PLUMB-LOT,PLUMB-LOT,,SALT LAKE PLUMBING=0,ELIGIBLE,BA0000760 Watermark,BA0000760,Watermark,HIGH,Current StockItem VendorDetails contains 1 vendor row(s); selected default active VendorID BA0000760.,,FOUND,UNKNOWN_ITEM_CLASS
STBT66-GWH,"Styli Freestanding Acrylic Oval Bathtub 66"" X 32"" X 24"" - White","Styli Freestanding Acrylic Oval Bathtub 66"" X 32"" X 24"" - White",PLUMB-LOT,PLUMB-LOT,,(no WarehouseDetails rows),ELIGIBLE,,,,NONE,No current VendorDetails row and no deterministic existing StockItem pattern met the audit threshold.,,FOUND,UNKNOWN_ITEM_CLASS
STIF6536BK,"Infinity Drain Site Sizable Series 36"" Pvc Complete Kit With Tile Insert Frame - Matte Black","Infinity Drain Site Sizable Series 36"" Pvc Complete Kit With Tile Insert Frame - Matte Black",PLUMB-LOT,PLUMB-LOT,,SALT LAKE APPLIANCES=0; SALT LAKE PLUMBING=0,ELIGIBLE,BA0000731 Infinity Drain,BA0000731,Infinity Drain,HIGH,Current StockItem VendorDetails contains 1 vendor row(s); selected default active VendorID BA0000731.,,FOUND,UNKNOWN_ITEM_CLASS
STIF6536SS,"Infinity Drain Site Sizable Series 36"" Pvc Complete Kit With Tile Insert Frame - Satin Stainless","Infinity Drain Site Sizable Series 36"" Pvc Complete Kit With Tile Insert Frame - Satin Stainless",PLUMB-LOT,PLUMB-LOT,,SALT LAKE APPLIANCES=0; SALT LAKE PLUMBING=0,ELIGIBLE,BA0000731 Infinity Drain,BA0000731,Infinity Drain,HIGH,Current StockItem VendorDetails contains 1 vendor row(s); selected default active VendorID BA0000731.,,FOUND,UNKNOWN_ITEM_CLASS
STIF6572SS,"Infinity Drain Site Sizable Series 72"" Pvc Complete Kit With Tile Insert Frame - Satin Stainless","Infinity Drain Site Sizable Series 72"" Pvc Complete Kit With Tile Insert Frame - Satin Stainless",PLUMB-LOT,PLUMB-LOT,,SALT LAKE APPLIANCES=0; SALT LAKE PLUMBING=0,ELIGIBLE,BA0000731 Infinity Drain,BA0000731,Infinity Drain,HIGH,Current StockItem VendorDetails contains 1 vendor row(s); selected default active VendorID BA0000731.,,FOUND,UNKNOWN_ITEM_CLASS
T67376-PNLHP,Brizo Invari® Roman Tub Faucet Less Handles - Polished Nickel,Brizo Invari® Roman Tub Faucet Less Handles - Polished Nickel,PLUMB-LOT,PLUMB-LOT,,BOISE WAREHOUSE=0,ELIGIBLE,BA0000714 Delta Faucet Company,BA0000714,Delta Faucet Company,HIGH,Current StockItem VendorDetails contains 1 vendor row(s); selected default active VendorID BA0000714.,,FOUND,UNKNOWN_ITEM_CLASS
T70467-GLLHP,Brizo Allaria Two Handle Wall Mount Tub Filler Less Handles - Luxe Gold,Brizo Allaria Two Handle Wall Mount Tub Filler Less Handles - Luxe Gold,PLUMB-LOT,PLUMB-LOT,,BOISE WAREHOUSE=1; SALT LAKE PLUMBING=0,SKIP_QTY_ON_HAND,BA0000714 Delta Faucet Company,BA0000714,Delta Faucet Company,HIGH,Current StockItem VendorDetails contains 1 vendor row(s); selected default active VendorID BA0000714.,,FOUND,SKIP_QTY_ON_HAND
TA605BK,Artos Harmony Robe Hook - Matte Black,Artos Harmony Robe Hook - Matte Black,PLUMB-LOT,PLUMB-LOT,,BOISE WAREHOUSE=0,ELIGIBLE,"BA0013051 Westover, Inc.",BA0013051,"Westover, Inc.",HIGH,Current StockItem VendorDetails contains 1 vendor row(s); selected default active VendorID BA0013051.,,FOUND,UNKNOWN_ITEM_CLASS
TA615BK,Artos Harmony Toilet Paper Holder - Matte Black,Artos Harmony Toilet Paper Holder - Matte Black,PLUMB-LOT,PLUMB-LOT,,BOISE WAREHOUSE=0,ELIGIBLE,"BA0013051 Westover, Inc.",BA0013051,"Westover, Inc.",HIGH,Current StockItem VendorDetails contains 1 vendor row(s); selected default active VendorID BA0013051.,,FOUND,UNKNOWN_ITEM_CLASS
TA645BK,Artos Harmony Towel Ring - Matte Black,Artos Harmony Towel Ring - Matte Black,PLUMB-LOT,PLUMB-LOT,,BOISE WAREHOUSE=0,ELIGIBLE,"BA0013051 Westover, Inc.",BA0013051,"Westover, Inc.",HIGH,Current StockItem VendorDetails contains 1 vendor row(s); selected default active VendorID BA0013051.,,FOUND,UNKNOWN_ITEM_CLASS
TAP13W1LMSTN,"Rohl Apothecary™ 3/4"" Thermostatic Trim Without Volume Control - Satin Nickel","Rohl Apothecary™ 3/4"" Thermostatic Trim Without Volume Control - Satin Nickel",PLUMB-LOT,PLUMB-LOT,,BOISE WAREHOUSE=1,SKIP_QTY_ON_HAND,"BA0000007 Rohl, LLC",BA0000007,"Rohl, LLC",HIGH,Current StockItem VendorDetails contains 1 vendor row(s); selected default active VendorID BA0000007.,,FOUND,SKIP_QTY_ON_HAND
TAP13W1XMULB,"Rohl Apothecary 3/4"" Thermostatic Trim Without Volume Control - Unlacquered Brass","Rohl Apothecary 3/4"" Thermostatic Trim Without Volume Control - Unlacquered Brass",PLUMB-LOT,PLUMB-LOT,,SALT LAKE PLUMBING=0,ELIGIBLE,"BA0000007 Rohl, LLC",BA0000007,"Rohl, LLC",HIGH,Current StockItem VendorDetails contains 1 vendor row(s); selected default active VendorID BA0000007.,,FOUND,UNKNOWN_ITEM_CLASS
TAP18W1LMSTN,Rohl Apothecary™ Trim For Volume Control And Diverter - Satin Nickel,Rohl Apothecary™ Trim For Volume Control And Diverter - Satin Nickel,PLUMB-LOT,PLUMB-LOT,,BOISE WAREHOUSE=3,SKIP_QTY_ON_HAND,"BA0000007 Rohl, LLC",BA0000007,"Rohl, LLC",HIGH,Current StockItem VendorDetails contains 1 vendor row(s); selected default active VendorID BA0000007.,,FOUND,SKIP_QTY_ON_HAND
TAP18W1LMULB,Rohl Apothecary Trim For Volume Control And Diverter - Unlacquered Brass,Rohl Apothecary Trim For Volume Control And Diverter - Unlacquered Brass,PLUMB-LOT,PLUMB-LOT,,SALT LAKE PLUMBING=0,ELIGIBLE,"BA0000007 Rohl, LLC",BA0000007,"Rohl, LLC",HIGH,Current StockItem VendorDetails contains 1 vendor row(s); selected default active VendorID BA0000007.,,FOUND,UNKNOWN_ITEM_CLASS
THU886#BN-A,TOTO Glaston Trip Lever  - Brushed Nickel,TOTO Glaston Trip Lever  - Brushed Nickel,PLUMB-LOT,PLUMB-LOT,,SALT LAKE PLUMBING=0,ELIGIBLE,BA0000536 Southwest Plumbing Supply,BA0000536,Southwest Plumbing Supply,HIGH,Current StockItem VendorDetails contains 1 vendor row(s); selected default active VendorID BA0000536.,,FOUND,UNKNOWN_ITEM_CLASS
THU886#MBL-A,Toto Glaston Trip Lever - Matte Black,Toto Glaston Trip Lever - Matte Black,PLUMB-LOT,PLUMB-LOT,,BOISE WAREHOUSE=0,ELIGIBLE,BA0022393 TOTO USA INC.,BA0022393,TOTO USA INC.,HIGH,Current StockItem VendorDetails contains 1 vendor row(s); selected default active VendorID BA0022393.,,FOUND,UNKNOWN_ITEM_CLASS
TO-3706L-ANF,California Faucets San Elijo 2 Handle Tub and Shower Trim Only - Antique Nickel Flat,California Faucets San Elijo 2 Handle Tub and Shower Trim Only - Antique Nickel Flat,PLUMB-LOT,PLUMB-LOT,,BOISE WAREHOUSE=0,ELIGIBLE,BA0000006 California Faucets,BA0000006,California Faucets,HIGH,Current StockItem VendorDetails contains 1 vendor row(s); selected default active VendorID BA0000006.,,FOUND,UNKNOWN_ITEM_CLASS
TO-PB2L-E4-SN,California Faucets Arpeggio Dual Pressure Balance Trim Only - Satin Nickel,California Faucets Arpeggio Dual Pressure Balance Trim Only - Satin Nickel,PLUMB-LOT,PLUMB-LOT,,SALT LAKE APPLIANCES=0; SALT LAKE PLUMBING=0,ELIGIBLE,BA0000006 California Faucets,BA0000006,California Faucets,HIGH,Current StockItem VendorDetails contains 1 vendor row(s); selected default active VendorID BA0000006.,,FOUND,UNKNOWN_ITEM_CLASS
TO-THN-37-ANF,"California Faucets San Elijo StyleTherm 3/4"" Thermostatic Trim Only - Antique Nickel Flat","California Faucets San Elijo StyleTherm 3/4"" Thermostatic Trim Only - Antique Nickel Flat",PLUMB-LOT,PLUMB-LOT,,BOISE WAREHOUSE=0,ELIGIBLE,BA0000006 California Faucets,BA0000006,California Faucets,HIGH,Current StockItem VendorDetails contains 1 vendor row(s); selected default active VendorID BA0000006.,,FOUND,UNKNOWN_ITEM_CLASS
TO-V3702-7-ANF,California Faucets San Elijo Two Handle Lavatory Wall Faucet Trim Only - Antique Nickel Flat,California Faucets San Elijo Two Handle Lavatory Wall Faucet Trim Only - Antique Nickel Flat,PLUMB-LOT,PLUMB-LOT,,BOISE WAREHOUSE=0,ELIGIBLE,BA0000006 California Faucets,BA0000006,California Faucets,HIGH,Current StockItem VendorDetails contains 1 vendor row(s); selected default active VendorID BA0000006.,,FOUND,UNKNOWN_ITEM_CLASS
TS255BN,Artos Round 2 Way Pressure Balance Shower Trim Kit with Rain Shower Head and Hand Held Shower - Brushed Nickel,Artos Round 2 Way Pressure Balance Shower Trim Kit with Rain Shower Head and Hand Held Shower - Brushed Nickel,PLUMB-LOT,PLUMB-LOT,,BOISE WAREHOUSE=2,SKIP_QTY_ON_HAND,"BA0013051 Westover, Inc.",BA0013051,"Westover, Inc.",HIGH,Current StockItem VendorDetails contains 1 vendor row(s); selected default active VendorID BA0013051.,,FOUND,SKIP_QTY_ON_HAND
TS256BK,Artos Opera 2 Way Pressure Balance Shower Trim Kit With Tub Filler - Matte Black,Artos Opera 2 Way Pressure Balance Shower Trim Kit With Tub Filler - Matte Black,PLUMB-LOT,PLUMB-LOT,,BOISE WAREHOUSE=1,SKIP_QTY_ON_HAND,"BA0013051 Westover, Inc.",BA0013051,"Westover, Inc.",HIGH,Current StockItem VendorDetails contains 1 vendor row(s); selected default active VendorID BA0013051.,,FOUND,SKIP_QTY_ON_HAND
TS296BK,Artos Harmony 2 Way Pressure Balance Shower Trim Kit With Tub Filler - Matte Black,Artos Harmony 2 Way Pressure Balance Shower Trim Kit With Tub Filler - Matte Black,PLUMB-LOT,PLUMB-LOT,,BOISE WAREHOUSE=1,SKIP_QTY_ON_HAND,"BA0013051 Westover, Inc.",BA0013051,"Westover, Inc.",HIGH,Current StockItem VendorDetails contains 1 vendor row(s); selected default active VendorID BA0013051.,,FOUND,SKIP_QTY_ON_HAND
TS3661NH,Moen Annex Shower Rail - Chrome,Moen Annex Shower Rail - Chrome,PLUMB-LOT,PLUMB-LOT,,SALT LAKE PLUMBING=0,ELIGIBLE,BA0003290 Hajoca Corporation,BA0003290,Hajoca Corporation,HIGH,Current StockItem VendorDetails contains 1 vendor row(s); selected default active VendorID BA0003290.,,FOUND,UNKNOWN_ITEM_CLASS
TSU10W.10,"Toto 10"" Unifit Rough-in","Toto 10"" Unifit Rough-in",PLUMB-LOT,PLUMB-LOT,,SALT LAKE PLUMBING=0,ELIGIBLE,BA0000536 Southwest Plumbing Supply,BA0000536,Southwest Plumbing Supply,HIGH,Current StockItem VendorDetails contains 1 vendor row(s); selected default active VendorID BA0000536.,,FOUND,UNKNOWN_ITEM_CLASS
TV6805BN,Moen Dartmoor Two Handle Bathroom Faucet - Brushed Nickel,Moen Dartmoor Two Handle Bathroom Faucet - Brushed Nickel,PLUMB-LOT,PLUMB-LOT,,BOISE WAREHOUSE=0; SALT LAKE PLUMBING=1,SKIP_QTY_ON_HAND,BA0003290 Hajoca Corporation,BA0003290,Hajoca Corporation,HIGH,Current StockItem VendorDetails contains 1 vendor row(s); selected default active VendorID BA0003290.,,FOUND,SKIP_QTY_ON_HAND
U.0127DOFSEG,Perrin & Rowe Lavatory Push Drain With Overflow - Satin English Gold,Perrin & Rowe Lavatory Push Drain With Overflow - Satin English Gold,PLUMB-LOT,PLUMB-LOT,,SALT LAKE PLUMBING=1,SKIP_QTY_ON_HAND,"BA0000007 Rohl, LLC",BA0000007,"Rohl, LLC",HIGH,Current StockItem VendorDetails contains 1 vendor row(s); selected default active VendorID BA0000007.,,FOUND,SKIP_QTY_ON_HAND
U.3706X-SEG-2,Perrin & Rowe Edwardian™ Widespread Lavatory Faucet With Low Spout - Satin English Gold,Perrin & Rowe Edwardian™ Widespread Lavatory Faucet With Low Spout - Satin English Gold,PLUMB-LOT,PLUMB-LOT,,SALT LAKE PLUMBING=1,SKIP_QTY_ON_HAND,"BA0000007 Rohl, LLC",BA0000007,"Rohl, LLC",HIGH,Current StockItem VendorDetails contains 1 vendor row(s); selected default active VendorID BA0000007.,,FOUND,SKIP_QTY_ON_HAND
UCCH12-B,"Waterworks Classic 12"" Ceiling Mounted Shower Arm With High Profile Flange - Brass","Waterworks Classic 12"" Ceiling Mounted Shower Arm With High Profile Flange - Brass",PLUMB-LOT,PLUMB-LOT,,SALT LAKE PLUMBING=1,SKIP_QTY_ON_HAND,"BA0000008 Waterworks Operating Co., LLC",BA0000008,"Waterworks Operating Co., LLC",HIGH,Current StockItem VendorDetails contains 1 vendor row(s); selected default active VendorID BA0000008.,,FOUND,SKIP_QTY_ON_HAND
UCCH12-N,"Waterworks Classic 12"" Ceiling Mounted Shower Arm With High Profile Flange - Nickel","Waterworks Classic 12"" Ceiling Mounted Shower Arm With High Profile Flange - Nickel",PLUMB-LOT,PLUMB-LOT,,SALT LAKE PLUMBING=1,SKIP_QTY_ON_HAND,"BA0000008 Waterworks Operating Co., LLC",BA0000008,"Waterworks Operating Co., LLC",HIGH,Current StockItem VendorDetails contains 1 vendor row(s); selected default active VendorID BA0000008.,,FOUND,SKIP_QTY_ON_HAND
UMCL06-B,"Modern 6"" Ceiling Mounted Shower Arm With Flange - Brass","Modern 6"" Ceiling Mounted Shower Arm With Flange - Brass",PLUMB-LOT,PLUMB-LOT,,(no WarehouseDetails rows),ELIGIBLE,,,,NONE,No current VendorDetails row and no deterministic existing StockItem pattern met the audit threshold.,,FOUND,UNKNOWN_ITEM_CLASS
UNAS01-B,Waterworks Air Switch - Brass,Waterworks Air Switch - Brass,PLUMB-LOT,PLUMB-LOT,,SALT LAKE PLUMBING=0,ELIGIBLE,"BA0000008 Waterworks Operating Co., LLC",BA0000008,"Waterworks Operating Co., LLC",HIGH,Current StockItem VendorDetails contains 1 vendor row(s); selected default active VendorID BA0000008.,,FOUND,UNKNOWN_ITEM_CLASS
UNBS16-15N,Waterworks Universal Body Spray - Nickel,Waterworks Universal Body Spray - Nickel,PLUMB-LOT,PLUMB-LOT,,SALT LAKE PLUMBING=0,ELIGIBLE,"BA0000008 Waterworks Operating Co., LLC",BA0000008,"Waterworks Operating Co., LLC",HIGH,Current StockItem VendorDetails contains 1 vendor row(s); selected default active VendorID BA0000008.,,FOUND,UNKNOWN_ITEM_CLASS
UNLD23-N,Waterworks Push-Touch Lavatory Drain - Nickel,Waterworks Push-Touch Lavatory Drain - Nickel,PLUMB-LOT,PLUMB-LOT,,SALT LAKE PLUMBING=0,ELIGIBLE,"BA0000008 Waterworks Operating Co., LLC",BA0000008,"Waterworks Operating Co., LLC",HIGH,Current StockItem VendorDetails contains 1 vendor row(s); selected default active VendorID BA0000008.,,FOUND,UNKNOWN_ITEM_CLASS
UNLV22-CWHI,"Waterworks Drop In Or Undermount Rect Curved Bottom Vitreous Lav Sink 22 1/4"" X 16 3/8"" X 7 1/2"" Single Glazed - Cool White","Waterworks Drop In Or Undermount Rect Curved Bottom Vitreous Lav Sink 22 1/4"" X 16 3/8"" X 7 1/2"" Single Glazed - Cool White",PLUMB-LOT,PLUMB-LOT,,SALT LAKE PLUMBING=0,ELIGIBLE,"BA0000008 Waterworks Operating Co., LLC",BA0000008,"Waterworks Operating Co., LLC",HIGH,Current StockItem VendorDetails contains 1 vendor row(s); selected first active VendorID BA0000008.,,FOUND,UNKNOWN_ITEM_CLASS
UNSD02-MN,Shower Drain - Matte Nickel,Shower Drain - Matte Nickel,PLUMB-LOT,PLUMB-LOT,,(no WarehouseDetails rows),ELIGIBLE,,,,NONE,No current VendorDetails row and no deterministic existing StockItem pattern met the audit threshold.,,FOUND,UNKNOWN_ITEM_CLASS
UNUN60-N,Waterworks Component Only Universal Pair of 3-3/4 in x  5-1/2 in x 35 in Floor Unions - Nickel,Waterworks Component Only Universal Pair of 3-3/4 in x  5-1/2 in x 35 in Floor Unions - Nickel,PLUMB-LOT,PLUMB-LOT,,SALT LAKE PLUMBING=1,SKIP_QTY_ON_HAND,"BA0000008 Waterworks Operating Co., LLC",BA0000008,"Waterworks Operating Co., LLC",HIGH,Current StockItem VendorDetails contains 1 vendor row(s); selected default active VendorID BA0000008.,,FOUND,SKIP_QTY_ON_HAND
UNWDHT-UF,Waterworks: Hot Water Tank For Use With Water Dispenser,Waterworks: Hot Water Tank For Use With Water Dispenser,PLUMB-LOT,PLUMB-LOT,,SALT LAKE PLUMBING=1,SKIP_QTY_ON_HAND,"BA0000008 Waterworks Operating Co., LLC",BA0000008,"Waterworks Operating Co., LLC",HIGH,Current StockItem VendorDetails contains 1 vendor row(s); selected default active VendorID BA0000008.,,FOUND,SKIP_QTY_ON_HAND
USH-01SHWB,"Pfister Modern Round 8"" Raincan Showerhead - Matte Black","Pfister Modern Round 8"" Raincan Showerhead - Matte Black",PLUMB-LOT,PLUMB-LOT,,BOISE WAREHOUSE=0,ELIGIBLE,BA0015641 Pfister,BA0015641,Pfister,HIGH,Current StockItem VendorDetails contains 1 vendor row(s); selected default active VendorID BA0015641.,,FOUND,UNKNOWN_ITEM_CLASS
USH-01SHWD,"Pfister Modern Round 8"" Raincan Showerhead - Polished Nickel","Pfister Modern Round 8"" Raincan Showerhead - Polished Nickel",PLUMB-LOT,PLUMB-LOT,,BOISE WAREHOUSE=2,SKIP_QTY_ON_HAND,BA0015641 Pfister,BA0015641,Pfister,HIGH,Current StockItem VendorDetails contains 1 vendor row(s); selected default active VendorID BA0015641.,,FOUND,SKIP_QTY_ON_HAND
USH108-18N,"Waterworks 8"" Rain Showerhead - Nickel","Waterworks 8"" Rain Showerhead - Nickel",PLUMB-LOT,PLUMB-LOT,,SALT LAKE PLUMBING=1,SKIP_QTY_ON_HAND,"BA0000008 Waterworks Operating Co., LLC",BA0000008,"Waterworks Operating Co., LLC",HIGH,Current StockItem VendorDetails contains 1 vendor row(s); selected default active VendorID BA0000008.,,FOUND,SKIP_QTY_ON_HAND
USH206-15N,"6"" Showerhead - Nickel","6"" Showerhead - Nickel",PLUMB-LOT,PLUMB-LOT,,(no WarehouseDetails rows),ELIGIBLE,,BA0000008,"Waterworks Operating Co., LLC",HIGH,prefix USH2 maps to BA0000008 in 10/10 existing vendor-populated StockItems.,,FOUND,UNKNOWN_ITEM_CLASS
USH206-18B,"Waterworks 6"" Showerhead - Brass","Waterworks 6"" Showerhead - Brass",PLUMB-LOT,PLUMB-LOT,,SALT LAKE APPLIANCES=0; SALT LAKE PLUMBING=0,ELIGIBLE,"BA0000008 Waterworks Operating Co., LLC",BA0000008,"Waterworks Operating Co., LLC",HIGH,Current StockItem VendorDetails contains 1 vendor row(s); selected default active VendorID BA0000008.,,FOUND,UNKNOWN_ITEM_CLASS
USH206-18VTB,"Waterworks 6"" Showerhead - Vintage Brass","Waterworks 6"" Showerhead - Vintage Brass",PLUMB-LOT,PLUMB-LOT,,SALT LAKE PLUMBING=0,ELIGIBLE,"BA0000008 Waterworks Operating Co., LLC",BA0000008,"Waterworks Operating Co., LLC",HIGH,Current StockItem VendorDetails contains 1 vendor row(s); selected default active VendorID BA0000008.,,FOUND,UNKNOWN_ITEM_CLASS
USH212-18B,"Waterworks 12"" Rain Showerhead - Brass","Waterworks 12"" Rain Showerhead - Brass",PLUMB-LOT,PLUMB-LOT,,SALT LAKE APPLIANCES=0; SALT LAKE PLUMBING=0,ELIGIBLE,"BA0000008 Waterworks Operating Co., LLC",BA0000008,"Waterworks Operating Co., LLC",HIGH,Current StockItem VendorDetails contains 1 vendor row(s); selected default active VendorID BA0000008.,,FOUND,UNKNOWN_ITEM_CLASS
USH304-18DN,"Waterworks 3 1/2"" Showerhead With Adjustable Spray - Dark Nickel","Waterworks 3 1/2"" Showerhead With Adjustable Spray - Dark Nickel",PLUMB-LOT,PLUMB-LOT,,SALT LAKE PLUMBING=0,ELIGIBLE,"BA0000008 Waterworks Operating Co., LLC",BA0000008,"Waterworks Operating Co., LLC",HIGH,Current StockItem VendorDetails contains 1 vendor row(s); selected default active VendorID BA0000008.,,FOUND,UNKNOWN_ITEM_CLASS
USH308-18B,"Waterworks 8"" Rain Showerhead - Brass","Waterworks 8"" Rain Showerhead - Brass",PLUMB-LOT,PLUMB-LOT,,SALT LAKE PLUMBING=1,SKIP_QTY_ON_HAND,"BA0000008 Waterworks Operating Co., LLC",BA0000008,"Waterworks Operating Co., LLC",HIGH,Current StockItem VendorDetails contains 1 vendor row(s); selected default active VendorID BA0000008.,,FOUND,SKIP_QTY_ON_HAND
USH308-18N,"Waterworks 8"" Rain Showerhead - Nickel","Waterworks 8"" Rain Showerhead - Nickel",PLUMB-LOT,PLUMB-LOT,,SALT LAKE PLUMBING=4,SKIP_QTY_ON_HAND,"BA0000008 Waterworks Operating Co., LLC",BA0000008,"Waterworks Operating Co., LLC",HIGH,Current StockItem VendorDetails contains 1 vendor row(s); selected default active VendorID BA0000008.,,FOUND,SKIP_QTY_ON_HAND
USHR10-18DN,"Waterworks 10"" Recessed Round Rain Showerhead With Circular Spray Pattern - Dark Nickel","Waterworks 10"" Recessed Round Rain Showerhead With Circular Spray Pattern - Dark Nickel",PLUMB-LOT,PLUMB-LOT,,SALT LAKE PLUMBING=0,ELIGIBLE,"BA0000008 Waterworks Operating Co., LLC",BA0000008,"Waterworks Operating Co., LLC",HIGH,Current StockItem VendorDetails contains 1 vendor row(s); selected default active VendorID BA0000008.,,FOUND,UNKNOWN_ITEM_CLASS
US-HSS023051BG,Svelte 2 Hand Shower Set - Brushed Gold,Svelte 2 Hand Shower Set - Brushed Gold,PLUMB-LOT,PLUMB-LOT,,SALT LAKE APPLIANCES=0; SALT LAKE PLUMBING=1,SKIP_QTY_ON_HAND,BA0000258 Forte Brands LLC,BA0000258,Forte Brands LLC,HIGH,Current StockItem VendorDetails contains 2 vendor row(s); selected default active VendorID BA0000258.,,FOUND,SKIP_QTY_ON_HAND
US-WF3000RN LS,Crosswater Waldorf 3000 Thermostatic Trim With Metal Lever Handles - Polished Nickel,Crosswater Waldorf 3000 Thermostatic Trim With Metal Lever Handles - Polished Nickel,PLUMB-LOT,PLUMB-LOT,,SALT LAKE PLUMBING=0,ELIGIBLE,BA0000258 Forte Brands LLC,BA0000258,Forte Brands LLC,HIGH,Current StockItem VendorDetails contains 1 vendor row(s); selected first active VendorID BA0000258.,,FOUND,UNKNOWN_ITEM_CLASS
UTCL18-N,"Waterworks Transitional 18"" Ceiling Mounted Shower Arm With Flange - Nickel","Waterworks Transitional 18"" Ceiling Mounted Shower Arm With Flange - Nickel",PLUMB-LOT,PLUMB-LOT,,SALT LAKE PLUMBING=1,SKIP_QTY_ON_HAND,"BA0000008 Waterworks Operating Co., LLC",BA0000008,"Waterworks Operating Co., LLC",HIGH,Current StockItem VendorDetails contains 1 vendor row(s); selected default active VendorID BA0000008.,,FOUND,SKIP_QTY_ON_HAND
UTWL08-DN,"Waterworks Transitional 8"" Wall Mounted 45 Degree Shower Arm With Flange - Dark Nickel","Waterworks Transitional 8"" Wall Mounted 45 Degree Shower Arm With Flange - Dark Nickel",PLUMB-LOT,PLUMB-LOT,,SALT LAKE PLUMBING=0,ELIGIBLE,"BA0000008 Waterworks Operating Co., LLC",BA0000008,"Waterworks Operating Co., LLC",HIGH,Current StockItem VendorDetails contains 1 vendor row(s); selected default active VendorID BA0000008.,,FOUND,UNKNOWN_ITEM_CLASS
V182-A-OBM,Slimline Handset - Old Brass Matte,Slimline Handset - Old Brass Matte,PLUMB-LOT,PLUMB-LOT,,(no WarehouseDetails rows),ELIGIBLE,,,,NONE,No current VendorDetails row and no deterministic existing StockItem pattern met the audit threshold.,,FOUND,UNKNOWN_ITEM_CLASS
V702-TLF-OBM,"LMK Trim Set For V135-Ais Thermostatic Valve, 2 Separate Volume Controls - Old Brass Matte","LMK Trim Set For V135-Ais Thermostatic Valve, 2 Separate Volume Controls - Old Brass Matte",PLUMB-LOT,PLUMB-LOT,,(no WarehouseDetails rows),ELIGIBLE,,,,NONE,No current VendorDetails row and no deterministic existing StockItem pattern met the audit threshold.,,FOUND,UNKNOWN_ITEM_CLASS
V736-AIS-XX,LMK Installation System,LMK Installation System,PLUMB-LOT,PLUMB-LOT,,(no WarehouseDetails rows),ELIGIBLE,,,,NONE,No current VendorDetails row and no deterministic existing StockItem pattern met the audit threshold.,,FOUND,UNKNOWN_ITEM_CLASS
V766-A-OBM,LMK Wall Outlet And Bracket - Old Brass Matte,LMK Wall Outlet And Bracket - Old Brass Matte,PLUMB-LOT,PLUMB-LOT,,(no WarehouseDetails rows),ELIGIBLE,,BA0011918,Keller Supply Company,HIGH,prefix V766 maps to BA0011918 in 4/4 existing vendor-populated StockItems.,,FOUND,UNKNOWN_ITEM_CLASS
V786-OBM,LMK Shower Head - Old Brass Matte,LMK Shower Head - Old Brass Matte,PLUMB-LOT,PLUMB-LOT,,(no WarehouseDetails rows),ELIGIBLE,,,,NONE,No current VendorDetails row and no deterministic existing StockItem pattern met the audit threshold.,,FOUND,UNKNOWN_ITEM_CLASS
V7K36LF-OBM,LMK Floor Mounted Single Lever Bath / Shower Mixer - Old Brass Matte,LMK Floor Mounted Single Lever Bath / Shower Mixer - Old Brass Matte,PLUMB-LOT,PLUMB-LOT,,(no WarehouseDetails rows),ELIGIBLE,,,,NONE,No current VendorDetails row and no deterministic existing StockItem pattern met the audit threshold.,,FOUND,UNKNOWN_ITEM_CLASS
V7KA790-B-OBM,"LMK Overhead Shower Arm, 6¾"" - Old Brass Matte","LMK Overhead Shower Arm, 6¾"" - Old Brass Matte",PLUMB-LOT,PLUMB-LOT,,(no WarehouseDetails rows),ELIGIBLE,,,,NONE,No current VendorDetails row and no deterministic existing StockItem pattern met the audit threshold.,,FOUND,UNKNOWN_ITEM_CLASS
V7KALL17-3LF-OBM,"LMK Wall Mounted Basin Mixer, Trim Set - Old Brass Matte","LMK Wall Mounted Basin Mixer, Trim Set - Old Brass Matte",PLUMB-LOT,PLUMB-LOT,,(no WarehouseDetails rows),ELIGIBLE,,,,NONE,No current VendorDetails row and no deterministic existing StockItem pattern met the audit threshold.,,FOUND,UNKNOWN_ITEM_CLASS
V941-OBM,"59"" Hose - Old Brass Matte","59"" Hose - Old Brass Matte",PLUMB-LOT,PLUMB-LOT,,(no WarehouseDetails rows),ELIGIBLE,,BA0011918,Keller Supply Company,HIGH,prefix V941 maps to BA0011918 in 4/4 existing vendor-populated StockItems.,,FOUND,UNKNOWN_ITEM_CLASS