Manufacturer,ManufacturerKey,PriceClass,ItemClass,CurrentStatus,CurrentVendorID,ExactNameSuggestedVendorID,ExactNameSuggestedVendorName,ExistingItemCount,ItemsWithVendor,ItemsWithoutVendor,CandidateVendorID,CandidateVendorName,CandidateActive,CandidateCount,CandidateShare,CompetingVendors,Classification,SampleInventoryIDs,Decision,ApprovedVendorID
U-Line,U LINE,A001,APLS-RCVD,pending,,,,211,180,31,BA0000004,"Tri-State Distributors, INC.",true,140,0.7778,"BA0000785:MILESTONE DISTRIBUTORS:32; BA0009199:MILESTONE - BUY MORE, SAVE MORE:4; BA0000799:Viking Range-M, LLC:2; BA0000806:KIMBALL ELECTRONICS:1; BA0011317:MILESTONE GERMANIA QUOTE - 10951:1",CONFLICTING_HISTORY,80-54147-00; 80-54316-00; 80-55380-00; 80-55468-00; 80-55672-00; CL U-2218WCS-00B 2061002030004; CL U-2224RGLS-13A -12-0001; CL U-2224RINT-00B 20605050200; CL U-224RGLINT-00A -10-0002; CL U-BI1215S-00A 2062880080060,,
Cove,COVE,A002,APLS-RCVD,pending,,,,36,20,16,BA0000002,Roth Living,true,20,1.0000,,STRONG_HISTORY,827303; 9009547; 9009548; 9009549; 9018924; 9018925; 9019419; 9019420; 9019421; 9019422,,
Best,BEST,A003,APLS-RCVD,pending,,,,325,261,64,BA0000002,Roth Living,true,255,0.9770,"BA0000057:Albertsons:1; BA0000668:Intermountain Lock:1; BA0014934:Roth - ***Platinum 100 - 2025***:1; BA0015216:Roth - 2025 Core Builder:1; BA0021817:Roth - 2026 UMRP:1; BA0022004:Sub-Zero Group, Inc.:1",STRONG_HISTORY,408; 410; 423; 432; 441; 610FA; ACR3; ACRD; ACRDBLS; ACVPD10,,
Wolf,WOLF,A004,APLS-RCVD,pending,,,,1132,807,325,BA0000002,Roth Living,true,777,0.9628,"BA0021817:Roth - 2026 UMRP:8; BA0000805:Great Plains Appliance Parts:7; BA0014934:Roth - ***Platinum 100 - 2025***:6; BA0021815:Roth - ***Premium Platinum 2026***:3; BA0000807:Reliable Parts # 015274:2; BA0000347:Jones Brothers Drywall:1; BA0000801:WOLF GOURMET:1; BA0015216:Roth - 2025 Core Builder:1; BA0022004:Sub-Zero Group, Inc.:1",CONFLICTING_HISTORY,424HAG/O/RH; 801640; 801641; 801642; 802726; 804147; 804170; 804171; 804366; 804367,,
Sub Zero,SUB ZERO,A005,APLS-RCVD,pending,,,,1114,828,286,BA0000002,Roth Living,true,810,0.9783,BA0014934:Roth - ***Platinum 100 - 2025***:7; BA0021815:Roth - ***Premium Platinum 2026***:4; BA0021817:Roth - 2026 UMRP:4; BA0000807:Reliable Parts # 015274:2; BA0000003:Whirlpool Corporation:1,CONFLICTING_HISTORY,0000046; 4204490; 4204640; 46; 648PROG; 7001381; 7001877; 7003407; 7003408; 7003411,,
Bosch,BOSCH,A006,APLS-RCVD,pending,,,,656,519,137,BA0000001,BSH Home Appliances,true,509,0.9807,BA0011498:BSH - Bosch Builder:7; BA0009150:BSH - Preferred Builder:1; BA0012257:BSH MLD SLC Bosch:1; BA0014046:BSH MLD Boise - 354008348:1,CONFLICTING_HISTORY,12013606; B09IB81NSP; B09IB91NSP; B10CB80NVB; B10CB81NVB; B10CB81NVW; B11CB50SSS; B11CB81SSS; B18IF905SP; B20CS30SNS,,
Thermador,THERMADOR,A007,APLS-RCVD,pending,,,,592,487,105,BA0000001,BSH Home Appliances,true,466,0.9569,BA0012296:BSH - Thermador Builder Program:13; BA0009150:BSH - Preferred Builder:2; BA0009404:BSH - 1 2 FREE:2; BA0000002:Roth Living:1; BA0012873:Special Event MLD Closeout Sale 2024:1; BA0014844:BSH Journeys End - 2364031545:1; BA0015645:BSH SLC MC - Trapper Ridge - 2364035048:1,CONFLICTING_HISTORY,00668022; 00774612; 00778241; 10008199; 12024437; 36HFGALBIN; 3DHFGALBIN; CET305TB; CET305YB; CET366TB,,
Gaggenau,GAGGENAU,A008,APLS-RCVD,pending,,,,272,219,53,BA0000001,BSH Home Appliances,true,212,0.9680,BA0012256:BSH MLD SLC Gaggenau:3; BA0015708:BSH Sun Valley - 354009151:3; BA0001908:BSH HOME APPLIANCES:1,CONFLICTING_HISTORY,10004446; 12013607; 17002490; AA010410; AA210490; AA210492; AA211812; AA409401; AA413722; AA414010,,
Asko,ASKO,A009,APLS-RCVD,pending,,,,130,112,18,BA0000785,MILESTONE DISTRIBUTORS,true,77,0.6875,"BA0000002:Roth Living:29; BA0009199:MILESTONE - BUY MORE, SAVE MORE:3; BA0021884:Milestone - Boise / Mediola Custom Home - PPFL-14515:2; BA0015402:MILESTONE -PPFL-14493 SLC GERMANIA:1",CONFLICTING_HISTORY,450087; 450089; 452468; 462507; 462811; 490854; 700275-ASKO; 825191; 902622; 903881,,
Aga,AGA,A010,APLS-RCVD,pending,,,,65,61,4,BA0000799,"Viking Range-M, LLC",true,51,0.8361,BA0000782:MIDDLEBY RESIDENTIAL:8; BA0000788:Pacific Specialty Brands:2,CONFLICTING_HISTORY,AEL361DFABBLK; AEL361DFABCNB; AEL361DFABCWG; AEL361DFABMBL; AEL361-DFABMBL; AEL361DFABSS; AEL361DFABWHT; AEL361DFBLKNG; AEL361DFMBL; AEL361INABCNB,,
Alfresco,ALFRESCO,A011,APLS-RCVD,pending,,,,165,142,23,BA0000787,Mode Distributing LLC,true,141,0.9930,BA0008211:Missing Vendor:1,STRONG_HISTORY,190-0050; 190-0051; 190-0057; 510-1101; AB-TC; AGBC-14; AGBC-24; AGBC-30; AG-SF; AGSQ-G,,
Amana,AMANA,A012,APLS-RCVD,pending,,,,75,40,35,BA0000003,Whirlpool Corporation,true,26,0.6500,BA0009085:Whirlpool - 4002071457 MLD/ EDGE HOMES 2025:8; BA0000569:TheWebRestaurant:1; BA0000764:Bargreen Ellingson Foodservice Supply & Design (Formerly Bintz):1; BA0000800:Webstaurant Store:1; BA0006987:KATOM RESTAURANT SUPPLY:1; BA0009081:Whirlpool - 4002063637 BRAD REYNOLDS:1; BA0009091:Whirlpool - 4002081576 - MQ - MLD - UTAH/IDAHO BUILDERS:1,CONFLICTING_HISTORY,ABD1400AWB; ADB1400AGB; ADB1400AGS; ADB1400AMB; ADB1400AMS; ADB1500ADS; ADFS2524RB; ADFS2524RW; AEP222VAW; AER6203MSS,,
Arrow,ARROW,A013,APLS-RCVD,pending,,,,187,169,18,BA0000804,Arrow Industries,true,165,0.9763,BA0000774:G.E. / General Electric:2; BA0000003:Whirlpool Corporation:1; BA0008211:Missing Vendor:1,CONFLICTING_HISTORY,01-496; 01-Y448-02; 01-Y448-02SER; 01-Y488-01; 01-Y648-01; 01-Y648-02; 01-Y648-02SER; 01-Y672-01; 03-001P; 03-001PSER,,
Artisan,ARTISAN,A014,APLS-RCVD,pending,,,,61,50,11,BA0000787,Mode Distributing LLC,true,50,1.0000,,STRONG_HISTORY,190-0084; AAEP-26C-NG; AAEP-32-NG; ART-32CV; ART-32CVC; ART-36CV; ART-36CVC; ART-42CV; ART-42CVC; ART-BC24-KIT,,
Aspire,ASPIRE,A015,APLS-RCVD,pending,,,,20,15,5,BA0000785,MILESTONE DISTRIBUTORS,true,11,0.7333,BA0000780:Luwa Distributing:4,CONFLICTING_HISTORY,AEAD42SS-NG; AECP36-TQ; AEDCP-OR; AEDCP-TQ; AERCP36-OR; AEVC36; AEVC36C; EAB36-SS-NG; ECD36; ECD36-OR,,
Atosa,ATOSA,A016,APLS-RCVD,pending,,,,2,2,0,BA0000129,Bar Store Restaurant Design & Supply,false,2,1.0000,,LEADING_VENDOR_NOT_ACTIVE,MBF8503; MBF8504GR,,
Avanti,AVANTI,A017,APLS-RCVD,pending,,,,3,3,0,BA0000004,"Tri-State Distributors, INC.",true,2,0.6667,BA0000793:RC Willey:1,CONFLICTING_HISTORY,DER24P3S; FF10B3S; WCR496DS,,
Avatoast,AVATOAST,A018,APLS-RCVD,pending,,,,1,1,0,BA0000764,Bargreen Ellingson Foodservice Supply & Design (Formerly Bintz),true,1,1.0000,,LIMITED_HISTORY,T3600D,,
Azure,AZURE,A019,APLS-RCVD,pending,,,,17,16,1,BA0000785,MILESTONE DISTRIBUTORS,true,16,1.0000,,STRONG_HISTORY,A115BEV-O; A115BEV-S; A115R-O; A115R-S; A115WC-O; A115WC-S; A124BEV-O; A124BEV-S; A124DZ-S; A124R-O,,
Beko,BEKO,A020,APLS-RCVD,pending,,,,30,27,3,BA0001329,Beko US Inc.,true,27,1.0000,,STRONG_HISTORY,BBBF3019IMWE; BEKO-FREIGHT; BFBD30216SSIML; BFBD30216SSL; BFBF2414SS; BFBF2815SSIM; BFBF3018SSIM; BFFD3624XSS; CL BFBD30216SSL  23-100457-11; CL BFBD30216SSL 23-100457-11,,
Bertazzoni,BERTAZZONI,A021,APLS-RCVD,pending,,,,266,236,30,BA0000785,MILESTONE DISTRIBUTORS,true,235,0.9958,BA0000003:Whirlpool Corporation:1,STRONG_HISTORY,901271; 901272; 901281; 901469; 901470; 901471; 901568; 901577; 901578; 901582,,
Beverage Air,BEVERAGE AIR,A022,APLS-RCVD,pending,,,,1,1,0,BA0006987,KATOM RESTAURANT SUPPLY,true,1,1.0000,,LIMITED_HISTORY,MMR35HC-1-B,,
Blaze,BLAZE,A023,APLS-RCVD,pending,,,,238,192,46,BA0000004,"Tri-State Distributors, INC.",true,192,1.0000,,STRONG_HISTORY,1PROPRT-CVR; 20KMBICV; 20KMCTCV; 2SBBICV; 3BICV; 3CTCV; 3PROBICV; 3PROCTCV; 4BICV; 4CTCV,,
Blomberg,BLOMBERG,A024,APLS-RCVD,pending,,,,6,5,1,BA0001329,Beko US Inc.,true,5,1.0000,,STRONG_HISTORY,CL DHP24412W 15-200705-12; CTE24402; DHP24412W; DV17600W; WM72200W; WM98400SX,,
BlueStar,BLUESTAR,A025,APLS-RCVD,pending,,,,326,296,30,BA0000791,"Prizer Painter Stove Works, Inc.",true,251,0.8480,BA0015479:Prizer / BlueStar Builder:41; BA0000058:Alexander Clark Printing:2; BA0000668:Intermountain Lock:1; BA0000773:Fisher & Paykel:1,CONFLICTING_HISTORY,700523; 700903; 700904; 710214; 723102; 731201; 736603; 798803; 798804; 950325,,
Breville,BREVILLE,A026,APLS-RCVD,pending,,,,1,1,0,BA0000636,Amazon,true,1,1.0000,,LIMITED_HISTORY,BOV845BSSUSC,,
Broan NuTone,BROAN NUTONE,A027,APLS-RCVD,pending,,,,52,40,12,BA0000004,"Tri-State Distributors, INC.",true,40,1.0000,,STRONG_HISTORY,273603; 332KR; 412404; 413001; 413004; AEEW48SS; ANKE60422SS; BCDF130SS; BCDJ130SS; BCDJ136SS,,
Broil King,BROIL KING,A028,APLS-RCVD,pending,,,,10,5,5,BA0000004,"Tri-State Distributors, INC.",true,5,1.0000,,STRONG_HISTORY,802300; 802500; 802700; 804200; 958050; ZDNU802300; ZDNU802500; ZDNU802700; ZDNU804200; ZDNU958050,,
Bunn,BUNN,A029,APLS-RCVD,pending,,,,1,1,0,BA0006987,KATOM RESTAURANT SUPPLY,true,1,1.0000,,LIMITED_HISTORY,AXIOM-DV-3,,
G.E. Cafe,G E CAFE,A030,APLS-RCVD,pending,,,,316,284,32,BA0000774,G.E. / General Electric,true,282,0.9930,BA0000003:Whirlpool Corporation:2,CONFLICTING_HISTORY,C2S900P2MS1; C2S950P2MS1; C2S950P3MD1; C2S950P4MW2; C2Y366P2MS1; C2Y366P2TS1; C2Y366P3TD1; C2Y366P4TW2; C2Y486P2TS1; C2Y486P3TD1,,
Caliber,CALIBER,A031,APLS-RCVD,pending,,,,18,13,5,BA0000788,Pacific Specialty Brands,true,9,0.6923,BA0000797:True Manufacturing Co. Inc.:3; BA0000006:California Faucets:1,CONFLICTING_HISTORY,CGR42VBI; CRCAD20X36; CRCAD-2-42; CRG-36BN00-A; CRG-36BN00-A-027-H04; CRG-42BN00-A; CRG42SS-LP; CRG42SS-NG; CRG42VBI; CRG48SS-N,,
Cavavin,CAVAVIN,A032,APLS-RCVD,pending,,,,3,3,0,BA0000788,Pacific Specialty Brands,true,3,1.0000,,STRONG_HISTORY,V-153WDZ; V-163WSZ; V-265WSZ,,
Champion,CHAMPION,A033,APLS-RCVD,pending,,,,1,1,0,BA0006987,KATOM RESTAURANT SUPPLY,true,1,1.0000,,LIMITED_HISTORY,UH330ADA,,
Chateau,CHATEAU,A034,APLS-RCVD,pending,,,,0,0,0,,,false,0,,,NO_EXISTING_ITEMS,,,
Cook-N-Dine,COOK N DINE,A035,APLS-RCVD,pending,,,,3,3,0,BA0009278,Cook-N-Dine,false,3,1.0000,,LEADING_VENDOR_NOT_ACTIVE,MO-80A; MO-80B; ZDNUFREIGHT-COOK D DINE,,
CornueFe,CORNUEFE,A036,APLS-RCVD,pending,,,,55,52,3,BA0000799,"Viking Range-M, LLC",true,47,0.9038,BA0000783:Middleby Residential-La Cornue:5,CONFLICTING_HISTORY,90LCI18; A037977; A037982; C1AF; C1CF; C1CF-I; C1GF; C1GP; C1HF; C1IF,,
Coyote,COYOTE,A037,APLS-RCVD,pending,,,,241,208,33,BA0000785,MILESTONE DISTRIBUTORS,true,207,0.9952,BA0015528:MILESTONE - PPFL-14299 SLC KILLOWEN:1,STRONG_HISTORY,C115R-S; C124R-S; C124TK; C1BIR24-L; C1BIR24-R; C1BLOW1200; C1C28LP-FS; C1C28NG; C1C28NG-FS; C1C34CT,,
Crown,CROWN,A038,APLS-RCVD,pending,,,,7,4,3,BA0000129,Bar Store Restaurant Design & Supply,false,4,1.0000,,LEADING_VENDOR_NOT_ACTIVE,IBI30; ZCV-2044; ZCV-2049; ZCV-2180-2; ZDNUZCV-2044; ZDNUZCV-2049; ZDNUZCV-2180-2,,
Dacor,DACOR,A039,APLS-RCVD,pending,,BA0000769,Dacor,212,177,35,BA0000796,"SAMSUNG ELECTRONICS AMERICA, INC.",true,151,0.8531,"BA0000769:Dacor:21; BA0000712:Forte Brands, LLC:3; BA0000004:Tri-State Distributors, INC.:1; BA0022832:SAMSUNG - Dacor Preferred Builder Pricing:1",CONFLICTING_HISTORY,ADCMTK301S; ADMRF24M; ADMRF24S; ADMWTK301S; ADRF36MHAASR; ADRF42MHAASR; ADW24MHM; AMDC4812M; AMG48; ARDWP24H,,
Danby,DANBY,A040,APLS-RCVD,pending,,,,14,14,0,BA0000004,"Tri-State Distributors, INC.",true,10,0.7143,BA0000761:Almo Corporation:4,CONFLICTING_HISTORY,DAR017A2BDD; DAR026A1BDD; DAR026A2BSLDB; DBC026A1BSSDB; DBC039A1BDB; DBC117A2BSSDD; DBMW0720BWW; DCR031B1BSLDD; DCR044B1SLM; DKC054A1BSL2DB,,
Danver,DANVER,A041,APLS-RCVD,pending,,,,69,35,34,BA0005318,Danver Stainless Outdoor Kitchens,true,35,1.0000,,STRONG_HISTORY,DD-126224-2; DOOR MAGNETIC CLOSURE; KW PANEL; OAF90 8.13; OAF90 8.88; OAR90XX NO VENT; OBB3002; OBD2712; OBD3612; OBF3602,,
DCS,DCS,A042,APLS-RCVD,pending,,,,102,83,19,BA0000773,Fisher & Paykel,true,82,0.9880,BA0009113:Fisher & Paykel - PTP:1,STRONG_HISTORY,70751; ACBI-30; ACBI-36; ACBI-36E; ACBI-48; ACBI-48E; ACBI-48SB; ACC-36; ACC-36E; ACC-48E,,
Dometic,DOMETIC,A043,APLS-RCVD,pending,,,,7,7,0,BA0012343,Dometic Corporation,true,6,0.8571,BA0010366:Monsma Marketing Corporation - Majestic Hearth:1,CONFLICTING_HISTORY,A40SR1; DM50F NTE; EA24F; TEBQ42R-CL; TEGB42SD-B; TEGP12; VCBQ42F,,
Earthstone,EARTHSTONE,A044,APLS-RCVD,pending,,,,12,8,4,BA0008179,EARTHSTONE OVENS,true,8,1.0000,,STRONG_HISTORY,"60-PAGW-NG; CAFÉ-PAG(W)-LP; FAN ADAPTER 6""; MODEL110; RSHT-012; STORAGEBOX-S/S; TOOLSET-MEDIUM; ZDNUFAN ADAPTER 6""; ZDNUFREIGHT-EARTHSTONE; ZDNURSHT-012",,
Electrolux,ELECTROLUX,A045,APLS-RCVD,pending,,,,128,113,15,BA0000770,"Electrolux Consumer Products, Inc.",true,96,0.8496,"BA0000121:Electrical Wholesale Supply of Utah:16; BA0000779:LG Electronics U.S.A., Inc.:1",CONFLICTING_HISTORY,5304503984; 912000139; 912001026; A04840701; CL E30MO75HPS 7G74400175; CL EFLS627UTT 4C10102565; CL EFME427UIW 4D04002546; CL EFME427UIW 4D12004091; CL EFME527UIW 4D82505724; CL EI33AF80WS BB21717213,,
Elica,ELICA,A046,APLS-RCVD,pending,,,,124,113,11,BA0000785,MILESTONE DISTRIBUTORS,true,109,0.9646,"BA0009199:MILESTONE - BUY MORE, SAVE MORE:2; BA0000003:Whirlpool Corporation:1; BA0009078:Milestone - Arive  PROJ-11794:1",CONFLICTING_HISTORY,0154387; 0179549; CFC0038668; CFC0141725AUL; CL EAL330S1 NA200004236; CL ESNX43S2 NA2009000007; EAL330B1; EAL330S1; EAL336S1; EAR134S4,,
Evo,EVO,A047,APLS-RCVD,pending,,,,12,12,0,BA0005336,EVO America,true,7,0.5833,"BA0000799:Viking Range-M, LLC:5",CONFLICTING_HISTORY,10-0002-NG; 10-0021-LP; 10-0021-NG; 10-0055-NG; 10-0095-LP; 10-0095-NG; 11-0090-ACB-LP; 11-0101-ACB; 11-0126-ATK; 12-0106-25G,,
Faber,FABER,A048,APLS-RCVD,pending,,,,24,23,1,BA0000788,Pacific Specialty Brands,true,21,0.9130,"BA0000004:Tri-State Distributors, INC.:1; BA0000773:Fisher & Paykel:1",CONFLICTING_HISTORY,CHLO36BK600; CRIS24SS300; CRIS36SS400; DAMA36SSV; FILTER1LL2; IB1200; IB400; IB600; INHC35SSV; INHC36SSV,,
Falmec,FALMEC,A049,APLS-RCVD,pending,,,,8,7,1,BA0000788,Pacific Specialty Brands,true,6,0.8571,BA0000785:MILESTONE DISTRIBUTORS:1,CONFLICTING_HISTORY,CL FPMEX30W6SS N/A; FDSTE48C6SS; FIDAN28B6SS-1; FNLIN36W6SS; FPMEX30W6SS; FPVUX30W6SS; KACL.798; LINER360-22,,
Fire Magic,FIRE MAGIC,A050,APLS-RCVD,pending,,,,38,37,1,BA0010366,Monsma Marketing Corporation - Majestic Hearth,true,26,0.7027,"BA0000004:Tri-State Distributors, INC.:10; BA0000523:Simmons Floors:1",CONFLICTING_HISTORY,24336-36; 3090; 3178-52; 3186-52; 32816; 3518; 35189-20F; 3558; 3651F; 3662F,,
Fisher & Paykel,FISHER PAYKEL,A051,APLS-RCVD,pending,,BA0000773,Fisher & Paykel,553,477,76,BA0000773,Fisher & Paykel,true,469,0.9832,BA0009113:Fisher & Paykel - PTP:5; BA0008983:Fisher & Paykel - Pro Trade Platinum:2; BA0023146:Fisher & Paykel - Black Rock Resort - Q-59281:1,CONFLICTING_HISTORY,24470; 24476; 25776; 25795; 578940; 790X2; 81908; 819264; 82084; 838090,,
Follett,FOLLETT,A052,APLS-RCVD,pending,,,,7,7,0,BA0000764,Bargreen Ellingson Foodservice Supply & Design (Formerly Bintz),true,3,0.4286,BA0006987:KATOM RESTAURANT SUPPLY:3; BA0000569:TheWebRestaurant:1,CONFLICTING_HISTORY,12CI414A-SI; 15CI100A-IW-CF-ST-00; 15CI100A-NW-NF-ST-00; 25CI425A-L; 7CI100A-IW-CF-ST-00; 7UC100A-NW-CF-ST-00; 7UD100A-IW-CF-ST-00,,
Frigidaire,FRIGIDAIRE,A053,APLS-RCVD,pending,,,,276,241,35,BA0000770,"Electrolux Consumer Products, Inc.",true,239,0.9917,"BA0000774:G.E. / General Electric:1; BA0000779:LG Electronics U.S.A., Inc.:1",STRONG_HISTORY,912000503; 912001313; CL FCCI3027AB 1F35095626; CL FFCD2413US TH32165946; CL FFCD2418US TH31123828; CL FFHT1425VV 1K42482039; CL FFHT1425VV 1K42980762; CL FFHT1425VV 1K42981111; CL FFHT1425VV 1K43273461; CL FFHT1425VV 1K43480155,,
Fulgor,FULGOR,A054,APLS-RCVD,pending,,,,12,10,2,BA0000788,Pacific Specialty Brands,true,5,0.5000,BA0000787:Mode Distributing LLC:4; BA0000803:Zephyr:1,CONFLICTING_HISTORY,ACKDKIT30RD; CL F7DSPD30S1 Q383130001; F4BP28ST; F4DWT24SS1; F6IRT485GS1; F6IRT487S1; F6PIR487S1; F6UHK24DISH; F7DMW24S2; F7IT36S1,,
Futuro,FUTURO,A055,APLS-RCVD,pending,,,,12,12,0,BA0013613,Futuro Futuro,true,10,0.8333,BA0000762:Appliances Connection / Online Retailer:2,CONFLICTING_HISTORY,AC-EXTIS-21; AC-EXTIS-39; AC-RBK; AC-STRINGS-2-96; AC-STRINGS-8; AC-WIRELESS-989; IS60SILVANA; IS69STREAMLINE-LH; WL36DECORSA; WL36SLIDE,,
G.E. Appliances,G E APPLIANCES,A056,APLS-RCVD,pending,,,,981,812,169,BA0000774,G.E. / General Electric,true,794,0.9778,"BA0003259:GE Appliances:6; BA0016209:Southwest Appliance Wholesale:5; BA0000003:Whirlpool Corporation:4; BA0000636:Amazon:1; BA0000719:Electric Mirror:1; BA0000779:LG Electronics U.S.A., Inc.:1",CONFLICTING_HISTORY,C2Y366P3MD1; C9OAAAS3RD3; CAE28DM5TS5; CCWK15C1WDS; CCWK15C1WSS; CCWK15C1WWM; CDD220P3WD1; CDD420P2TS1; CDT828P2VS1; CDT888P2VS1,,
Gladiator,GLADIATOR,A057,APLS-RCVD,pending,,,,28,24,4,BA0000003,Whirlpool Corporation,true,24,1.0000,,STRONG_HISTORY,GAAC0232YY; GAAC28HWGX; GAAC30STJB; GAAC68PSDG; GAACGE4PPM; GABC05FDKG; GABK362PSS; GACK04KDSX; GAFZ30FDGB; GAGB28KDYG,,
Haier,HAIER,A058,APLS-RCVD,pending,,,,7,7,0,BA0000774,G.E. / General Electric,true,7,1.0000,,STRONG_HISTORY,CL HMV1472BHS GA000549A; HEBF100BX; HMV1472BHS; HRB15N3BGS; QAS740RMSS; QDT125SSLSS; QGAS740RMSS,,
Hestan,HESTAN,A059,APLS-RCVD,pending,,,,349,291,58,BA0000785,MILESTONE DISTRIBUTORS,true,259,0.8900,BA0000780:Luwa Distributing:23; BA0012749:Hestan CC - SUT0054:8; BA0008211:Missing Vendor:1,CONFLICTING_HISTORY,007941; 007954; 013677; 017546; 031329; 037757; 03984; 13557; 13568; 13625,,
Home Refinements,HOME REFINEMENTS,A060,APLS-RCVD,pending,,,,6,6,0,BA0000734,Julien,true,6,1.0000,,STRONG_HISTORY,HR-ESKGR42HLXP-NX; HR-ESST3D18-NX; HROK-GR-800217; HROK-GR-800275; HROK-LEDL-800037; HROK-ST3D-800220,,
Hoshizaki,HOSHIZAKI,A061,APLS-RCVD,pending,,,,16,13,3,BA0000795,RSD REFRIGERATION SUPPLIES DISTRIBUTOR,true,12,0.9231,BA0006987:KATOM RESTAURANT SUPPLY:1,CONFLICTING_HISTORY,AM-50BAJ; AM-50BAJ-AD; AM-50BAJ-DS; C-80BAJ-AD; C-80BAJ-ADDS; CL AM-50BAJ-DS N12331K; DCM-271BAH-OS; DCM-500BAH-OS; H9320-51; HS-2133,,
Ilve,ILVE,A062,APLS-RCVD,pending,,,,221,193,28,BA0000787,Mode Distributing LLC,true,180,0.9326,BA0000780:Luwa Distributing:8; BA0000785:MILESTONE DISTRIBUTORS:2; BA0023527:ILVE USA LLC:2; BA0000003:Whirlpool Corporation:1,CONFLICTING_HISTORY,A/092/34; A/095/36/10; A41800; A48401; AMC120BR; AMC120-BRASS; AMC-150; AMZ120-I; AMZ120-SS; APZ120140A,,
JennAir,JENNAIR,A063,APLS-RCVD,pending,,,,359,295,64,BA0000003,Whirlpool Corporation,true,225,0.7627,BA0009094:Whirlpool - 4002016526 REGAL HOMES - MOUNTAIN LAND DESIGN:38; BA0009088:Whirlpool - 4002094830 - GCD - JENNAIR:11; BA0011671:WHIRLPOOL 4002062817 ELEVATE HOLLADAY HILLS:9; BA0009093:Whirlpool - 4002042270 MLD - RED LEDGES:8; BA0000774:G.E. / General Electric:2; BA0009097:Whirlpool - 4002036092 MLD - VAN DAELE HOMES:1; BA0021532:Whirlpool - 4002086351 - MLD_REGAL HOMES:1,CONFLICTING_HISTORY,CAVIAR30L; CL JBBFX24HNX EA82804583; CL JBRFR24IGX KB4202647; CL JBSFS48NMX KEON3044; CL JBZFL18IGX K91905839; CL JBZFL18IGX KB1100033; CL JBZFL18IGX KB2000088; CL JBZFL18IGX KC3400065; CL JDPSG244PS FD3901115; CL JDPSS246LL FA3901038,,
Kalamazoo,KALAMAZOO,A064,APLS-RCVD,pending,,,,146,80,66,BA0000778,Kalamazoo Outdoor Gourmet LLC,true,78,0.9750,BA0001335:SKYLINE DESIGN:2,CONFLICTING_HISTORY,68117-1-S4; AC-CV-AFPO; ACD-AFPO-L-S4; AC-GJ-500HB; AC-GJ-750HB; AC-GJ-SHOK; AC-PELTRY-2; AC-PMEK; AC-SBG; AC-WOODPEL-10-CH-PN,,
Kitchen Aid,KITCHEN AID,A065,APLS-RCVD,pending,,,,629,526,103,BA0000003,Whirlpool Corporation,true,400,0.7605,BA0009091:Whirlpool - 4002081576 - MQ - MLD - UTAH/IDAHO BUILDERS:64; BA0009098:Whirlpool - 4002068750 WATT'S COMMUNITIES:25; BA0009085:Whirlpool - 4002071457 MLD/ EDGE HOMES 2025:19; BA0009080:Whirlpool - 4001335559 ARRIVE HOMES:9; BA0009097:Whirlpool - 4002036092 MLD - VAN DAELE HOMES:4; BA0009087:Whirlpool - 4002035494 FLAGSHIP HOMES:3; BA0009093:Whirlpool - 4002042270 MLD - RED LEDGES:2,CONFLICTING_HISTORY,8171339; CL KBBR306ESS K93221938; CL KCGS950ESS DA2801232; CL KCIG550JSS DC4403072; CL KCIG556JBL01 DC2001129; CL KDFE104HPS FA0894802; CL KDFE104KPS FA5101091; CL KDTE204KBS FB1601038; CL KDTE204KPS FD2301021; CL KDTE204KPS FD2301025,,
Lacanche,LACANCHE,A066,APLS-RCVD,pending,,,,10,8,2,BA0000763,Art Culinaire,true,8,1.0000,,STRONG_HISTORY,LCGRIDDLE; LCPLATECOVER; ULCF1432CT; ULCF1432GCT; ULCF1432GCT-G3SUL; ULG1452E-D; ULG1532G-GD; ULG1832GCT-G; ZDNULCGRIDDLE; ZDNULCPLATECOVER,,
La Cornue,LA CORNUE,A067,APLS-RCVD,pending,,,,77,64,13,BA0000799,"Viking Range-M, LLC",true,42,0.6563,BA0000783:Middleby Residential-La Cornue:20; BA0000782:MIDDLEBY RESIDENTIAL:2,CONFLICTING_HISTORY,110LCI22; 150-G45-K1; 180LCI22; 90LCI22; BFG-I-L; BFG-N-N; BM 2173-10; C1OF-I; CH2-120USE6NS; CH3630EUC-PWH-PB,,
LG,LG,A068,APLS-RCVD,pending,,,,695,606,89,BA0000779,"LG Electronics U.S.A., Inc.",true,602,0.9934,"BA0016208:LG Electronics U.S.A., Inc. / LG Builder:2; BA0000003:Whirlpool Corporation:1; BA0000636:Amazon:1",CONFLICTING_HISTORY,3750EL1001A; 383EEL3002D; 383EEL3002R; 383EEL9001B; 3911EX9131X; 3911EZ9131X; ADFD5448AT; CBED2415B; CBEW3013BE; CBEW3017BE,,
Liebherr,LIEBHERR,A069,APLS-RCVD,pending,,,,51,46,5,BA0000787,Mode Distributing LLC,true,37,0.8043,"BA0000004:Tri-State Distributors, INC.:8; BA0000779:LG Electronics U.S.A., Inc.:1",CONFLICTING_HISTORY,7440002; 9096034; 9096342; 9900219; 9901428; 990142800; 9901458; 9901489; 9901496; 9901533,,
Lynx,LYNX,A070,APLS-RCVD,pending,,,,229,201,28,BA0000781,"Viking Range-L, LLC (Lynx)",true,164,0.8159,"BA0000799:Viking Range-M, LLC:29; BA0000782:MIDDLEBY RESIDENTIAL:5; BA0000778:Kalamazoo Outdoor Gourmet LLC:1; BA0000785:MILESTONE DISTRIBUTORS:1; BA0000787:Mode Distributing LLC:1",CONFLICTING_HISTORY,3D-18; 90126; CC30; CC30F; CC36; CC36F; CC42; CC42F; CC54; CCASADO,,
Marvel,MARVEL,A071,APLS-RCVD,pending,,,,148,135,13,BA0000799,"Viking Range-M, LLC",true,82,0.6074,"BA0000785:MILESTONE DISTRIBUTORS:32; BA0000781:Viking Range-L, LLC (Lynx):8; BA0000782:MIDDLEBY RESIDENTIAL:7; BA0000787:Mode Distributing LLC:3; BA0000783:Middleby Residential-La Cornue:2; BA0000806:KIMBALL ELECTRONICS:1",CONFLICTING_HISTORY,30IMAT-WW-F-R; 42242373; 42249508; CL ML15CPP3LP 20190801036H; CL ML24WBF2RP 20180606058H; CL ML24WBG1RS 2016110176H; CL ML24WDP4RP 20190711128H; CL ML24WSG1LS 20170628069H; CL MLCP215SS81A 2437985030005; CL MP15CPS3RS 20200831090H,,
Maytag,MAYTAG,A072,APLS-RCVD,pending,,,,192,162,30,BA0000003,Whirlpool Corporation,true,111,0.6852,BA0009091:Whirlpool - 4002081576 - MQ - MLD - UTAH/IDAHO BUILDERS:23; BA0009098:Whirlpool - 4002068750 WATT'S COMMUNITIES:11; BA0009080:Whirlpool - 4001335559 ARRIVE HOMES:7; BA0005998:MENDENHALL Commercial Laundry Equipment:6; BA0009088:Whirlpool - 4002094830 - GCD - JENNAIR:2; BA0009081:Whirlpool - 4002063637 BRAD REYNOLDS:1; BA0009085:Whirlpool - 4002071457 MLD/ EDGE HOMES 2025:1,CONFLICTING_HISTORY,CL MED6230RHW MD0301371; CL MED6630HC MD2303628; CL MED6630HW MD1102252; CL MED6630MBK MB4401394; CL MED7230HW MD0201081; CL MED8630HW MC4103735; CL MED8630HW MC4904281; CL MED8630HW MC4904316; CL MED8630HW MD1101769; CL MED8630HW MD2102624,,
Miele,MIELE,A073,APLS-RCVD,pending,,BA0000784,Miele,818,695,123,BA0000784,Miele,true,688,0.9899,"BA0013219:Avantor Delivered by VWR:5; BA0000770:Electrolux Consumer Products, Inc.:1; BA0009203:Miele - Builder Pricing:1",CONFLICTING_HISTORY,05543291; 06264790; 07040604; 07189940; 07222730; 07843490; 08560801; 09614020; 09676930; 09685060,,
Modern Aire,MODERN AIRE,A074,APLS-RCVD,pending,,,,6,5,1,BA0006203,Modern Aire Ventilating,false,5,1.0000,,LEADING_VENDOR_NOT_ACTIVE,EM1400; PML-22-46; PSL22-052; PSL-22-240; PSL22-246; ZDNUEM1400,,
Perlick,PERLICK,A075,APLS-RCVD,pending,,,,190,162,28,BA0000787,Mode Distributing LLC,true,156,0.9630,BA0000758:Water Inc.:3; BA0000780:Luwa Distributing:2; BA0000113:Boardwalk Remodeling:1,CONFLICTING_HISTORY,1023749; 1056127; 1056129; 1056197; 308-40C; 40030S; 630SS; 63797; 63802A; 66585-2,,
Pitt,PITT,A076,APLS-RCVD,pending,,,,7,7,0,BA0012750,"PITT Cooking America, LLC",true,7,1.0000,,STRONG_HISTORY,AZUMA1BT-NG; COLO3BT-NG; DANAU4PT-NG; DRUM4PF-NG; DRUM4PT-NG; EBEKO5BT-LP; ELBRUS5BT-NG,,
Primo,PRIMO,A077,APLS-RCVD,pending,,,,18,18,0,BA0000004,"Tri-State Distributors, INC.",true,18,1.0000,,STRONG_HISTORY,PG00324; PG00332; PG00333; PG00334; PG00351; PG00360; PG00361; PG00400; PG00409; PGCLGH,,
Riedel,RIEDEL,A078,APLS-RCVD,pending,,BA0000747,Riedel,20,17,3,BA0000747,Riedel,true,17,1.0000,,STRONG_HISTORY,0010/05; 1756/13-R; 1950/09; 2014/02; 4400/16; 5010/07; 5417/57; 5515/52S5; 5789/30; 5887/47-19,,
Samsung,SAMSUNG,A079,APLS-RCVD,pending,,,,524,417,107,BA0000796,"SAMSUNG ELECTRONICS AMERICA, INC.",true,416,0.9976,BA0000803:Zephyr:1,STRONG_HISTORY,CC70F30S2DAA; CC70F36S2D; CL DF60R8200DG/A1 TR300492; CL DVE45R6300V/A3 0AYA5BBN1020; CL DVE45R6300V/A3 0AYB5BBN9009; CL DVE45T6000W/A3 CB5D5BBR5014; CL DVE45T6020W/A3 8700138?; CL DVE45T6020W/A3 AR700158; CL DVE45T6020W/A3 BR700680; CL DVE45T6020W/A3 BR700688,,
Scotsman,SCOTSMAN,A080,APLS-RCVD,pending,,,,76,63,13,BA0000799,"Viking Range-M, LLC",true,32,0.5079,"BA0006987:KATOM RESTAURANT SUPPLY:9; BA0000781:Viking Range-L, LLC (Lynx):7; BA0000806:KIMBALL ELECTRONICS:5; BA0000764:Bargreen Ellingson Foodservice Supply & Design (Formerly Bintz):3; BA0000129:Bar Store Restaurant Design & Supply:2; BA0000782:MIDDLEBY RESIDENTIAL:2; BA0000800:Webstaurant Store:2; BA0016409:Kathryn Lever:1",CONFLICTING_HISTORY,02-4390-01; 03-1403-86; 03-1403-89; 03-3813-02; 044-C0330SA1B530P; 044-KBT38; 19-0664-12; A39462-021; A39469-001; B530P,,
Sharp,SHARP,A081,APLS-RCVD,pending,,,,46,26,20,BA0000761,Almo Corporation,true,23,0.8846,BA0000291:Home Depot:1; BA0008796:Central Restaurant Products:1; BA0012873:Special Event MLD Closeout Sale 2024:1,CONFLICTING_HISTORY,CL KB6524PS 61777Y659929; CL KB6524PS 648587; CL KB6524PS 649979; CL KB6524PS 649980; CL RCS10TS 2309142645; CL SMC1442CS D140500518; CL SMC1442CS D140500555; CL SMC1442CS D140500556; CL SMD2470ASY 860516; CL SMD2470ASY 860519,,
SKS,SKS,A082,APLS-RCVD,pending,,,,90,81,9,BA0000779,"LG Electronics U.S.A., Inc.",true,72,0.8889,"BA0016207:LG Electronics U.S.A., Inc. / SKS Builder:9",CONFLICTING_HISTORY,CL DLGX9501K 407KWYP6S266; CL SKSCR3001P 205KPRV1H336; CL SKSDR360SS 203KMXY0F466; CL SKSDW2411S 303KWKS3N021; CL SKSFD3613S 306KRCFKG395; CL SKSGR360S 304KMRX0T582; CL SKSMD2401S 405XSQH00044; CL SKSPH4802S; CL SKSPH4802S 711CNYW0042; CL UPWS3044ST 710KMLK0J568,,
Skyline,SKYLINE,A083,APLS-RCVD,pending,,,,302,151,151,BA0001335,SKYLINE DESIGN,true,151,1.0000,,STRONG_HISTORY,1948-BMNP; 1948G-BLK; 2030C-5453; 2030-JCPP; 20311G-CLR; 20311-JCPP; 21124C-5453; 21124-MWPR; 21124-STPR; 2139-STFF,,
Smeg,SMEG,A084,APLS-RCVD,pending,,,,67,62,5,BA0000004,"Tri-State Distributors, INC.",true,61,0.9839,BA0015627:MILESTONE Legacy Homes 14692:1,STRONG_HISTORY,BGF01US; BLF01RDUS; CL FAB32URPB3 110700110124; CL KPF30UAN SRS31320; CL STU8647X 00210304; CPF30UGGX; CPF30UGMAN; CPF30UGMWH; CPF36UGMAN; DCF02CRUS,,
Speed Queen,SPEED QUEEN,A085,APLS-RCVD,pending,,,,66,65,1,BA0000004,"Tri-State Distributors, INC.",true,64,0.9846,"BA0000767:Tri-State Distributors, INC. / **DO NOT USE***:1",STRONG_HISTORY,0400ET; 512082P; 528P3; 649P3; 72303-XD; ADEE9BGS; DC5003BE; DC5003WE; DC5003WG; DC5004BE,,
Summit,SUMMIT,A086,APLS-RCVD,pending,,,,210,199,11,BA0000772,"Summit Appliance / Felix Storch, INC",true,197,0.9899,BA0000663:Hafele:1; BA0001335:SKYLINE DESIGN:1,STRONG_HISTORY,ADAH1630SS; ADAH1730SS; ADFD2D24; ADRD18; ADRD18H34; ADRD24; ADRD241PNR; ADRF244; AL54; AL54IF,,
TRUE,TRUE,A087,APLS-RCVD,pending,,,,361,335,26,BA0000797,True Manufacturing Co. Inc.,true,327,0.9761,BA0000764:Bargreen Ellingson Foodservice Supply & Design (Formerly Bintz):4; BA0000800:Webstaurant Store:2; BA0006987:KATOM RESTAURANT SUPPLY:2,CONFLICTING_HISTORY,203416; 212441; 212441-DOORASSEMBLY; 212586; 216537; 216542; 217002; 217011; 217011-044-H04; 807151,,
Twin Eagles,TWIN EAGLES,A088,APLS-RCVD,pending,,,,43,43,0,BA0010366,Monsma Marketing Corporation - Majestic Hearth,true,41,0.9535,BA0012343:Dometic Corporation:2,CONFLICTING_HISTORY,TE1BQ42RS-N; TE1BQ54RS-N; TE24D; TEAD36-C; TEAD42-C; TEBC30-C; TEBQ36G-CN; TEBQ36R-CN; TEBQ36RS-CN; TEBQ42G-C-NG,,
Vent-a-Hood,VENT A HOOD,A089,APLS-RCVD,pending,,,,226,181,45,BA0000787,Mode Distributing LLC,true,164,0.9061,BA0000780:Luwa Distributing:14; BA0000785:MILESTONE DISTRIBUTORS:3,CONFLICTING_HISTORY,ARS-10; ARSLP-12/10; BBE48SS; BH128PSLDSS; BH128SLDSS; BH134PSLDSS; BH134SLDSS; BH140PSLDSS; BH140SLDSS; BH146PSLDSS,,
Verona,VERONA,A090,APLS-RCVD,pending,,,,6,4,2,BA0000787,Mode Distributing LLC,true,3,0.7500,"BA0000004:Tri-State Distributors, INC.:1",CONFLICTING_HISTORY,VEFSEE365SS; VEITE 36-2 E; VEITE362E; VPFSGE365SS; ZDNUVEITE 36-2 E; ZDNUVEITE362E,,
Viking,VIKING,A091,APLS-RCVD,pending,,,,321,254,67,BA0000799,"Viking Range-M, LLC",true,208,0.8189,"BA0000781:Viking Range-L, LLC (Lynx):32; BA0000782:MIDDLEBY RESIDENTIAL:11; BA0000004:Tri-State Distributors, INC.:1; BA0000806:KIMBALL ELECTRONICS:1; BA0015330:Trade-Winds Manufacturing, LLC:1",CONFLICTING_HISTORY,020257-000; 300-22-006; AXD5; BG8536SS; BG8560SS; CBC12G; CBGTVDR; CDPUS515SS; CKVBI; CL CDPUS515SS PO103981,,
Whirlpool,WHIRLPOOL,A092,APLS-RCVD,pending,,,,1119,915,204,BA0000003,Whirlpool Corporation,true,682,0.7454,"BA0009091:Whirlpool - 4002081576 - MQ - MLD - UTAH/IDAHO BUILDERS:101; BA0009080:Whirlpool - 4001335559 ARRIVE HOMES:26; BA0009085:Whirlpool - 4002071457 MLD/ EDGE HOMES 2025:23; BA0009081:Whirlpool - 4002063637 BRAD REYNOLDS:13; BA0009095:Whirlpool - 4002064449 MLD_REGAL HOMES WHIRLPOOL QUOTE:11; BA0009097:Whirlpool - 4002036092 MLD - VAN DAELE HOMES:11; BA0009098:Whirlpool - 4002068750 WATT'S COMMUNITIES:11; BA0010253:Whirlpool- 4002068317 Destination Homes:10; BA0011673:WHIRLPOOL 4002041242 WEST HAVEN:7; BA0011672:WHIRLPOOL 4002062813 JACKSON ST APARTMENTS:6; BA0009093:Whirlpool - 4002042270 MLD - RED LEDGES:4; BA0009087:Whirlpool - 4002035494 FLAGSHIP HOMES:3; BA0000796:SAMSUNG ELECTRONICS AMERICA, INC.:2; BA0000804:Arrow Industries:1; BA0008211:Missing Vendor:1; BA0009094:Whirlpool - 4002016526 REGAL HOMES - MOUNTAIN LAND DESIGN:1; BA0021411:Whirlpool - 4002087940 MLD_Garbett Mosaic Townhomes:1; BA0021532:Whirlpool - 4002086351 - MLD_REGAL HOMES:1",CONFLICTING_HISTORY,13030RP; 1901A; 20-3131-48A; 20-48KITRC; 285863; 30-48KITRC; 3385556; 4317824; 4378968; 4396006RW,,
Woodstone Bistro,WOODSTONE BISTRO,A093,APLS-RCVD,pending,,,,47,40,7,BA0003578,WoodStone Corporation,true,37,0.9250,BA0000003:Whirlpool Corporation:3,CONFLICTING_HISTORY,000-103030-D-2; 000-104343-D-4; 000-404343-D-3; 000-CHIMNEY-KIT-2; 0-3030-BOX-SS; 0-4343-BOX-SS; B1FRINGO; B1-SS-O-NGO; B2FRINGO; B2-FR-I-NGO,,
Zephyr,ZEPHYR,A094,APLS-RCVD,pending,,BA0000803,Zephyr,465,395,70,BA0000803,Zephyr,true,392,0.9924,BA0009441:ZEPHYR PRESRV -  SP0000043  (Previously SP0000029 ):3,CONFLICTING_HISTORY,0AK11-21001; 11030132; 14000005; 50150070; ADL-M90BSX; AK00067; AK00070; AK00071; AK00072; AK00080,,
Infratech,INFRATECH,A095,APLS-RCVD,pending,,,,63,45,18,BA0000785,MILESTONE DISTRIBUTORS,true,45,1.0000,,STRONG_HISTORY,14-4305; 15-1705; 18-2300; 18-2300BR; 18-2300WH; 21-4300BR; 30-4045; 30-4053; 30-4075; 30-4076,,
Trade-Wind,TRADE WIND,A096,APLS-RCVD,pending,,,,43,40,3,BA0000799,"Viking Range-M, LLC",true,25,0.6250,"BA0000782:MIDDLEBY RESIDENTIAL:11; BA0015330:Trade-Winds Manufacturing, LLC:2; BA0000781:Viking Range-L, LLC (Lynx):1; BA0000797:True Manufacturing Co. Inc.:1",CONFLICTING_HISTORY,4BL210315-B; 5BL-39-I36-DCK; CL PSD010XL 767459001131; CL VSL448619RC 122450726; CL VSL448619RC 12502023; I32303; I32362RC; IS32306; L7236-12; L7242-12,,
Delta Heat,DELTA HEAT,A097,APLS-RCVD,pending,,,,26,25,1,BA0010366,Monsma Marketing Corporation - Majestic Hearth,true,25,1.0000,,STRONG_HISTORY,23391-32; DHAD32-C; DHAD36-C; DHBQ26G-D/L; DHBQ26G-D/N; DHBQ32G-DL; DHBQ32G-DN; DHBQ32RS-D-N; DHBQ32RS-WN; DHBQ38RS-D/N,,
Bromic,BROMIC,A098,APLS-RCVD,pending,,,,49,36,13,BA0000004,"Tri-State Distributors, INC.",true,35,0.9722,BA0000785:MILESTONE DISTRIBUTORS:1,STRONG_HISTORY,BH0110003-1; BH0210003-1; BH0320003; BH0320005; BH0320015; BH0420012; BH0420013; BH0420032; BH0420033; BH0510001,,
American Fyre Design,AMERICAN FYRE DESIGN,A099,APLS-RCVD,pending,,,,7,5,2,BA0000004,"Tri-State Distributors, INC.",true,5,1.0000,,STRONG_HISTORY,530-DB-11-M2PC; 753-BA-11-V6NC; CSTN-20-C; GLD-10J-BL; GLD-7-BL; ZDNU530-DB-11-M2PC; ZDNUGLD-7-BL,,
Monogram,MONOGRAM,A100,APLS-RCVD,pending,,,,246,212,34,BA0000774,G.E. / General Electric,true,212,1.0000,,STRONG_HISTORY,CL ZDP364NDTSS ZT903560P; CL ZDT915SPJSS GM748322; CL ZDT985SIN2II RR890934; CL ZDT985SPNSS SGFA775588B; CL ZDT985SSNSS SGVT894919B; CL ZEM115SJSS AS407142A; CL ZEM115SJSS N/A; CL ZEP30SKSS MM002252; CL ZES1227SLSS AS423910; CL ZGU366NTSS HS900106P,,
Panasonic,PANASONIC,A101,APLS-RCVD,pending,,,,2,2,0,BA0000761,Almo Corporation,true,2,1.0000,,LIMITED_HISTORY,NN-SD775S; NN-SE785S,,
Zline,ZLINE,A102,APLS-RCVD,pending,,,,8,8,0,BA0000004,"Tri-State Distributors, INC.",true,5,0.6250,BA0000291:Home Depot:1; BA0000386:Lowes:1; BA0000803:Zephyr:1,CONFLICTING_HISTORY,CDRB-48; DWMTZ-24-MB; GL2I-30; GRBIVZ-60-MB; MWD0124AS; MWD-1-BS; RBIVZ-60-MB; SINR36,,
Memphis,MEMPHIS,A103,APLS-RCVD,pending,,,,1,0,1,,,false,0,,,NO_VENDOR_EVIDENCE,VGB0002S-2-LP,,
American Outdoor Grills,AMERICAN OUTDOOR GRILLS,A104,APLS-RCVD,pending,,,,3,2,1,BA0000004,"Tri-State Distributors, INC.",true,2,1.0000,,LIMITED_HISTORY,20-30-SSD; 36NBL-00SP; ZDNU20-30-SSD,,
Duxtop,DUXTOP,A105,APLS-RCVD,pending,,,,1,1,0,BA0000636,Amazon,true,1,1.0000,,LIMITED_HISTORY,8100MC-1800,,
EdgeStar,EDGESTAR,A106,APLS-RCVD,pending,,,,1,1,0,BA0000800,Webstaurant Store,true,1,1.0000,,LIMITED_HISTORY,IB250BL,,
Fhiaba,FHIABA,A107,APLS-RCVD,pending,,,,2,2,0,BA0000788,Pacific Specialty Brands,true,2,1.0000,,LIMITED_HISTORY,FI36BI-LOT; FK30BI-LST,,
Hobart,HOBART,A108,APLS-RCVD,pending,,,,1,1,0,BA0000794,Resco- Restaurant Equiptment Co.,true,1,1.0000,,LIMITED_HISTORY,LXEH-2,,
Kenyon,KENYON,A109,APLS-RCVD,pending,,,,1,1,0,BA0008211,Missing Vendor,false,1,1.0000,,LEADING_VENDOR_NOT_ACTIVE,B41779T30,,
Kratos,KRATOS,A110,APLS-RCVD,pending,,,,2,2,0,BA0006987,KATOM RESTAURANT SUPPLY,true,1,0.5000,BA0008796:Central Restaurant Products:1,CONFLICTING_HISTORY,69K-759HC; 69K-773HC,,
Plum,PLUM,A111,APLS-RCVD,pending,,,,9,5,4,BA0000780,Luwa Distributing,true,3,0.6000,BA0000787:Mode Distributing LLC:2,CONFLICTING_HISTORY,PLUM - ARKIT-01; PLUM - NDL - 01; PLUM- CK - 01; PLUM01-1; PLUMTRIM24; ZDNUPLUM - ARKIT-01; ZDNUPLUM - NDL - 01; ZDNUPLUM- CK - 01; ZDNUPLUMTRIM24,,
Vitara,VITARA,A112,APLS-RCVD,pending,,,,1,1,0,BA0000004,"Tri-State Distributors, INC.",true,1,1.0000,,LIMITED_HISTORY,VLUF1700EW,,
Waring,WARING,A113,APLS-RCVD,pending,,,,1,1,0,BA0000129,Bar Store Restaurant Design & Supply,false,1,1.0000,,LEADING_VENDOR_NOT_ACTIVE,WPO500,,
Presrv by Zephyr,PRESRV BY ZEPHYR,A115,APLS-RCVD,pending,,,,57,53,4,BA0000803,Zephyr,true,49,0.9245,BA0009441:ZEPHYR PRESRV -  SP0000043  (Previously SP0000029 ):3; BA0012014:ZEPHYR PRESRV -  *SP0000030*:1,CONFLICTING_HISTORY,CL PRB24C01CG 2010319JZY; CL PRB24C01CG 2010329JZY; CL PRW24C02CG 1006451LUZ; PRB15C01CG; PRB24C01AG-ADA; PRB24C01AS-ADA; PRB24C01AS-OD; PRB24C01BPG; PRB24C01CBSG; PRB24C01CG,,
Sirius,SIRIUS,A116,APLS-RCVD,pending,,,,1,1,0,BA0000762,Appliances Connection / Online Retailer,true,1,1.0000,,LIMITED_HISTORY,SU90020,,
Carver Sheet Metal Works,CARVER SHEET METAL WORKS,A117,APLS-RCVD,pending,,,,1,1,0,BA0000766,Carver Sheet Metal,true,1,1.0000,,LIMITED_HISTORY,CARVERCUSTOM,,
Mantiwoc,MANTIWOC,A118,APLS-RCVD,pending,,,,2,2,0,BA0006987,KATOM RESTAURANT SUPPLY,true,2,1.0000,,LIMITED_HISTORY,D570; IYT0750A,,
Accucold,ACCUCOLD,A119,APLS-RCVD,pending,,,,1,1,0,BA0000772,"Summit Appliance / Felix Storch, INC",true,1,1.0000,,LIMITED_HISTORY,MLRS62BIADAMCLK,,
Walt Palmer,WALT PALMER,A120,APLS-RCVD,pending,,,,17,11,6,BA0000804,Arrow Industries,true,9,0.8182,BA0008361:WPSI - Palmer Supply:2,CONFLICTING_HISTORY,GBR1210; GE1026; GE1226; GE730; GP430; GP730; ZDNUBFD10; ZDNUBFD6; ZDNUBFD8; ZDNUFF8,,
Brisas By Zephyr,BRISAS BY ZEPHYR,A121,APLS-RCVD,pending,,,,1,1,0,BA0000803,Zephyr,true,1,1.0000,,LIMITED_HISTORY,BBV24C01AG-ADA,,
Katom,KATOM,A122,APLS-RCVD,pending,,,,7,6,1,BA0006987,KATOM RESTAURANT SUPPLY,true,6,1.0000,,STRONG_HISTORY,399-IYT0750A261D570; DHT2-120; DSP3; DWTCUH; EUH1; MGD-2DR-36-HC; ZDNUDWTCUH,,
Jura,JURA,A123,APLS-RCVD,pending,,,,2,2,0,BA0016305,JURA Inc,true,2,1.0000,,LIMITED_HISTORY,15392; 15560,,
Flambo,FLAMBO,A124,APLS-RCVD,pending,,,,4,4,0,BA0016460,Flambo LLC,true,4,1.0000,,STRONG_HISTORY,FLCTPSK60SS; FLGRIDDLE18; FLMAT11X22; FLMATINDUCT5,,
Micro-Trim,MICRO TRIM,A125,APLS-RCVD,pending,,,,1,1,0,BA0021134,Micro-Trim Inc.,true,1,1.0000,,LIMITED_HISTORY,MICRO-TRIM-CUSTOM-S/S,,
Forno,FORNO,A126,APLS-RCVD,pending,,,,14,12,2,BA0000004,"Tri-State Distributors, INC.",true,12,1.0000,,STRONG_HISTORY,FBOEL1370-30; FCTGS5737-36; FCTIN0583-12; FDWBI8067-24S; FFRBI1820-36S; FFRBI1820-36SB; FFSEL6011-36; FFSGS6187-36; FFSGS6187-48; FFSGS6239-36,,
Lonestar Appliance Install,LONESTAR APPLIANCE INSTALL,A127,APLS-RCVD,pending,,,,0,0,0,,,false,0,,,NO_EXISTING_ITEMS,,,
Crosley,CROSLEY,A128,APLS-RCVD,pending,,,,1,1,0,BA0000004,"Tri-State Distributors, INC.",true,1,1.0000,,LIMITED_HISTORY,CFUMH21AW,,
Broan,BROAN,A129,APLS-RCVD,pending,,,,2,2,0,BA0000004,"Tri-State Distributors, INC.",true,2,1.0000,,LIMITED_HISTORY,BP87Q; GLA1303WW,,
Avallon,AVALLON,A130,APLS-RCVD,pending,,,,1,1,0,BA0000750,The Stock Market,true,1,1.0000,,LIMITED_HISTORY,AWBC242PRSRH,,
Avantco,AVANTCO,A131,APLS-RCVD,pending,,,,1,1,0,BA0000800,Webstaurant Store,true,1,1.0000,,LIMITED_HISTORY,HPI-1836,,
Koolmore,KOOLMORE,A132,APLS-RCVD,pending,,BA0016252,KOOLMORE,1,1,0,BA0016252,KOOLMORE,true,1,1.0000,,LIMITED_HISTORY,KM-VMR-30-B,,
Krowne,KROWNE,A133,APLS-RCVD,pending,,,,4,4,0,BA0006987,KATOM RESTAURANT SUPPLY,true,4,1.0000,,STRONG_HISTORY,KR19-1C; KR24-MC12; KR24-MS34C; KR24-S24,,
Proline,PROLINE,A135,APLS-RCVD,pending,,,,2,2,0,BA0015426,PROLINE RANGE HOODS,true,2,1.0000,,LIMITED_HISTORY,PLJW185.36; RECIRCKIT.36,,
Hotpoint,HOTPOINT,A136,APLS-RCVD,pending,,,,1,1,0,BA0000774,G.E. / General Electric,true,1,1.0000,,LIMITED_HISTORY,RGAS200DMWW,,
Kegco,KEGCO,A137,APLS-RCVD,pending,,,,1,1,0,BA0016215,Beverage Factory,true,1,1.0000,,LIMITED_HISTORY,V32ADABSL-2,,
Cooler Depot,COOLER DEPOT,A138,APLS-RCVD,pending,,,,2,2,0,BA0000291,Home Depot,false,2,1.0000,,LEADING_VENDOR_NOT_ACTIVE,CD27F; XB27R,,
Vulcan,VULCAN,A139,APLS-RCVD,pending,,,,1,1,0,BA0006987,KATOM RESTAURANT SUPPLY,true,1,1.0000,,LIMITED_HISTORY,VHFA18,,
Energy Distribution Systems,ENERGY DISTRIBUTION SYSTEMS,F001,FIRE-RCVD,pending,,BA0021419,Energy Distribution Systems,58,50,8,BA0021587,Energy Distribution Systems (EDS),true,50,1.0000,,STRONG_HISTORY_CONFLICTS_WITH_NAME,250-04198; 250-04200; 93007344; 94400905; 94400914; 95900374; 98500188; 98500401; 98500403; 98500406,,
DaVinci,DAVINCI,F002,FIRE-RCVD,pending,,,,36,2,34,BA0021587,Energy Distribution Systems (EDS),true,2,1.0000,,LIMITED_HISTORY,DI500001756; DI500001757; DI500002388; DI500002389; DI500002400; DI500002410; DI500002411; DI500002573; DI500002574; DI500002608,,
Empire,EMPIRE,F003,FIRE-RCVD,pending,,,,19,0,19,,,false,0,,,NO_VENDOR_EVIDENCE,EMDVCD36FP30N; EMDVCD36FP71N; EMDVCD42FP30N; EMDVCD42FP71N; EMDVCP36BP70N; EMDVCP42BP70N; EMDVD36FP30N; EMDVD36FP71N; EMDVD42FP30N; EMDVD42FP71N,,
Fire Garden,FIRE GARDEN,F004,FIRE-RCVD,pending,,,,17,0,17,,,false,0,,,NO_VENDOR_EVIDENCE,94900290; 94900296; 94900301; 94900306; 94900325; 94900344; 94900350; 94900430; 94900432; 94900447,,
Firenze,FIRENZE,F005,FIRE-RCVD,pending,,,,3,0,3,,,false,0,,,NO_VENDOR_EVIDENCE,98500548; 98500550; 98500551,,
FPX,FPX,F006,FIRE-RCVD,pending,,,,38,14,24,BA0021587,Energy Distribution Systems (EDS),true,14,1.0000,,STRONG_HISTORY,95400444; 95800730; 95900733; 98400113; 98400114; 98400120; 98400121; 98400371; 98400376; 98500109,,
Lopi,LOPI,F007,FIRE-RCVD,pending,,,,22,3,19,BA0021587,Energy Distribution Systems (EDS),true,3,1.0000,,STRONG_HISTORY,98500147; 98500608; 99600055; 99600059; 99600082; 99600161; 99600310; 99600314; 99600361; 99800130,,
Emtek,EMTEK,H001,HARD-LOT,pending,,,,6625,6446,179,BA0000011,"Emtek Products Group, LLC",true,6442,0.9994,"BA0000110:Black Dog Clays, Inc.:1; BA0000643:Baldwin Hardware:1; BA0000649:Classic Brass:1; BA0000686:Schaub & Company:1",STRONG_HISTORY,10022-US4; 100PK-10FHWS10-FA; 100PK-10FHWS10-O; 100PK-12FHWS13-B; 100PK-12FHWS13-FB; 100PK-12FHWS13-PN; 100PK-12FHWS13-SB; 1153TTLHMB; 11A1BARHUS4; 11B#HLORHUS19,,
Accurate,ACCURATE,H002,HARD-LOT,pending,,,,74,73,1,BA0000635,Accurate Lock & Hardware,true,73,1.0000,,STRONG_HISTORY,#9503; 04 TRANSOM BOLT US10B; 18DS.TN; 2000.CBM; 2000-US32D; 2001 SDL - 3 US15; 2001 SDL-US32D; 2001SDL-2.234.US15; 2002CPDL--5-234-US32D; 2002CPDP-10B,,
Adams Rite,ADAMS RITE,H003,HARD-LOT,pending,,,,2,1,1,BA0000668,Intermountain Lock,true,1,1.0000,,LIMITED_HISTORY,4550MSW; ADR4900-26-201-313,,
Alno,ALNO,H004,HARD-LOT,pending,,,,356,350,6,BA0000012,"Alno, Inc.",true,345,0.9857,BA0000709:Alno--Bates and Bates:3; BA0000641:Ashley Norton Inc.:2,CONFLICTING_HISTORY,A0018PC; A1030-PN; A1031-PB/NL; A1032-PB/NL; A1032-PN; A1033-PB/NL; A1033-PN; A1050-PB; A1066-PB/NL; A1067-PA,,
Amerock,AMEROCK,H005,HARD-LOT,pending,,,,214,205,9,BA0000637,"Amerock, LLC",true,205,1.0000,,STRONG_HISTORY,55344-BBZ; BH26501ORB; BH26507ORB; BH26540BBZ; BH26540CZ; BH26540MB; BH26540PSS; BH26540SS; BH26541BBZ; BH26541MB,,
Armac Martin,ARMAC MARTIN,H007,HARD-LOT,pending,,BA0004629,Armac Martin,543,528,15,BA0004629,Armac Martin,true,528,1.0000,,STRONG_HISTORY,0810/127/AGC; 0810/127/BEL; 0810/152/SBSL; 0820/114/SBUL; 0845/70/SBSL; 205/65/BEL; 2105/19/ABL; 2105/19/AMB; 2105/19/DBZ; 2105/32/BEL,,
Ashley Norton,ASHLEY NORTON,H008,HARD-LOT,pending,,,,2521,2453,68,BA0000641,Ashley Norton Inc.,true,2453,1.0000,,STRONG_HISTORY,1080.BZ; 133BZ; 1376-12-DOR-TB; 1376-9-DOR-TB; 1582.30.TC; 166.0.BZ; 166.1.BZ; 166.8.BZ; 166.9.BZ; 1700,,
Assa Abloy,ASSA ABLOY,H009,HARD-LOT,pending,,,,39,39,0,BA0000668,Intermountain Lock,true,21,0.5385,"BA0000642:ASSA ABLOY Global Solutions, Inc.:18",CONFLICTING_HISTORY,ABLDC840US28; ABLDC892-US28; ACN14-4761-0106-626; ARRRLX81SR26D-CS-2; COMM-BLE; DNUINST-LOCK-ESSENCE; DNUINST-RIM-PREP; DNUINST-SIG-LOCK-PREP; DNURF-NETWORK; DNURF-SETUP,,
Atlas,ATLAS,H010,HARD-LOT,pending,,,,368,357,11,BA0000010,Top Knobs,true,357,1.0000,,STRONG_HISTORY,235-CH; 255-CH; 256-CH; 272-P; 274-P; 275-CH; 281-BL-BRN; 281-WT-WB; 282-OW-CH; 288-BL-BRN,,
Baccman & Berglund,BACCMAN BERGLUND,H011,HARD-LOT,pending,,,,4,4,0,BA0011233,Bäccman & Berglund Sweden AB,true,4,1.0000,,STRONG_HISTORY,HA78M; KN38M; KN52M; KN56MB,,
Baldwin,BALDWIN,H012,HARD-LOT,pending,,,,624,607,17,BA0000643,Baldwin Hardware,true,604,0.9951,"BA0000695:Top Notch Distributors, Inc.:2; BA0000678:Nostalgic Warehouse:1",CONFLICTING_HISTORY,.345.190; 0184.112; 01W1901; 0340.031; 0340.055; 0345.031; 0345.044; 0345.076; 0345.112; 0380.033,,
Belwith Keeler,BELWITH KEELER,H013,HARD-LOT,pending,,,,9,9,0,BA0006514,"Belwith Products, LLC",true,9,1.0000,,STRONG_HISTORY,B056553-14; B076036-SN; B076090-MB; B076288-BGB; B077944SN; B077948SN; B077977LRBGB; B077980LRBGB; B077980LRMB,,
Berensen Hardware,BERENSEN HARDWARE,H014,HARD-LOT,pending,,,,35,34,1,BA0000645,Berenson Corp.,true,34,1.0000,,STRONG_HISTORY,1060-4055-P; 1064-4055-P; 1263-1055-P; 1264-1MDB-P; 2092-40VB-P; 2100-40VB-P; 2310-1BPN-P; 4114-1026-P; 4116-1055-P; 4118-1BPN-P,,
Bravura,BRAVURA,H015,HARD-LOT,pending,,,,47,47,0,BA0000654,The Delaney Hardware Co.,true,47,1.0000,,STRONG_HISTORY,337013; 904S-1 US10B; 904S-1-PRV-US19; 904S-1-PSG-US19; 904S-1-US10B PRIV; 904SG-1-US10B; 905GK-1US10B; 906-6-US10B-DB; 910-1-SC-US15; 910-1-SC-US19,,
Bridgeport,BRIDGEPORT,H016,HARD-LOT,pending,,,,19,18,1,BA0001331,"Bridgeport Worldwide, LLC",true,18,1.0000,,STRONG_HISTORY,1609023702; 1609023702 02; 1-946-1778; 23059; 23096; 23109; 8117; 815/39-B5; BP.M+.70.E.X.XX; HB620/35 BN,,
Burns Manufacturing,BURNS MANUFACTURING,H017,HARD-LOT,pending,,BA0000765,BURNS MANUFACTURING,2,1,1,BA0000765,BURNS MANUFACTURING,true,1,1.0000,,LIMITED_HISTORY,VP6241XUS32D; ZDNUVP6241XUS32D,,
Buster & Punch,BUSTER PUNCH,H018,HARD-LOT,pending,,,,182,178,4,BA0000647,Buster and Punch Inc,true,178,1.0000,,STRONG_HISTORY,BB-PI-E26-D-WH-B; BB-PI-E26-ND-WH-B; BB-PL-E26-D-WH-B; BB-TD-E26-D-CR-B; BB-TD-E26-D-SM-B; BB-TU11-E26-D-CR-B; BB-TU11-E26-ND-CR-B; HMB-P01-01-A-01-BL; HMB-P01-01-A-02-BL; NBB-05688,,
Carpe Diem,CARPE DIEM,H019,HARD-LOT,pending,,,,9,9,0,BA0007813,"Carpe Diem Hardware, Inc.",true,9,1.0000,,STRONG_HISTORY,135-9C; 139-9C; 143-9C; 2633-22R-AQ; 4056-9C; 5700-9C; 5701-9C; 5702-9C; 6144-9C,,
Cavity Slider,CAVITY SLIDER,H020,HARD-LOT,pending,,,,34,34,0,BA0000648,Cavity Sliders USA Inc.,true,34,1.0000,,STRONG_HISTORY,CAVITYSLIDERSCUSTOM; CL205A0006; CL205A0021; CL205C0021; CL205D0009; CL205D0018; CL205D0048; CL205D-PR-38; CL400A0328; CL400A0329,,
Classic Brass,CLASSIC BRASS,H021,HARD-LOT,pending,,BA0000649,Classic Brass,2595,2514,81,BA0000649,Classic Brass,true,2514,1.0000,,STRONG_HISTORY,#12 HINGE SCREW; #12 HINGE SCREW - ARN; 10008PA; 10008PANL; 10008WA; 10012PANL; 10018-PANL; 10024-PANL; 1002AN; 1008-PANL,,
Colonial Bronze,COLONIAL BRONZE,H022,HARD-LOT,pending,,BA0000650,Colonial Bronze,207,204,3,BA0000650,Colonial Bronze,true,204,1.0000,,STRONG_HISTORY,105-10B; 105-M20A; 1139-5; 1140-8-5; 115-D10B; 116-3; 12/15/9946 12:00:00 AM; 1301-15XM19; 1301-4X19; 1301-5XM19,,
Delaney,DELANEY,H023,HARD-LOT,pending,,,,54,54,0,BA0000654,The Delaney Hardware Co.,true,54,1.0000,,STRONG_HISTORY,261007; 280109; 2891139; 301777US12P; 310B-US10B; 336B-US10B; 336B-US10B-DU; 336B-US10B-PA; 336B-US10B-PR; 345001,,
Deltana,DELTANA,H024,HARD-LOT,pending,,,,494,485,9,BA0000653,"Deltana Enterprises, Inc.",true,485,1.0000,,STRONG_HISTORY,12EFB10B; 12EFB15A; 12EFB19; 12EFB3-UNL; 12EFBU15; 12EFBU19; 12SB19; 18EFB19; 18EFB5; 18SB5,,
Designer Doorware,DESIGNER DOORWARE,H025,HARD-LOT,pending,,BA0023559,Designer Doorware,78,78,0,BA0000712,"Forte Brands, LLC",true,58,0.7436,BA0023559:Designer Doorware:15; BA0000258:Forte Brands LLC:5,CONFLICTING_HISTORY,2020-100-PCC-BKA; 2020-50-VBS; 2020-70-SBU; 2020-B-100-SF1-WBM; 2020-B-100-SF2-PN; 2821-70-SBC; 3608-128-SN; 3608-128-VBB; 3608-160-SBU; 3608-224-SN,,
DoorSaver III,DOORSAVER III,H026,HARD-LOT,pending,,,,2,0,2,,,false,0,,,NO_VENDOR_EVIDENCE,1274; 1276,,
Du Verre,DU VERRE,H027,HARD-LOT,pending,,,,75,75,0,BA0000657,DuVerre Hardware,true,74,0.9867,BA0000010:Top Knobs:1,STRONG_HISTORY,DNUDROPSHIP-DUVERRE; DV915-SN; DVAG01-ORB; DVAR01-ORB; DVAR03-ORB; DVAR04-ORB; DVAR05-ORB; DVBT01-ORB; DVCF308-SN; DVFC29-AB,,
Elmes,ELMES,H028,HARD-LOT,pending,,,,5,5,0,BA0005100,Elmes Hardware,true,5,1.0000,,STRONG_HISTORY,G1171-01-061-L600; G1289-48-783; T215-25-038; T51-01-051; T610-01-023-L,,
Exxel,EXXEL,H029,HARD-LOT,pending,,,,7,7,0,BA0000658,Exxel Company,true,7,1.0000,,STRONG_HISTORY,"1008; EXXEL  SERIES 5 CURVED 3""; EXXEL COLOR SERIES 13 128M; EXXEL COLOR SERIES 13 96MM; EXXEL SERIES 2 MEDIUM KNOB; EXXEL SERIES 2 MEDIUM KNOB YEL; SERIES 4 ALUMINUM WIRE PULL",,
EZ Concept,EZ CONCEPT,H030,HARD-LOT,pending,,,,20,20,0,BA0004032,"EZY JAMB/STUDCO BUILDING SYSTEMS US, LLC",true,20,1.0000,,STRONG_HISTORY,CF-SRC41230100; CF-SRC4123090; CF-SRC73090; CRATE CHARGE; CU-CF-CKC4.26-4.8840100S; EZCONCEPTCUSTOM; EZY JAMB - 1 WEEK PRODUCTI; EZY JAMB - DOUBLE DOOR FRA; EZY JAMB - HINGE PREP; EZY JAMB - RY120 HINGES,,
Falcon,FALCON,H031,HARD-LOT,pending,,,,1,1,0,BA0000668,Intermountain Lock,true,1,1.0000,,LIMITED_HISTORY,FALW301S-LAT-622,,
First Impressions International,FIRST IMPRESSIONS INTERNATIONAL,H032,HARD-LOT,pending,,BA0004873,First Impressions International,2,2,0,BA0004873,First Impressions International,true,2,1.0000,,LIMITED_HISTORY,BLR150072SMTSS4LTHLTH-IN; BLR150072SMTSS4LTHLTH-OUT,,
Formani,FORMANI,H033,HARD-LOT,pending,,,,11,11,0,BA0001331,"Bridgeport Worldwide, LLC",true,11,1.0000,,STRONG_HISTORY,0522-01-CL-55-RND-C690-RH; 0522-CL-55-RND-C690-RH; 1501D142NMXX0; 1501T020NMXXUZI; 1501Y002NMXX0; 7734-CL-60-24-RND-LK-F C690--0; FORMANIDUMMY; FORMANIENTRY; FORMANIPASSAGE; FORMANIPRIVACY,,
FritsJurgens,FRITSJURGENS,H034,HARD-LOT,pending,,,,23,22,1,BA0001331,"Bridgeport Worldwide, LLC",true,22,1.0000,,STRONG_HISTORY,600332E; 600542G; M32SCB; MT.HEX.1M; MT.MAG.BK; ST.M.40.AA.S.BK; ST.M.70.A.S.BK; ST.M.70.A.S.SS; ST.M.70.B.S.BK; ST.M.70.C.S.BK,,
FSB,FSB,H035,HARD-LOT,pending,,,,45,43,2,BA0000659,FSB USA,true,43,1.0000,,STRONG_HISTORY,0 05 0178 01511 5700; 0 05 0553 20002 0000; 05 0553 10002; 05 0553 10002 0000; 05 0553 20002; 0553-20001; 17 1735 12601 0105; 17 1744 00159; 38 3878; 38 3881 0810,,
Glasscrafters,GLASSCRAFTERS,H036,HARD-LOT,pending,,,,2,1,1,BA0000726,"G/C Glasscrafters, INC.",true,1,1.0000,,LIMITED_HISTORY,SRMK.36; ZDNUSRMK.36,,
Grandeur,GRANDEUR,H037,HARD-LOT,pending,,,,15,15,0,BA0000662,"Grandeur Nostalgic Warehouse, Inc.",true,13,0.8667,BA0000678:Nostalgic Warehouse:2,CONFLICTING_HISTORY,815185; 822105; 822686; ACOHNG.BRS.40.SQ.3.3.VB; CARBOU-ENTRY; CARBOU-SHORT PLATE- PASSAG; CARBOU-SHORT PLATE-PRIVACY; CARBOU-SHORT PLATE-SDUMMY; CAR-DGR-CAR-BOU-2-3/8-LH-V; CAR-DGR-CAR-BOU-2-3/8-RH-V,,
Hafele,HAFELE,H038,HARD-LOT,pending,,BA0000663,Hafele,225,218,7,BA0000663,Hafele,true,217,0.9954,"BA0001331:Bridgeport Worldwide, LLC:1",STRONG_HISTORY,026.13.017; 106.69.205; 109.86.127; 111.95.324; 125.88.951; 134.43.601; 151.01.729; 155.01.960; 229.03.608; 232.14.351,,
Hager,HAGER,H039,HARD-LOT,pending,,,,3,3,0,BA0000668,Intermountain Lock,true,3,1.0000,,STRONG_HISTORY,HAG1250; HAGBB1168-US10B; HAGBB1168-USB10,,
Hamilton Sinkler,HAMILTON SINKLER,H040,HARD-LOT,pending,,BA0000664,Hamilton Sinkler,224,211,13,BA0000664,Hamilton Sinkler,true,211,1.0000,,STRONG_HISTORY,200SC-BAB; A732HKL-19; AP026H.8-PN; AP040.15.UB; AP040.8-PN; AP073.15-UB; AP073.18-PN; AP073.18-UB; AP073.8-UB; AP073-15,,
Hardware Renaissance,HARDWARE RENAISSANCE,H041,HARD-LOT,pending,,BA0000666,Hardware Renaissance,125,116,9,BA0000666,Hardware Renaissance,true,116,1.0000,,STRONG_HISTORY,BE858-MW; BH449-B658-EN-ML-BL132; BH451-CUSTOM; BN405MW; BN408HW; BP.756N-6-PW; BP.781-MG; BP.836-6-MG; BP713MG; BP725-20-NW,,
Hardware Resources,HARDWARE RESOURCES,H042,HARD-LOT,pending,,BA0000665,Hardware Resources,27,27,0,BA0000665,Hardware Resources,true,27,1.0000,,STRONG_HISTORY,105-160BNBDL; 105-160SN; 105-305SN; 105-96BNBDL; 117NI; 132-12MB; 132-18MB; 193-128SN; 239-160DACM; 286-160MB,,
Hoppe,HOPPE,H043,HARD-LOT,pending,,,,11,11,0,BA0004756,ALL ABOUT DOORS & WINDOWS,true,11,1.0000,,STRONG_HISTORY,2025199; 2406389; 2406522; 2406565; 2875118; 8778559; 8778611; 8778691; 8778787; 8785695,,
Inox,INOX,H044,HARD-LOT,pending,,,,310,309,1,BA0000697,Unison Architectural Hardware,true,309,1.0000,,STRONG_HISTORY,BD1022-32D; BT160-32; BT160-32D; BT160F-PVD4; BT170-32D; BT170FT-32; BT170FT-PVD4; BW.105.MT620.LH.C19; BW.345.MT620.19G.RH; BW243MT620-32D-RH,,
Jaye Design,JAYE DESIGN,H045,HARD-LOT,pending,,,,40,40,0,BA0000690,Soko/ Jaye Design LLC,true,40,1.0000,,STRONG_HISTORY,AC-212-A; AC212-NATURAL; AC213-NATURAL; AC216-ORB; AC217-ORB; AC220-NATURAL; AC220-ORB; AC400-ORB; DA492-ORB; FB283NATURAL,,
Kwikset,KWIKSET,H047,HARD-LOT,pending,,,,6,6,0,BA0000667,Huntington Hardware,true,6,1.0000,,STRONG_HISTORY,158SQT514; 720MIL RDT-15; 720MRLSQT514; 730MIL RDT-15; CP818VNHXHFLSQT-15S; RDT-15 SMT,,
Linnea,LINNEA,H048,HARD-LOT,pending,,,,37,37,0,BA0000674,Linnea Llc,true,37,1.0000,,STRONG_HISTORY,1092-A-SBL; 1092-B-SBL; 1092-C-SBL; 1092-D-SBL; 144-A-SSS; 144-B-SSS; 144-C-SSS; 155-A-SBL; 156-A-PBK; 156-A-SBL,,
Manzoni,MANZONI,H049,HARD-LOT,pending,,,,299,285,14,BA0000641,Ashley Norton Inc.,true,285,1.0000,,STRONG_HISTORY,BZ . 3621 11 / 2; BZ.112 2; BZ.115; BZ.118 2; BZ.119; BZ.1330 24-BTB; BZ.1390 12-TB; BZ.1721 18-TB; BZ.1721 24; BZ.301 11 1/2,,
Nest Studio,NEST STUDIO,H050,HARD-LOT,pending,,,,54,54,0,BA0010334,Nest Studio LLC,true,54,1.0000,,STRONG_HISTORY,C-01-PBNL; C-03-PBNL; C-K-PBNL; D-1.25HC-SB; D-12HC SB; D-12-SB; D-5.5HC-SB; D-5.5-PBNL; D-5.5-PN; D-5.5-SB,,
Nostalgic Warehouse,NOSTALGIC WAREHOUSE,H051,HARD-LOT,pending,,BA0000678,Nostalgic Warehouse,28,26,2,BA0000678,Nostalgic Warehouse,true,25,0.9615,"BA0000662:Grandeur Nostalgic Warehouse, Inc.:1",STRONG_HISTORY,701407; 702248; 702328; 705122; 716839; 716852; 716854; 723279; 750013; 769485,,
Notting Hill,NOTTING HILL,H052,HARD-LOT,pending,,,,19,19,0,BA0010412,Nottinghill Decorative Hardware,true,19,1.0000,,STRONG_HISTORY,NHE-508-AP; NHK-125-AB; NHK-159-AB; NHK-172-DB; NHK-176-AB; NHK-176-DB; NHK-187-AB; NHK-198-AB; NHK-206-DB; NHK-211-AP,,
Omnia,OMNIA,H053,HARD-LOT,pending,,,,79,75,4,BA0000679,Omnia Industries,true,75,1.0000,,STRONG_HISTORY,001600A/RH.1; 014.US10B; 014.US3A; 0560/K238.3; 065/235.3A; 085/CRN2.3A; 103/238.US3A; 12PR32D; 171S/00.PA15; 171S/00.PR15,,
Rejuvenation,REJUVENATION,H054,HARD-LOT,pending,,BA0004093,Rejuvenation,24,21,3,BA0004093,Rejuvenation,true,21,1.0000,,STRONG_HISTORY,1506557; 1959958; 2504985; 2588944; 4867558; 5960550; 6049555; 6483165; 6677683; 6692025,,
Richelieu,RICHELIEU,H055,HARD-LOT,pending,,,,77,77,0,BA0000682,Richelieu Hardware LTD,true,76,0.9870,BA0000636:Amazon:1,STRONG_HISTORY,1108315130; 1108315160; 1108315900; 1108315ORB; 111-3947814-6926647; 1215608184; 1215618184; 1215618ORB; 2123150160; 2123150900,,
RK International,RK INTERNATIONAL,H056,HARD-LOT,pending,,BA0004817,RK International,18,18,0,BA0004817,RK International,true,18,1.0000,,STRONG_HISTORY,CK 9303 RB; CK1118AE; CK120PN; CK815AE; CP 684 BL; CP 685 BL; CP 881 RB; CP631P; CP-632-WN; CP-634-WN,,
Furrion,FURRION,H057,HARD-LOT,pending,,,,1882,1852,30,BA0000009,"Rocky Mountain Hardware, Inc.",true,1847,0.9973,"BA0000004:Tri-State Distributors, INC.:4; BA0023892:GLITTERS INTERNATIONAL:1",CONFLICTING_HISTORY,02.0035.22; 18.12.015; 2125PLUG; 31N3008BHLIBM; 8C150MSOB; 8C200MSOB; 8C200MSOS; 8C250MDOB-BL; 9148B-C655-AF-BBB; 92408A999BM,,
Rustica,RUSTICA,H058,HARD-LOT,pending,,,,1,1,0,BA0000684,Rustica Hardware,true,1,1.0000,,LIMITED_HISTORY,RUSTICAHARDWARE,,
SA Baxter,SA BAXTER,H059,HARD-LOT,pending,,BA0001334,SA Baxter,22,22,0,BA0001334,SA Baxter,true,22,1.0000,,STRONG_HISTORY,"BP-4065; CDK-2024-BR-SAB-LTA; CK4025 X 1.24 X POLISHED C; CK-4025 X 1.24"" X DARK ANT; CK-4923; CK-5800; CRS-2024-BR-SAB-LTA; DK-9505-2.25-BR-SAB-LTA-N; DP-4923-12; DP-4923-8",,
Schaub,SCHAUB,H060,HARD-LOT,pending,,,,638,620,18,BA0000686,Schaub & Company,true,620,1.0000,,STRONG_HISTORY,10010-GM; 10011-US4; 10012-PN; 10012-US4; 10020-MB; 10022-GM; 10022-MB; 10034-BN; 10034-MB; 1100B-AB,,
Schlage,SCHLAGE,H061,HARD-LOT,pending,,,,26,26,0,BA0000668,Intermountain Lock,true,26,1.0000,,STRONG_HISTORY,A501-878; F170LAT.716.GRW; F40.LAT.716.GRW; F51ALAT.716.GRW; SCENDEB-PD-LAT-622; SCESMA-ENGAGE-FIX-5YR; SCH10-025 1316 622; SCHB560P613; SCHBE365-PLY-622 12-287; SCHF10-LAT-622 16-080,,
Schwinn,SCHWINN,H062,HARD-LOT,pending,,,,47,46,1,BA0000687,"Schwinn Hardware, Inc",true,46,1.0000,,STRONG_HISTORY,5053178; 50873; 51473; 51474; 51477; 51984; 51986; 51988; 51990; 51993,,
Simonswerk,SIMONSWERK,H063,HARD-LOT,pending,,BA0000688,Simonswerk,54,53,1,BA0000688,Simonswerk,true,53,1.0000,,STRONG_HISTORY,2 400108 0 10701; 2 400369 0 10701; 5 250930 0 00001; 5 250936 0 00001; 5 251058 5 00001; 5 251059 5 00001; 5 251060 5 00001; 5 251061 5 00001; 5 251064 5 00001; 5 251065 5 00001,,
Sun Valley Bronze,SUN VALLEY BRONZE,H064,HARD-LOT,pending,,BA0000693,Sun Valley Bronze,313,301,12,BA0000693,Sun Valley Bronze,true,292,0.9701,"BA0000681:Sun Valley Bronze-REV001:6; BA0000009:Rocky Mountain Hardware, Inc.:2; BA0013229:Earth Elements LLC:1",CONFLICTING_HISTORY,7285; AP-1003-12-S; AP-1003-24-W1; AP-534-18-WI; AP-570-24-S3; AP-909-18-W1; AW-169-W1; AW-9100LH; AW-9100RH; BB-12-W2,,
Sure-Loc,SURE LOC,H065,HARD-LOT,pending,,,,126,126,0,BA0000694,"Sure-Loc Hardware, Inc.",true,126,1.0000,,STRONG_HISTORY,AP102-RD-FBL; BARN-FL15; BARN-KIT72-15; BARN-SQ4-32D; BG100-SQFBL; BG100-SQSB; BG101 FBL; BG101-SQ SB; BG101-SQFBL; BG101-SQSB,,
Tanner Craft,TANNER CRAFT,H066,HARD-LOT,pending,,,,33,33,0,BA0000650,Colonial Bronze,true,33,1.0000,,STRONG_HISTORY,9844-24-14-26; L121-M19X43; L127-M5X16; L1309-10-4-L33; L1309-20-4-L33; L1309-6-4-L33; L1310-24-15XL13-26; L1310-24-M5XL38; L1360-5L8/M10B; L232-8/5/15,,
Top Knobs,TOP KNOBS,H067,HARD-LOT,pending,,BA0000010,Top Knobs,2221,2191,30,BA0000010,Top Knobs,true,2186,0.9977,BA0003333:Top Knobs USA:4; BA0000641:Ashley Norton Inc.:1,CONFLICTING_HISTORY,A6028-WB; A623-BRN; DNUDROPSHIP-TOPKNOBS; ED10BSND; ED11ORBD; ED2APD; ED2BSND; ED2ORBD; ED3BSND; ED3ORBD,,
Turnstyle,TURNSTYLE,H068,HARD-LOT,pending,,,,181,165,16,BA0000696,Turnstyle Designs LTD,true,165,1.0000,,STRONG_HISTORY,A1180-CTFA-S0160; A1180-TAFA-S0160; A1183-BLSN-S; A1183‐GCSN‐S; AP1180-CT-S0160; AP1182-BL-S0096; AP1182-BL-S0128; AP1182-BL-S0160; AP1182-CT-S0096; B5001-BBFA-S0160,,
Unison,UNISON,H069,HARD-LOT,pending,,,,34,34,0,BA0000697,Unison Architectural Hardware,true,34,1.0000,,STRONG_HISTORY,BT170FT-19G; CD110B6-G19; CMB0345-032D; DNUDROPSHIP-UNISON; DSIX14-10B; DSIX19-10B; DSIX19-US19G; DSIX26-32D; DSIX34-19G; FH27-PD5010A-TT08-32D,,
Valli & Valli,VALLI VALLI,H070,HARD-LOT,pending,,BA0000698,Valli & Valli,37,28,9,BA0000698,Valli & Valli,true,28,1.0000,,STRONG_HISTORY,01L-15; 02L-15; 04L-15; 101-RP-16; 101-RQ-55; H1044-RP-DMY-LH-16; H1044-RP-PCY-LH-16; H1044-RP-PCY-RH-16; H1044-RP-PGE-LH-16; H1044-RP-PGE-RH-16,,
Vesta,VESTA,H071,HARD-LOT,pending,,,,41,41,0,BA0000699,VESTA Fine Hardware,true,40,0.9756,BA0000010:Top Knobs:1,STRONG_HISTORY,7414ULB; V7001PN; V7001ULB; V7152ULB; V7156ULB; V7157SB; V7158SB; V7158ULB; V7201BSN; V7252PN,,
Water Street Brass,WATER STREET BRASS,H072,HARD-LOT,pending,,BA0000700,Water Street Brass,331,319,12,BA0000700,Water Street Brass,true,319,1.0000,,STRONG_HISTORY,15199-PC; 15214-BNAB; 15214WC; 15356-BNB; 15356-PN; 15586-SB; 15610-BN; 15610PN; 15610SBNL; 15620BNB,,
Yale,YALE,H073,HARD-LOT,pending,,,,12,12,0,BA0000011,"Emtek Products Group, LLC",true,10,0.8333,BA0000668:Intermountain Lock:2,CONFLICTING_HISTORY,HES852M-613; HES852M-630; YAKPPDE.9030; YMGR23.WLK.US19; YMGR24.WLK.US19; YMGR25.WLK.US19; YMRC23.NILUS19; YOWN23.HLDUS19; YOWN24.HLDUS19; YOWN32US19,,
Leatherneck,LEATHERNECK,H074,HARD-LOT,pending,,,,101,101,0,BA0000673,"Leatherneck Hardware, Inc.",true,101,1.0000,,STRONG_HISTORY,#142-PC; 0115-0002; 0115-0020; 0115-0021; 0115-0033; 0115-0062; 0115-0087; 0115-0090D; 0115-0502; 0115-0561,,
Arteriors,ARTERIORS,H075,HARD-LOT,pending,,,,12,6,6,BA0000074,Arteriors Home,false,6,1.0000,,LEADING_VENDOR_NOT_ACTIVE,4729; 4845; 49755; 49836; DA49005; DD2004; ZDNU4729; ZDNU4845; ZDNU49755; ZDNU49836,,
Baton,BATON,H076,HARD-LOT,pending,,,,18,17,1,BA0000644,Baton Security Products,true,16,0.9412,"BA0001331:Bridgeport Worldwide, LLC:1",CONFLICTING_HISTORY,A628HL8B-3; BATONCUSTOM; E501LL8S30-32D; E501LL8S60-32D; E513LL8S60-32D; E517XXNS60-32D; EC60PT-CX-15; EC65KT3141-10B; EC65KT4141-15; EC6C5D,,
BHP,BHP,H077,HARD-LOT,pending,,,,2,0,2,,,false,0,,,NO_VENDOR_EVIDENCE,1203; 1204,,
Rusticware,RUSTICWARE,H078,HARD-LOT,pending,,BA0000683,Rusticware,14,14,0,BA0000683,Rusticware,true,13,0.9286,BA0000684:Rustica Hardware:1,CONFLICTING_HISTORY,8203ORB; 8203SN; 8208ORB; 8208SN; 8218BLK; 8218ORB; 8218SN; 8222ORB; 8222SN; 8286ORB,,
D Line,D LINE,H079,HARD-LOT,pending,,,,4,4,0,BA0001331,"Bridgeport Worldwide, LLC",true,4,1.0000,,STRONG_HISTORY,129008P4070; 129008P4140; 14491692309; 14491792303,,
Devon and Devon,DEVON AND DEVON,H080,HARD-LOT,pending,,,,3,3,0,BA0011918,Keller Supply Company,true,2,0.6667,BA0004756:ALL ABOUT DOORS & WINDOWS:1,CONFLICTING_HISTORY,1420380; 1420381; 413545010-RU,,
Anne At Home,ANNE AT HOME,H081,HARD-LOT,pending,,BA0000638,Anne At Home,6,6,0,BA0000638,Anne At Home,true,6,1.0000,,STRONG_HISTORY,087-01; 088-01; 308-01; 406-8; 461-132; ANNEATHOME,,
Hendel & Hendel,HENDEL HENDEL,H082,HARD-LOT,pending,,,,95,87,8,BA0014941,Hendel & Hendel Inc.,true,64,0.7356,"BA0014995:Modern Matter:15; BA0001331:Bridgeport Worldwide, LLC:8",CONFLICTING_HISTORY,141016P4011; 143430P4212; 143475P4309; 144652P4301; 144654P4301; 14491692104; 149212P4600; 149214P4600; AW137BBPRE; AW163PBTIG,,
Emenee,EMENEE,H083,HARD-LOT,pending,,,,1,1,0,BA0011752,Cool Manufacturing Inc.,true,1,1.0000,,LIMITED_HISTORY,MK1089AMS,,
Ives,IVES,H084,HARD-LOT,pending,,,,1,1,0,BA0000667,Huntington Hardware,true,1,1.0000,,LIMITED_HISTORY,CL12-US10,,
Johnson Hardware,JOHNSON HARDWARE,H085,HARD-LOT,pending,,,,1,1,0,BA0000668,Intermountain Lock,true,1,1.0000,,LIMITED_HISTORY,2041PLBG,,
KN Crowder,KN CROWDER,H086,HARD-LOT,pending,,,,9,9,0,BA0000671,KNC,true,9,1.0000,,STRONG_HISTORY,C-913; C-914; CCSF-2-993-CA-72; CCSF-2-993-CA-84; CCSF998-3-AX96; CRT-100-SS X 108; CRT-101-SS KN; CRT-111-WB-SS; W-475,,
Metal Morphic,METAL MORPHIC,H087,HARD-LOT,pending,,BA0011602,METAL MORPHIC,2,2,0,BA0011602,METAL MORPHIC,true,2,1.0000,,LIMITED_HISTORY,MMCUSTOMBARNPIVOTPULL; MMCUSTOMPULL,,
Restoration Hardware,RESTORATION HARDWARE,H088,HARD-LOT,pending,,BA0000746,Restoration Hardware,5,5,0,BA0000746,Restoration Hardware,true,5,1.0000,,STRONG_HISTORY,10014748BRNZ; 10033211 BRNZ; 24120006BRNZ; 24120008PN; 24120138PN,,
Robert I Merrill,ROBERT I MERRILL,H089,HARD-LOT,pending,,BA0005624,Robert I Merrill,1,1,0,BA0005624,Robert I Merrill,true,1,1.0000,,LIMITED_HISTORY,"2548 A 48""",,
Schall,SCHALL,H090,HARD-LOT,pending,,,,2,2,0,BA0000668,Intermountain Lock,true,1,0.5000,"BA0001331:Bridgeport Worldwide, LLC:1",CONFLICTING_HISTORY,1-946-1760; BRW1-946-1260,,
SDC,SDC,H091,HARD-LOT,pending,,,,4,4,0,BA0000668,Intermountain Lock,true,4,1.0000,,STRONG_HISTORY,FS23MIV; SDC1091AIHD; SDC1291AHWD-V; SDCFS23MI-H,,
Smedbo,SMEDBO,H092,HARD-LOT,pending,,,,3,3,0,BA0000689,SMEDBO INC.,true,3,1.0000,,STRONG_HISTORY,GK121; HV341; HV3455,,
Stanley,STANLEY,H093,HARD-LOT,pending,,,,2,2,0,BA0000668,Intermountain Lock,true,2,1.0000,,LIMITED_HISTORY,STN327-US26D; STN342-US26D,,
Trapper Peak,TRAPPER PEAK,H094,HARD-LOT,pending,,,,2,2,0,BA0009133,Trapper Peak Forge,true,2,1.0000,,LIMITED_HISTORY,PA RK WE R; PR RK WE R,,
Vernon,VERNON,H095,HARD-LOT,pending,,,,3,3,0,BA0000670,Kartners Bathroom Accessories,true,3,1.0000,,STRONG_HISTORY,HOU-1200600-BN; SEA-0800600-BN; TUS-0920600-BN,,
Von Morris,VON MORRIS,H096,HARD-LOT,pending,,BA0008063,Von Morris,1,1,0,BA0008063,Von Morris,true,1,1.0000,,LIMITED_HISTORY,2203-619,,
White Chapel,WHITE CHAPEL,H097,HARD-LOT,pending,,,,14,14,0,BA0003579,WHITE CHAPEL LTD,true,14,1.0000,,STRONG_HISTORY,11PR1; 180EBY63; 217HF42L; 217HF42R; 39RBY11; 39RBY14; 43DBY39; 43DBY6; 46DP73AB; 75FR4P,,
Mockett,MOCKETT,H098,HARD-LOT,pending,,BA0014936,Mockett,2,2,0,BA0014936,Mockett,true,2,1.0000,,LIMITED_HISTORY,DP128/9-90M; DP3/DR/6-90M,,
Karcher Studio,KARCHER STUDIO,H099,HARD-LOT,pending,,,,21,21,0,BA0014160,"Karcher Design NA, LLC",true,21,1.0000,,STRONG_HISTORY,EPDQ2-PAS-83; EPDQ2-PRI-83; EPDQ83; ES350083; EZ1704Q83; EZ21083; EZ21783; UEDBQ2 71; UEL28LA7083RH; UEL-28-PB-60-83,,
Sidler,SIDLER,H100,HARD-LOT,pending,,,,5,5,0,BA0012671,PONTEM LLC,true,5,1.0000,,STRONG_HISTORY,10.00314.99; 10.00400.103; 10.00404.10; 10.15404.001; 10.23404.001,,
Intermountain Lock,INTERMOUNTAIN LOCK,H101,HARD-LOT,pending,,BA0000668,Intermountain Lock,48,47,1,BA0000668,Intermountain Lock,true,47,1.0000,,STRONG_HISTORY,175126; ACNAU-4705LN-619; ACNAU-4705LN-BSP; BES7KC30L15DS3-626; CORML2051 NSA BSP LC; CORML2057 NSA BSP LC; CORML2060 NSA BSP; DDCITS9613-NHO-BRKTWD; DDCITS96-25 689; DON9103-609,,
Huntington Hardware,HUNTINGTON HARDWARE,H102,HARD-LOT,pending,,BA0000667,Huntington Hardware,3,3,0,BA0000667,Huntington Hardware,true,3,1.0000,,STRONG_HISTORY,DSH-129; R104-BRONZE; ZSGXL-GC09-CR,,
Image Window & Door Inc.,IMAGE WINDOW DOOR INC,H103,HARD-LOT,pending,,,,10,10,0,BA0003647,"IMAGE WINDOW &  DOOR, LLC",true,10,1.0000,,STRONG_HISTORY,725891; 725904; 725905; 725926; WF147; WF171; WK661; WK674; WK709; WK710,,
"Trak-Kit, LLC",TRAK KIT LLC,H104,HARD-LOT,pending,,BA0005840,"TRAK-KIT, LLC",2,2,0,BA0005840,"TRAK-KIT, LLC",true,2,1.0000,,LIMITED_HISTORY,SUPER-PSBM-72; SUPER-PSBM-96,,
"Trademark Hardware, INC.",TRADEMARK HARDWARE INC,H105,HARD-LOT,pending,,BA0001336,"TRADEMARK HARDWARE, INC.",1,1,0,BA0001336,"TRADEMARK HARDWARE, INC.",true,1,1.0000,,LIMITED_HISTORY,PK411APKL/36 PEMKO 411,,
Modern Matter,MODERN MATTER,H106,HARD-LOT,pending,,BA0014995,Modern Matter,38,38,0,BA0014995,Modern Matter,true,38,1.0000,,STRONG_HISTORY,AW100PB; AW114PB; AW1604BB; AW1606BB; AW1614BBLOAT; AW1615BBLESP; AW1621BBCLR; AW1622BBCLR; BB251BB; DM1506BBBLU,,
Hapny,HAPNY,H107,HARD-LOT,pending,,,,16,16,0,BA0016324,"Hapny, LLC",true,16,1.0000,,STRONG_HISTORY,C02-SB; HM19-SB; HM550-SB; HM551-SB; HM552-SB; K32-PN; K572-GP; R04-SB; R510-MB; R510-WN,,
Sugatsune,SUGATSUNE,H108,HARD-LOT,pending,,,,3,3,0,BA0021806,"Sugatsune America, Inc.",true,3,1.0000,,STRONG_HISTORY,3512400/CR; DSI-4254S300-35-BL; DSI-4254S300-45-BL,,
Artisan Luxury Handles,ARTISAN LUXURY HANDLES,H109,HARD-LOT,pending,,,,1,1,0,BA0012799,Artisan Luxury Handles,false,1,1.0000,,LEADING_VENDOR_NOT_ACTIVE,ART PULL BAR 260 BR MARB BU,,
Croft Architectural Hardware,CROFT ARCHITECTURAL HARDWARE,H110,HARD-LOT,pending,,BA0022354,Croft Architectural Hardware,0,0,0,BA0022354,Croft Architectural Hardware,true,0,,,EXACT_SUGGESTION_ONLY,,,
Olivari B. S.P.A,OLIVARI B S P A,H111,HARD-LOT,pending,,BA0022355,Olivari B. S.P.A,0,0,0,BA0022355,Olivari B. S.P.A,true,0,,,EXACT_SUGGESTION_ONLY,,,
Plank Hardware,PLANK HARDWARE,H112,HARD-LOT,pending,,BA0021214,Plank Hardware,11,11,0,BA0021214,Plank Hardware,true,11,1.0000,,STRONG_HISTORY,CBP-ADA-CROS-055-1BR; CDB-BOBB-175-1BR; CKN-BOBB-025-1BR; CST-BECK-100-1AB; KH-BECKER-170-AB; KH-BECKER-230-AB; KH-KEPLER-160-AB; KH-KEPLER-220-AB; KH-KEPLER-280-AB; KH-KEPLER-57-AB,,
Coastal Bronze,COASTAL BRONZE,H113,HARD-LOT,pending,,BA0022994,Coastal Bronze,5,5,0,BA0022994,Coastal Bronze,true,5,1.0000,,STRONG_HISTORY,30-405; 40-340; 40-400-B; 50-250; 80-100,,
Rocky Mountain Hardware,ROCKY MOUNTAIN HARDWARE,H114,HARD-LOT,pending,,,,58,58,0,BA0000009,"Rocky Mountain Hardware, Inc.",true,58,1.0000,,STRONG_HISTORY,CK10050; CK10070BD; CK10338WL; CK10618BD; CK10708BD; CK10712BD; CK10712WD; CK10718BD; CK10718WD; CK20010BD,,
Embelle,EMBELLE,H115,HARD-LOT,pending,,BA0024065,Embelle,4,4,0,BA0024065,Embelle,true,4,1.0000,,STRONG_HISTORY,DBQ21SDB; LCGK30ADB; LCGK30RDB; LCGK30UDB,,
Alore,ALORE,P001,PLUMB-LOT,pending,,,,0,0,0,,,false,0,,,NO_EXISTING_ITEMS,,,
Amba,AMBA,P002,PLUMB-LOT,pending,,,,68,57,11,BA0000703,Amba Towel Warmers,true,57,1.0000,,STRONG_HISTORY,A2856P; AE-1R-SB; AJ-DGP; AJ-DGP-W; ATW-CDT; ATW-CWB; ATW-S-W; ATW-T24; ATW-T24-WH; ATW-TDHC-B,,
Amerec,AMEREC,P003,PLUMB-LOT,pending,,,,28,21,7,BA0000704,Tylohelo Inc./Amerec,true,21,1.0000,,STRONG_HISTORY,0000-00512; 3205080; 3217197; 3234465-01; 6031-408; 8801-122; 8801-123; 9053-402; 9053-41X; 9114-126,,
Artos,ARTOS,P004,PLUMB-LOT,pending,,,,195,193,2,BA0013051,"Westover, Inc.",true,193,1.0000,,STRONG_HISTORY,F100137BK; F100137BN; F100137CH; F100137SB; F100138BK; F100138BN; F100138SB; F100139BK; F100139BN; F100139CH,,
Axor,AXOR,P005,PLUMB-LOT,pending,,,,660,410,250,BA0000005,Hansgrohe,true,410,1.0000,,STRONG_HISTORY,04486000; 04695000; 0474614X; 04746250; 0474625X; 04746330; 04746340; 04746820; 04746830; 04746950,,
Barclay,BARCLAY,P006,PLUMB-LOT,pending,,,,382,262,120,BA0000708,Barclay Products,true,253,0.9656,BA0000090:Barclay & Hill:7; BA0000743:Newport/Brasstech:1; BA0000749:Standard Plumbing Supply:1,CONFLICTING_HISTORY,3-1091WH; 3-1109WH; 3290-5223/56; 3-3021WH; 3-341WH; 340-28-SN; 340-36-PN; 3-461WH; 3-498WH; 3-848WH,,
Bates and Bates,BATES AND BATES,P007,PLUMB-LOT,pending,,,,9,7,2,BA0000709,Alno--Bates and Bates,true,7,1.0000,,STRONG_HISTORY,B0150H.AB; B0500H.AB; B2225H.ON; D1000.AB; D2500.ON; P1113-GM; P1721.D.BS; ZDNUP1113-GM; ZDNUP1721.D.BS,,
Blanco,BLANCO,P008,PLUMB-LOT,pending,,,,321,260,61,BA0000749,Standard Plumbing Supply,true,131,0.5038,BA0015236:Blanco America Inc.:114; BA0000750:The Stock Market:14; BA0011918:Keller Supply Company:1,CONFLICTING_HISTORY,203439; 203441; 203443; 203451; 221008; 221010; 221013; 221018; 221206; 222593,,
Bocchi,BOCCHI,P009,PLUMB-LOT,pending,,,,55,52,3,BA0008642,BOCCHI - Sanikey USA Inc.,true,52,1.0000,,STRONG_HISTORY,1006-001-0125; 1006-004-0125; 1124-001-0126; 1136-001-0120; 1137-001-0120; 1138-001-0120; 1169-001-0320; 1344-010-0120; 1350-001-0120; 1352-001-0120,,
Brasstech,BRASSTECH,P010,PLUMB-LOT,pending,,,,153,93,60,BA0000743,Newport/Brasstech,true,86,0.9247,BA0000714:Delta Faucet Company:7,CONFLICTING_HISTORY,112/03N; 112/06; 112/07; 112/10; 112/24; 112-03N; 112A/034; 112A/06; 112A/07; 112A/10,,
Brizo,BRIZO,P011,PLUMB-LOT,pending,,,,4475,3443,1032,BA0000714,Delta Faucet Company,true,3380,0.9817,"BA0000677:Mountain West Marketing:47; BA0000750:The Stock Market:11; BA0000006:California Faucets:1; BA0000008:Waterworks Operating Co., LLC:1; BA0000748:Santec:1; BA0000774:G.E. / General Electric:1; BA0015641:Pfister:1",CONFLICTING_HISTORY,61007LF-BLLHP; 61007LF-BNXLHP-L; 61007LF-GLLHP-L; 61007LF-SSLHP-L; 61023LF-BNXLHP; 61025LF-BL; 61025LF-GL; 61025LF-PC; 61025LF-PN; 61025LF-RB,,
California Faucets,CALIFORNIA FAUCETS,P012,PLUMB-LOT,pending,,BA0000006,California Faucets,7380,4949,2431,BA0000006,California Faucets,true,4946,0.9994,BA0000714:Delta Faucet Company:1; BA0000751:Stone Forest:1; BA0000754:Trim By Design:1,STRONG_HISTORY,08-75-65; 08-75-99; 0903-30.20-BTB; 0903-30K.18-SBZ; 0903-30K.20-MBLK; 0903-30K.20-PBU; 0903-30K.20-PN; 0903-30K.20-SBZ; 0903-30XK.20-ORB; 0906-30K.20-PN,,
Cheviot,CHEVIOT,P013,PLUMB-LOT,pending,,,,132,74,58,BA0000711,Cheviot Products Inc.,true,74,1.0000,,STRONG_HISTORY,1112-WH; 1116-WH; 1230/23-WH-1/575-BN; 1280-GR; 1280-MB; 1280-MW; 1280-WH; 1283-GR; 1283-MB; 1283-MW,,
Crosswater,CROSSWATER,P014,PLUMB-LOT,pending,,,,1364,901,463,BA0000712,"Forte Brands, LLC",true,868,0.9634,BA0000258:Forte Brands LLC:31; BA0000006:California Faucets:1; BA0000015:Craig Peters:1,CONFLICTING_HISTORY,11-01-PN; 11-01-SN; 11-04-PN; 11-08-PN; 11-08-SN; 11-14P-T-PN; 11-14P-T-SN; 11-14-T-PN; 11-14-T-SN; 11-15P-T-PN,,
Delta,DELTA,P015,PLUMB-LOT,pending,,,,1111,792,319,BA0000714,Delta Faucet Company,true,770,0.9722,"BA0000677:Mountain West Marketing:19; BA0012625:Kraus USA Plumbing, LLC:3",CONFLICTING_HISTORY,1165LF-BL; 1190LFL-CZ; 142749; 142749-CZ; 144749-BL; 144749-SS; 144749-SS-HS; 15849LF-BL; 15849LF-GZPD; 15849LF-PD,,
Dornbracht,DORNBRACHT,P016,PLUMB-LOT,pending,,,,1253,852,401,BA0000715,Dornbracht GmbH & Co. KG,true,852,1.0000,,STRONG_HISTORY,04110102300-06; 04120506310-06; 04121109210-00; 04121109210-06; 04121109310-00; 04121109410-06; 04121114800-06; 04240418900-00; 04300212000-08; 04300212000-85,,
Duravit,DURAVIT,P017,PLUMB-LOT,pending,,BA0000717,Duravit,171,119,52,BA0000717,Duravit,true,119,1.0000,,STRONG_HISTORY,0014170000; 0014220000; 0020090000; 0020192600; 0020290000; 0026390000; 0027590000; 0030751000-10; 0050200000; 0050270092,,
Electric Mirror,ELECTRIC MIRROR,P018,PLUMB-LOT,pending,,BA0000719,Electric Mirror,172,125,47,BA0000719,Electric Mirror,true,124,0.9920,"BA0000770:Electrolux Consumer Products, Inc.:1",STRONG_HISTORY,10134; AMB2-23.25X40-D2-DF-LT-OF-30K; AMB-2330-LT; AMB-2340-LT; ARI-4848-AK; ARI-5939-WG3; ARI-6036-AE; ARI-6048-AK; ARI-8036; ASC-2330-TD-LT,,
Elkay,ELKAY,P019,PLUMB-LOT,pending,,,,460,270,190,BA0000676,The Lovell Company,true,163,0.6037,BA0000536:Southwest Plumbing Supply:104; BA0000006:California Faucets:1; BA0000094:BCA of Southwestern Idaho:1; BA0000641:Ashley Norton Inc.:1,CONFLICTING_HISTORY,1000004711; 1000005348; 1000005395; 1000005454; 14-1C16X20-2-18X; 1C18X18-0X; 1C24X24-R-24X; 51300C; 71300C; AP99,,
Fairmont Designs,FAIRMONT DESIGNS,P020,PLUMB-LOT,pending,,BA0000721,Fairmont Designs,43,22,21,BA0000721,Fairmont Designs,true,22,1.0000,,STRONG_HISTORY,1100-M24BK; 1401-36; 1401-6021D; 1505-MC20R; 1505-VH3018; 1507-VH30; 1509-V30; 1509-V48A; 1542-V30; 1552-V30,,
Fantini,FANTINI,P021,PLUMB-LOT,pending,,,,266,245,21,BA0010852,"Fantini USA, Inc",true,245,1.0000,,STRONG_HISTORY,19 00 D300AU; 19 00 D391AU; 1900D276AU; 1900D331AU; 1900D372AU; 1900D373AU; 1900D376AU; 1900D391AU; 1900D400AU; 20P5P909,,
Foster,FOSTER,P022,PLUMB-LOT,pending,,,,37,25,12,BA0000758,Water Inc.,true,25,1.0000,,STRONG_HISTORY,1013 666; 1014 666; 1015 660; 1049 950; 1049 956; 2156 866; 8100 303; 8100 600; 8100 612; 8100 621,,
Franke,FRANKE,P023,PLUMB-LOT,pending,,,,378,259,119,BA0000722,"Franke Kitchen Systems, LLC",true,252,0.9730,BA0000676:The Lovell Company:7,CONFLICTING_HISTORY,10.441.002.127; 10.441.033.127; 1145; 1145-SN; 119.0437.314; 800-SHG; 900-CHA; 900-MBK; 900-OYS; 900-PWT,,
The Galley,THE GALLEY,P024,PLUMB-LOT,pending,,BA0000724,The Galley,398,258,140,BA0000724,The Galley,true,258,1.0000,,STRONG_HISTORY,2024-5DISPSTAND-TT-PT; A-DRN-MSS; A-DRN-PSS; AF; B1-11-0-ST; BC-17-D-WA; BG-11-N-SS; BG-18-C-1-SS; BG-20-SS; BG-25-S-SS,,
Geberit,GEBERIT,P025,PLUMB-LOT,pending,,BA0000725,Geberit,92,63,29,BA0000725,Geberit,true,62,0.9841,BA0013229:Earth Elements LLC:1,STRONG_HISTORY,109.307.00.5; 111.335.00.5; 111.597.00.1; 111.597.00.2; 111.798.00.2; 111.835.00.1; 111.902.00.5; 111.902.00.7; 115.081.SJ.1; 115.622.FW.1,,
Gessi,GESSI,P026,PLUMB-LOT,pending,,,,848,615,233,BA0001129,GESSI North America,true,613,0.9967,BA0000714:Delta Faucet Company:1; BA0000716:DSKB INC.:1,STRONG_HISTORY,01005#031; 01005#713; 01005#845; 01394#031; 01637#031; 01637#149; 01637#299; 01720#239; 01723#238; 01731#000,,
Graff,GRAFF,P027,PLUMB-LOT,pending,,,,1710,1153,557,BA0000727,Graff Faucets Co.,true,1150,0.9974,BA0000714:Delta Faucet Company:1; BA0000774:G.E. / General Electric:1; BA0001129:GESSI North America:1,STRONG_HISTORY,3230-1650/15; 66156#713; 77-RH; C14U-VS-PC; C14U-WS-BAU; C14U-WS-PC; C14U-WS-SN; C14-VS-BB; C14-VS-MBK; C14-VS-SN,,
Grohe,GROHE,P028,PLUMB-LOT,pending,,,,109,66,43,BA0000750,The Stock Market,true,47,0.7121,BA0003290:Hajoca Corporation:15; BA0000713:Decorative Plumbing Distributors:3; BA0000749:Standard Plumbing Supply:1,CONFLICTING_HISTORY,04865000; 1062160000; 1062570000; 11153000; 132742431; 13275A01; 14140000; 144682431; 14472A00; 19376000,,
Hansgrohe,HANSGROHE,P029,PLUMB-LOT,pending,,BA0000005,Hansgrohe,1193,742,451,BA0000005,Hansgrohe,true,737,0.9933,BA0000718:Hansgrohe ESS:3; BA0000750:The Stock Market:1; BA0001337:UTICA AVENUE PLUMBING SUPPLY:1,CONFLICTING_HISTORY,01850181; 04070000; 04070820; 04070830; 04070920; 04071000; 04071820; 04072000; 04072820; 04072830,,
Hydro Systems,HYDRO SYSTEMS,P030,PLUMB-LOT,pending,,,,3544,1856,1688,BA0000730,Hydro Systems Inc.,true,1854,0.9989,BA0000641:Ashley Norton Inc.:1; BA0000676:The Lovell Company:1,STRONG_HISTORY,27.100; 27.101; 27.103; 29.102; 29.107; 41.128; 69.116-CUS.PMP; 69.140MCREDG; ABN8043HTO-ALM; ABN8066HTA-BIS,,
Infinity Drain,INFINITY DRAIN,P031,PLUMB-LOT,pending,,BA0000731,Infinity Drain,305,222,83,BA0000731,Infinity Drain,true,222,1.0000,,STRONG_HISTORY,BA 6544-1/4 CUSTOM; CDA 22; CDA-22; CDI 22; CDP 22; CDP22; FC 65C 61-72 SS; FC-65C-61-72-SS; FC-65C-CUSTOM; FCS 6536 SS,,
Insinkerator,INSINKERATOR,P032,PLUMB-LOT,pending,,,,32,23,9,BA0000749,Standard Plumbing Supply,true,12,0.5217,BA0000750:The Stock Market:7; BA0000536:Southwest Plumbing Supply:3; BA0000636:Amazon:1,CONFLICTING_HISTORY,79032K-ISE; 79334A-ISE; 79850K-ISE; 79852K-ISE; 80022-ISE; BADGER5XP; E202W/C; F601R-S2002; F-HC1100BB; FHC3010SS,,
Jaclo,JACLO,P033,PLUMB-LOT,pending,,BA0000733,Jaclo,895,539,356,BA0000733,Jaclo,true,535,0.9926,"BA0000006:California Faucets:1; BA0000009:Rocky Mountain Hardware, Inc.:1; BA0000697:Unison Architectural Hardware:1; BA0000759:Waterstone, LLC:1",STRONG_HISTORY,130-SS-BLND; 130-SS-GREY; 136-SS-BLND; 137-SS-BLND; 137-SS-GREY; 156-SS-GREY; 157-MN-SS-BLND; 157-SS-BLND; 157-SS-GREY; 2459-ACU,,
Julien,JULIEN,P034,PLUMB-LOT,pending,,BA0000734,Julien,256,161,95,BA0000734,Julien,true,159,0.9876,BA0000352:JULIE ART DESIGN:1; BA0000736:Lacava LLC:1,STRONG_HISTORY,000110; 003207; 003209; 003211; 003213; 003215; 003218; 003235; 003244; 003257,,
Kallista,KALLISTA,P035,PLUMB-LOT,pending,,,,404,267,137,BA0000749,Standard Plumbing Supply,true,261,0.9775,BA0011918:Keller Supply Company:4; BA0000670:Kartners Bathroom Accessories:2,CONFLICTING_HISTORY,000000000001169967; 000000000001169968; 10350-NA; 1035508-BC; 1107027; L20306-00-NA; L20309-00-NA; P19303-00-NA; P19304-00-NA; P19310-00-NA,,
Kast,KAST,P036,PLUMB-LOT,pending,,,,3,2,1,BA0011918,Keller Supply Company,true,2,1.0000,,LIMITED_HISTORY,AR-B1-IRON; F-A2.L-MINERAL; ZDNUF-A2.L-MINERAL,,
Kohler,KOHLER,P037,PLUMB-LOT,pending,,,,1931,1391,540,BA0000749,Standard Plumbing Supply,true,881,0.6334,"BA0000750:The Stock Market:333; BA0011918:Keller Supply Company:96; BA0003290:Hajoca Corporation:66; BA0000728:Hajoca Corporation:7; BA0000536:Southwest Plumbing Supply:4; BA0000636:Amazon:1; BA0000654:The Delaney Hardware Co.:1; BA0000722:Franke Kitchen Systems, LLC:1; BA0012197:MTI Baths, Inc.:1",CONFLICTING_HISTORY,1068525-BL; 1125-0; 1247986; 2209-0; 2210-0; 2211-0; 2297-0; 2330-0; 2882-0; 3142-ST,,
Krugg,KRUGG,P038,PLUMB-LOT,pending,,,,16,13,3,BA0011785,KRUGG REFLECTION USA LLC,true,13,1.0000,,STRONG_HISTORY,ICON2442; ICON4824; ICON8430; PLAZA1530; PLAZA1830; RONDO28R; SOHOGOLD4836; SV 1-5000 L; SV 4-24; SV 6,,
Keuco,KEUCO,P039,PLUMB-LOT,pending,,,,16,10,6,BA0000735,KEUCO LP,true,10,1.0000,,STRONG_HISTORY,04987510201; 11101010600; 11162010000; 11558-PC; 11596171550; 12718-CH; 14982010051; 17612.139054; 17613019054; HOP4-ORB,,
KWC,KWC,P040,PLUMB-LOT,pending,,,,14,7,7,BA0000722,"Franke Kitchen Systems, LLC",true,7,1.0000,,STRONG_HISTORY,10.061.003.127; 10.061.033.127; 10.151.102.700; 10.151.423.700; 10.261.012.000; 10.261.102.127; 10.441.003.127; ZDNU10.061.003.127; ZDNU10.061.033.127; ZDNU10.151.102.700,,
Lacava,LACAVA,P041,PLUMB-LOT,pending,,,,320,198,122,BA0000736,Lacava LLC,true,197,0.9949,BA0000724:The Galley:1,STRONG_HISTORY,1581.1.PN; 1700-13-44; 2952-001-01; 2972-001-01; 33LA-001; 33S-001; 33SX-001; 4030-A-001; 4030A-001; 4231-001,,
Lenova,LENOVA,P042,PLUMB-LOT,pending,,BA0000737,Lenova,59,30,29,BA0000737,Lenova,true,30,1.0000,,STRONG_HISTORY,A-CB17; A-CB18; A-CB19; A-RG17; A-SS-01; CB-01; CB-03; CB-19; G0S1; G0S3,,
Link A Sink,LINK A SINK,P043,PLUMB-LOT,pending,,BA0000738,Link A Sink,94,65,29,BA0000738,Link A Sink,true,65,1.0000,,STRONG_HISTORY,AC01DI BLK; AC01DI G; AC01UM BLK; AC01UM G; AC07UM-BLK; AG17B-CG; AG17B-FB; B001 AB; B006 AB; BLD105 UB,,
MGS,MGS,P044,PLUMB-LOT,pending,,,,86,68,18,BA0000712,"Forte Brands, LLC",true,51,0.7500,BA0000258:Forte Brands LLC:17,CONFLICTING_HISTORY,AC920-SSMB; AC920-SSMGL; AC920-SSMRG; AC973-SSMB; AC973-SSMGL; AC973-SSMRG; AC977-SSMB; AC977-SSMGL; AC990-SSMB; AC990-SSMGL,,
Baci,BACI,P045,PLUMB-LOT,pending,,,,2,2,0,BA0000732,InterArchitectural Products,true,2,1.0000,,LIMITED_HISTORY,BSR-30-PEW; BSR-X10-02-PEW/GM,,
Moen,MOEN,P046,PLUMB-LOT,pending,,,,270,153,117,BA0000750,The Stock Market,true,99,0.6471,BA0000749:Standard Plumbing Supply:25; BA0003290:Hajoca Corporation:18; BA0011918:Keller Supply Company:6; BA0000654:The Delaney Hardware Co.:3; BA0000536:Southwest Plumbing Supply:2,CONFLICTING_HISTORY,114348BG; 131553BG; 154305BG; 155748BG; 164929; 165914BL; 169031; 172656BL; 172657BG; 177171NL,,
Mountain Plumbing,MOUNTAIN PLUMBING,P047,PLUMB-LOT,pending,,,,957,656,301,BA0000739,Mountain Plumbing Products,true,648,0.9878,"BA0000753:Atmos Project LLC DBA Mr. Steam:6; BA0000007:Rohl, LLC:2",CONFLICTING_HISTORY,A1409XMPN-2; A1445XMSTN-2; AG1100/AB; AG600S/TB; BDEXP1/CHBRZ; BDLTCFT22/CHBRZ; BDR20S22-2/PN; BDR20S22-2/WH; BDWOF-DS/BRN; BDWOF-DS/CPB,,
Mr Steam,MR STEAM,P048,PLUMB-LOT,pending,,,,690,481,209,BA0000753,Atmos Project LLC DBA Mr. Steam,true,479,0.9958,"BA0000641:Ashley Norton Inc.:1; BA0009435:Best Western Marketing, Inc.:1",STRONG_HISTORY,10109W-PC; 103867; 103904; 103937BB; 103937BN; 103937MB; 103937PB; 103937PC; 103937PN; 103937RAW,,
MTI,MTI,P049,PLUMB-LOT,pending,,,,70,53,17,BA0012197,"MTI Baths, Inc.",true,34,0.6415,BA0000749:Standard Plumbing Supply:17; BA0000258:Forte Brands LLC:1; BA0000753:Atmos Project LLC DBA Mr. Steam:1,CONFLICTING_HISTORY,2-608; AST220RGL-WH; C260-WH-MT; FPMJ; GBMBN; HTISOAK; LE; MTCS731; MTCS-748; MTCS-764-WH-MT,,
Native Trails,NATIVE TRAILS,P050,PLUMB-LOT,pending,,BA0000741,Native Trails,392,279,113,BA0000741,Native Trails,true,279,1.0000,,STRONG_HISTORY,CPK270; CPK272; CPK273; CPK278; CPK279; CPK570; CPK572; CPK578; CPK593; CPK878,,
Produits Neptune,PRODUITS NEPTUNE,P051,PLUMB-LOT,pending,,,,72,44,28,BA0000742,Les Produits Neptune Inc.,true,44,1.0000,,STRONG_HISTORY,10.10966.0000.11; 10.11728.0000.11; 10.15810.0010.11; 10.15922.0010.11; 10.15925.0010.11; 10.16027.0041.20; 10.16325.4500.20; 10045297-084; 12.16072.2000.11; 220125-C-110-001,,
Newport Brass,NEWPORT BRASS,P052,PLUMB-LOT,pending,,,,3038,2047,991,BA0000743,Newport/Brasstech,true,1731,0.8456,BA0000714:Delta Faucet Company:314; BA0000677:Mountain West Marketing:1; BA0000727:Graff Faucets Co.:1,CONFLICTING_HISTORY,1000/03N; 1-001; 1-002; 1008/07; 1013-15A; 10288/15; 10289/15; 1030/01; 1030/03N; 1030/04,,
Outdoor Shower Company,OUTDOOR SHOWER COMPANY,P053,PLUMB-LOT,pending,,,,15,13,2,BA0009534,"Outdoor Shower Company, LLC",true,13,1.0000,,STRONG_HISTORY,CAP-113DDS-12; DVA-L1-HSFS; DVA-L2-HS; DVA-PB-35; FTA-BW76-HCHS; FTA-MR1-HC-M; FTA-MR1-HC-S; FTA-P22-HCHS; FTA-S06-8-S; FTA-SA33-12-M,,
Riobel,RIOBEL,P054,PLUMB-LOT,pending,,,,270,172,98,BA0000007,"Rohl, LLC",true,172,1.0000,,STRONG_HISTORY,1-605C; 356PN; 358BN-WS; 366BK; 366BK-WS; 366BN-WS; 366C; 366PN-WS; 4364BN; 4364PN,,
Rohl,ROHL,P055,PLUMB-LOT,pending,,,,2112,1468,644,BA0000007,"Rohl, LLC",true,1466,0.9986,BA0000006:California Faucets:1; BA0000258:Forte Brands LLC:1,STRONG_HISTORY,0126SBHS1AG; 0126SBHS1MB; 0126SBHS1PN; 0126SBHS1STN; 0126WOPN; 0127DOFAG; 0127DOFFB; 0127DOFMB; 0127DOFPN; 0127DOFSTN,,
Santec,SANTEC,P056,PLUMB-LOT,pending,,BA0000748,Santec,455,306,149,BA0000748,Santec,true,306,1.0000,,STRONG_HISTORY,1120CD15; 1120LL10; 1129CD91-TM; 1129LL80-TM; 1131FL70-TM; 1131TT55-TM; 1135LC49-TM; 1150FL75-TM; 1150TT56-TM; 1155FL48-TM,,
Sigma,SIGMA,P057,PLUMB-LOT,pending,,,,48,18,30,BA0000705,American Faucet & Coatings Corporation,true,18,1.0000,,STRONG_HISTORY,1.002864T.82; 1.0098900-96.005; 1.230018-69; 1.250018.43; 1.344807T.44; 1.344808.69; 1.355507ST.82; 1.35SP00.82; 1.35TB24.82; 1.92PH00,,
Sonoma Forge,SONOMA FORGE,P058,PLUMB-LOT,pending,,,,35,23,12,BA0000732,InterArchitectural Products,true,20,0.8696,BA0000749:Standard Plumbing Supply:3,CONFLICTING_HISTORY,BRUT-WF-S-FX-ORB; BRUT-WF-T-FX-ORB; DRAIN-GR-RN; DRAIN-ST-ORB; DRAIN-ST-RC; DRAIN-TRAP-ORB; DRAIN-TRAP-RC; DRAIN-TRAP-RN; SF-11-252-ORB; SF-11-300-RN,,
Stone Forest,STONE FOREST,P059,PLUMB-LOT,pending,,BA0000751,Stone Forest,343,232,111,BA0000751,Stone Forest,true,228,0.9828,BA0000668:Intermountain Lock:1; BA0000714:Delta Faucet Company:1; BA0000724:The Galley:1; BA0001335:SKYLINE DESIGN:1,STRONG_HISTORY,2000-BN; 2000-MB; 2000-MBLK; 256-KNAB; 256-KNPN; 274-AB; 745-6-14; 745-8-M10B; 9054 MBLK; 9054D GB,,
THG,THG,P060,PLUMB-LOT,pending,,,,63,60,3,BA0009777,THG USA LLC,true,60,1.0000,,STRONG_HISTORY,281C-H50; 316/US-F31; 316/US-H50; 514/60-F31; 538A/F31; A58-52/US-B01; A6P-151/US-F01; G00.13800A/US; G00.316/UG-H64; G00.40AM/US,,
Toto,TOTO,P061,PLUMB-LOT,pending,,,,845,581,264,BA0000536,Southwest Plumbing Supply,true,523,0.9002,"BA0000749:Standard Plumbing Supply:31; BA0022393:TOTO USA INC.:14; BA0000676:The Lovell Company:5; BA0000750:The Stock Market:4; BA0000733:Jaclo:3; BA0000008:Waterworks Operating Co., LLC:1",CONFLICTING_HISTORY,9AU321-A; 9AU324#01-A; BT500AR#01; BT500B#01; BT784B#01; C243EF#01; C244EF#01; C404CUF#51; C404CUFG#01; C404CUFG#11,,
Trim By Design,TRIM BY DESIGN,P062,PLUMB-LOT,pending,,BA0000754,Trim By Design,354,245,109,BA0000754,Trim By Design,true,244,0.9959,BA0000643:Baldwin Hardware:1,STRONG_HISTORY,TBD110.15; TBD1422.20; TBD1422.21; TBD1432.21; TBD152.21; TBD152R.15BX; TBD152R.17BX; TBD152R.26BX; TBD153.56BX; TBD154R.15BX,,
T&S Brass,T S BRASS,P063,PLUMB-LOT,pending,,,,20,12,8,BA0000676,The Lovell Company,true,10,0.8333,BA0000749:Standard Plumbing Supply:2,CONFLICTING_HISTORY,061X; B-0104; B-0166; B-0230-K; B-0230-LN; B-0952; B-1100-K; P3-0952; PG-8WREV; PG-8WSAV-08,,
Victoria + Albert,VICTORIA ALBERT,P064,PLUMB-LOT,pending,,BA0000755,Victoria & Albert,140,97,43,BA0000007,"Rohl, LLC",true,97,1.0000,,STRONG_HISTORY_CONFLICTS_WITH_NAME,AMT1M-N-SM-NO; AMT1-N-SW-NO; AMT2M-N-SM-OF; AMT3M-N-SM-NO; AMTM-N-SM-NO; AMT-N-SW-NO; AMT-N-SW-OF; BA1M-N-SM-OF; BA1-N-SW-NO; BA1-N-SW-OF,,
Vissoni,VISSONI,P065,PLUMB-LOT,pending,,,,61,36,25,BA0003330,Vissoni / SANTEC,true,25,0.6944,BA0000756:Santec-V:9; BA0000748:Santec:2,CONFLICTING_HISTORY,PO800; TH-6300; V1220MT-20; V1320PE70; V1320PE-70; V1320PE75; V1361PE; V1366GAC-25; V1366PE-25; V1366PE-35,,
Vogue,VOGUE,P066,PLUMB-LOT,pending,,,,123,72,51,BA0000757,Vogue USA,true,59,0.8194,BA0003319:Vogue USA:12; BA0000748:Santec:1,CONFLICTING_HISTORY,CN021; CN021-1250-500-MAT GOLD; CN021-1250-650-PN; CUSTOM- LG003A-EL-BR-SPECIAL; ENC1 (LG) 813508BN-E; ENC1-(LG)-813508BN-E; ENC1-1220610BN-E; ENC1-C 48.0X24.0 5; ENC1-LG-813508ORB-E; ENC2,,
Water Inc,WATER INC,P067,PLUMB-LOT,pending,,BA0000758,Water Inc.,14,12,2,BA0000758,Water Inc.,true,12,1.0000,,STRONG_HISTORY,BG-1000C; SS-TH4000; WI-FA1710C-MB; WI-FA1710HC-SS; WI-HP-SECURE-1.50C; WI-HP-SECURE-1.50L; WI-HP-SECURE-1.50R; WI-LVH-REPAIR-KIT-HOT-AND-COLD; WI-LVH-TANK-SL1; WI-RO-WALL-AIRGAP,,
Watermark,WATERMARK,P068,PLUMB-LOT,pending,,BA0000760,Watermark,1757,1353,404,BA0000760,Watermark,true,1333,0.9852,"BA0000758:Water Inc.:16; BA0000007:Rohl, LLC:1; BA0000008:Waterworks Operating Co., LLC:1; BA0001129:GESSI North America:1; BA0016237:Phylrich:1",CONFLICTING_HISTORY,111-0.1-12DDP-SPVD; 111-0.1-12GDP-SP4-EB; 111-0.1-12SDP-SP4-RB; 111-0.1-18DDP-SP5-APB; 111-0.1-18GDP-SP5-PT; 111-0.1-18SDP-GM; 111-0.11-SP4-AB; 111-0.1-6DDP-SP4-PG; 111-0.1-6GDP-SP4-VNCO; 111-0.1-6SDP-SP5-PC,,
Waterstone,WATERSTONE,P069,PLUMB-LOT,pending,,,,1015,648,367,BA0000759,"Waterstone, LLC",true,643,0.9923,BA0000006:California Faucets:2; BA0000649:Classic Brass:1; BA0000700:Water Street Brass:1; BA0000743:Newport/Brasstech:1,CONFLICTING_HISTORY,1000; 1002; 10210-MB; 10210-PC; 10210-PN; 10210-SS; 10220-CD; 10230-MB; 10230-MB/CLZ; 10230-PB,,
Waterworks,WATERWORKS,P070,PLUMB-LOT,pending,,,,4858,3230,1628,BA0000008,"Waterworks Operating Co., LLC",true,3226,0.9988,BA0000741:Native Trails:1; BA0000750:The Stock Market:1; BA0000760:Watermark:1; BA0001335:SKYLINE DESIGN:1,STRONG_HISTORY,03-19618-95355-NC; 03-37416-81063; 03-87357-62799; 03-98811-62437; 04-19080-87859; 05-00152-06468; 05-00238-57395; 05-00253-14697; 05-00299-90968; 05-01055-73935,,
West Brass,WEST BRASS,P071,PLUMB-LOT,pending,,,,50,50,0,BA0011479,WESTBRASS,true,50,1.0000,,STRONG_HISTORY,AS110CG; AS130-CG; DF111-MB; FS06433MW; FSJ6533MW; FSJ6533W; FSO5831W; FSO-6433; FSO6433MW; FSO6433W,,
WetStyle,WETSTYLE,P072,PLUMB-LOT,pending,,BA0010977,WetStyle,18,12,6,BA0010977,WetStyle,true,11,0.9167,BA0000752:Studio IL Bagno:1,CONFLICTING_HISTORY,BLB0306-R-MB-MBL-RH; FRL30WM-12; FRL36WM; FRL36WM-12-61; FRL48WM-12; FRLM42WM-28; M2830ME-12; VC-30-8; VC-36C-O-8-NT-MA; VCM42-O-8-NT-MA,,
Whitehaus,WHITEHAUS,P073,PLUMB-LOT,pending,,,,13,12,1,BA0000701,Alfi Trade Inc.,true,12,1.0000,,STRONG_HISTORY,WHFH-HC1010-BN; WHFS813-C; WHKBTLV3-9101-NT-PN; WHNC3120; WHNPL1818-B; WHNPL1818-MBLK; WHNPL35-SS; WHQ536-WHITE; WHQD540-M; WHQDB332-WHITE,,
Zip Water,ZIP WATER,P074,PLUMB-LOT,pending,,BA0014832,Zip Water,118,87,31,BA0000785,MILESTONE DISTRIBUTORS,true,48,0.5517,"BA0014832:Zip Water:38; BA0000008:Waterworks Operating Co., LLC:1",CONFLICTING_HISTORY,01034260; 01034271; 01035191; 01038650; 01043467; 01043493; 01045848; 01046220; 1043481; ZDNUZIP01034202,,
Kartners,KARTNERS,P075,PLUMB-LOT,pending,,,,885,812,73,BA0000670,Kartners Bathroom Accessories,true,812,1.0000,,STRONG_HISTORY,1200600-PBC; 137130; 137132-81; 137132-99; 137134-48; 137134-99; 137152-48; 137152L-48; 137158-48; 137158P-99,,
Norlake,NORLAKE,P076,PLUMB-LOT,pending,,,,2,2,0,BA0000764,Bargreen Ellingson Foodservice Supply & Design (Formerly Bintz),true,2,1.0000,,LIMITED_HISTORY,157752; KLB741010-C/CPB075PC-S-0,,
Shaws,SHAWS,P077,PLUMB-LOT,pending,,,,158,109,49,BA0000007,"Rohl, LLC",true,109,1.0000,,STRONG_HISTORY,734IB; 734MB; 734PN; 734STN; 734ULB; 734WH; 745IB; 745MB; 745PN; 745STN,,
Perrin & Rowe,PERRIN ROWE,P078,PLUMB-LOT,pending,,,,515,351,164,BA0000007,"Rohl, LLC",true,351,1.0000,,STRONG_HISTORY,9.18235PN; 9.20372STN; 9.28385APC; 9.28385PN; 9.28385ULB; U.0127DOFSEG; U.0127DOFULB; U.1010L-PN; U.1010X-PN; U.1106,,
Hamat,HAMAT,P079,PLUMB-LOT,pending,,,,47,24,23,BA0000729,HAMAT USA,true,24,1.0000,,STRONG_HISTORY,AXI-1214B; AXI-1718B; AXI-2318S; AXI-3218S; BAS-2000 SS; CHE-3320DHA-WH; CHE-3320SA-WH; CHE-3320SAW-WH; CUT-1316; CUT-1518,,
Oceania,OCEANIA,P080,PLUMB-LOT,pending,,,,17,11,6,BA0000744,Oceania Baths,true,11,1.0000,,STRONG_HISTORY,ITD35; KE66-01; LO6031LSFLR; PU603016R01; PU6030L01; PU6030R01; PU6032L01; PU6032R01; PU60L-WH; UN3001,,
Laufen,LAUFEN,P081,PLUMB-LOT,pending,,,,9,6,3,BA0001332,LAUFEN CZ - UniCredit Bank,true,6,1.0000,,STRONG_HISTORY,812331; H8114340001121; H8119690001091; H8203390002501; H8239530002511; H8913330000001; ZDNU812331; ZDNUH8203390002501; ZDNUH8913330000001,,
Americh,AMERICH,P082,PLUMB-LOT,pending,,,,4,2,2,BA0000749,Standard Plumbing Supply,true,2,1.0000,,LIMITED_HISTORY,WOU-ORB; WR6636T-WH; ZDNUWOU-ORB; ZDNUWR6636T-WH,,
Effe,EFFE,P083,PLUMB-LOT,pending,,,,9,9,0,BA0011918,Keller Supply Company,true,7,0.7778,BA0013229:Earth Elements LLC:2,CONFLICTING_HISTORY,CH 75 00 0050; CH90000182; CH90000194; HU50520008; HU50520009; ME60000042; ME82000126; ME82000132; ME99000421,,
Franz Viegener,FRANZ VIEGENER,P084,PLUMB-LOT,pending,,BA0015235,Franz Viegener,30,30,0,BA0015235,Franz Viegener,true,25,0.8333,BA0011918:Keller Supply Company:5,CONFLICTING_HISTORY,FV126/59-BB; FV126/K3-SGR; FV128/K3-PG; FV131/K6K-SGR; FV140/39-SGR; FV162/K1-PN; FV162/K6V-SGR; FV163/K3-PG; FV166/K3-PG; FV166/K6K-SGR,,
Furniture Guild,FURNITURE GUILD,P085,PLUMB-LOT,pending,,,,10,5,5,BA0000723,The Furniture Guild,true,5,1.0000,,STRONG_HISTORY,430-0136-B; CAMP2-SB; CBAR2-INLINE-SB; FURNITUREGUILDCUSTOM; QT-CL-4.0-36-F-3-ROXY; ZDNU430-0136-B; ZDNUCAMP2-SB; ZDNUCBAR2-INLINE-SB; ZDNUFURNITUREGUILDCUSTOM; ZDNUQT-CL-4.0-36-F-3-ROXY,,
Galassia,GALASSIA,P086,PLUMB-LOT,pending,,,,4,2,2,BA0000708,Barclay Products,true,2,1.0000,,LIMITED_HISTORY,7406-MT; 7415-NEMT; ZDNU7406-MT; ZDNU7415-NEMT,,
Gatco,GATCO,P087,PLUMB-LOT,pending,,BA0000660,Gatco,30,30,0,BA0000660,Gatco,true,30,1.0000,,STRONG_HISTORY,1286; 1287SN; 1444SN; 4055; 4060; 4061; 4063; 4065; 4120; 4121,,
Aptations,APTATIONS,P088,PLUMB-LOT,pending,,,,4,3,1,BA0000639,"Aptations, Inc.",true,3,1.0000,,STRONG_HISTORY,91243HW; 944-2-85HW; 945-2-85H; ZDNU91243HW,,
Hammerton,HAMMERTON,P089,PLUMB-LOT,pending,,BA0000277,HAMMERTON,66,36,30,BA0000277,HAMMERTON,true,36,1.0000,,STRONG_HISTORY,CHB0020-24-BS-F-001-E2; CHB0026-0A-BS-FG-001-E2; CHB0039-39-HB-B-001-L1; CHB0048-05; CHB0049-03-GM-RB-C01-L1; CHB0049-VA-GM-RC-001-L1; CHB0050-11-GP-CS-C01-L3; CHB0059-24-GB-BC-CA1-L3; CHB0060-03-FB-GC-C01-L1; CHB0060-12-SMOKE BRONZE-SQ,,
Horus,HORUS,P090,PLUMB-LOT,pending,,BA0023517,Horus,23,23,0,BA0010096,Alore Design Inc.,true,23,1.0000,,STRONG_HISTORY_CONFLICTS_WITH_NAME,100.00.573PN; 100.01.532PN; 100.01.589PN; 100.92.047BT; 100.92.591BT; 100.92.597BT; 100.92.926PN; 100.92.945.MC; 102.07.261PN; 102.07.498PN,,
Aquabrass/AD Waters,AQUABRASS AD WATERS,P091,PLUMB-LOT,pending,,,,15,9,6,BA0000640,AD Waters (USA) Inc,true,9,1.0000,,STRONG_HISTORY,40255-PC; 809-PC; 952-PSS; A103-PC; A111-PC; ABAEB1205BN; ABDRB0080PC; ALT75079300; R4095-PC; ZDNU40255-PC,,
Mustee,MUSTEE,P092,PLUMB-LOT,pending,,,,10,8,2,BA0000749,Standard Plumbing Supply,true,4,0.5000,BA0000676:The Lovell Company:2; BA0008211:Missing Vendor:2,CONFLICTING_HISTORY,#10; #16; 14CP; 17F; 28CF; 3260M; 93.600-CP; ZDNU17F; ZDNU28CF; ZDNU93.600-CP,,
Bain,BAIN,P093,PLUMB-LOT,pending,,,,7,6,1,BA0011918,Keller Supply Company,true,5,0.8333,BA0008211:Missing Vendor:1,CONFLICTING_HISTORY,BFEETSC-09; BGBSC-09; BOVERINIZF-09; BSCVOF002-01; BSCVOF00N-01; ORIGAMI-6632; ZDNUORIGAMI-6632,,
Blu Bathworks,BLU BATHWORKS,P094,PLUMB-LOT,pending,,,,6,2,4,BA0011918,Keller Supply Company,true,2,1.0000,,LIMITED_HISTORY,BT0303-01G; BT0308-01G; BTWASTE.RN; ZDNUBT0303-01G; ZDNUBT0308-01G; ZDNUBTWASTE.RN,,
Pfister,PFISTER,P095,PLUMB-LOT,pending,,BA0015641,Pfister,230,218,12,BA0015641,Pfister,true,205,0.9404,BA0000749:Standard Plumbing Supply:9; BA0000676:The Lovell Company:4,CONFLICTING_HISTORY,015-3WDNS; 015-3WDNSS; 015-6WDSS; 015-NQD11; 015-NQSDB11; 016-VRVD; 016-WND; 0X6-050R; 0X6-270R; 0X6-340R,,
Phylrich,PHYLRICH,P096,PLUMB-LOT,pending,,BA0016237,Phylrich,334,332,2,BA0016237,Phylrich,true,330,0.9940,BA0000752:Studio IL Bagno:2,CONFLICTING_HISTORY,1-030; 1-031; 11023/014; 11023-004; 1-115; 1-116; 1-117; 11206-004; 11206-008; 11207/15G,,
Robern,ROBERN,P098,PLUMB-LOT,pending,,,,21,14,7,BA0000749,Standard Plumbing Supply,true,14,1.0000,,STRONG_HISTORY,5M0008FLUT76; 5M0008WLUT76; AC2440D4P1LW; AC2440D4P1RW; CB-X221-5047; IM3072RFPDT; IM3648RPFPDT; MR2040D4FPE2; MR2436D4FPE2; MR2440D4FBE2,,
Samuel Heath,SAMUEL HEATH,P099,PLUMB-LOT,pending,,,,133,131,2,BA0011918,Keller Supply Company,true,94,0.7176,BA0013229:Earth Elements LLC:35; BA0000685:Samuel Heath & Sons:2,CONFLICTING_HISTORY,N158-XL-BGM; N158-XL-CP; N158XL-CTB; N158-XL-URM; N36-XL-PN; N36-XL-SN; N5032-ABM; N5037-ABM; N5091-OBM; N5098-OBM,,
Steamist,STEAMIST,P100,PLUMB-LOT,pending,,,,8,4,4,BA0000677,Mountain West Marketing,true,4,1.0000,,STRONG_HISTORY,GPAD-240; GPXLAD-240; TSG-15; TSG-24; ZDNUGPAD-240; ZDNUGPXLAD-240; ZDNUTSG-15; ZDNUTSG-24,,
Vola,VOLA,P101,PLUMB-LOT,pending,,,,27,22,5,BA0011918,Keller Supply Company,true,13,0.5909,BA0000732:InterArchitectural Products:6; BA0012677:Hastings Bath Collection:2; BA0009043:Atavola:1,CONFLICTING_HISTORY,060A-70; 070-70; 080D-70; 090FM9-70; 100; 1500; 1521AP-70; 200M; 5400FV; 5400FVA3,,
Watco,WATCO,P102,PLUMB-LOT,pending,,,,39,30,9,BA0000728,Hajoca Corporation,false,16,0.5333,BA0000749:Standard Plumbing Supply:8; BA0000536:Southwest Plumbing Supply:3; BA0000750:The Stock Market:1; BA0003290:Hajoca Corporation:1; BA0011918:Keller Supply Company:1,LEADING_VENDOR_NOT_ACTIVE,601-FA-ABS-BB; 601-FA-ABS-BN; 601-FA-ABS-CP; 601-FA-ABS-CP-2H; 601-FA-ABS-NP; 601-FA-ABS-PB; 601-LT-ABS-CP; 601-LT-ABS-NP; 601-PP-ABS-BN; 601-PP-ABS-BZ,,
Body Glove,BODY GLOVE,P103,PLUMB-LOT,pending,,,,11,9,2,BA0000758,Water Inc.,true,9,1.0000,,STRONG_HISTORY,WI-BG1000; WI-BG1000C; WI-BG12000; WI-BG12000C; WI-BG3000; WI-BG3000C; WI-BG3000R; WI-BG6000FF; WI-BG6000FFC; ZDNUWI-BG1000C,,
Dezi Home,DEZI HOME,P104,PLUMB-LOT,pending,,BA0000655,Dezi Home,27,26,1,BA0000655,Dezi Home,true,26,1.0000,,STRONG_HISTORY,D1.103-MBLK; D1.105-OWB; D1.110-OWB; D1.202-MBLK; D2.105-MBLK; D2.105-PC; D2.106-OWB; D2.110-OWB; D2.110-PC; D2.110-PN,,
Easy Drain,EASY DRAIN,P105,PLUMB-LOT,pending,,,,69,39,30,BA0000718,Hansgrohe ESS,true,30,0.7692,BA0000792:Purcell Murray:6; BA0000005:Hansgrohe:3,CONFLICTING_HISTORY,AJQ4-10X10-T; AJQ4-15X15-S; AJQ4-15X15-T; BOXT-30X30X14; EDM4-1000; EDM4-1100; EDM4-1200; EDM4-1300; EDM4-1400; EDM4-1500,,
Cement Elegance,CEMENT ELEGANCE,P106,PLUMB-LOT,pending,,BA0009878,Cement Elegance,6,5,1,BA0009878,Cement Elegance,true,5,1.0000,,STRONG_HISTORY,BM HC-130-WEBSTERGREEN-T-BRACK; CEMENTELEGANCEBACKSPLASH; CEMENTELEGANCECUSTOM; CEMENTELEGANCEOUTLETCUTOUT; FLWH-30-03; ZDNUFLWH-30-03,,
Chicago Faucets,CHICAGO FAUCETS,P107,PLUMB-LOT,pending,,,,2,1,1,BA0000750,The Stock Market,true,1,1.0000,,LIMITED_HISTORY,225-261ABCP; ZDNU225-261ABCP,,
Forte Brands,FORTE BRANDS,P108,PLUMB-LOT,pending,,,,28,19,9,BA0000712,"Forte Brands, LLC",true,17,0.8947,BA0000258:Forte Brands LLC:2,CONFLICTING_HISTORY,17-05-BG; 17-07-BG; 17-08-BG; 17-16-T-BG; 17-17-T-BG; 18-05-BB; 18-08-BB; 18-3000-T-BB; 18-36-BB; MEN-33SA-WH,,
Ginger,GINGER,P109,PLUMB-LOT,pending,,,,55,55,0,BA0000743,Newport/Brasstech,true,47,0.8545,BA0000661:Ginger/Brasstech:8,CONFLICTING_HISTORY,0206/PC; 0210/SN; 0210H/PC; 0218T-18/SN; 1102-PC; 1105/PN; 1109/PN; 1109-PC; 1111-PN; 1139B-PC,,
Landmade,LANDMADE,P110,PLUMB-LOT,pending,,,,14,12,2,BA0000712,"Forte Brands, LLC",true,12,1.0000,,STRONG_HISTORY,HIN-F6632C-PW; HIN-F6632C-PW-CLAY; HIN-F6632C-PW-COAL; KIN-F6834C-PW; LEV-F6831C-PW; LMTUBDOCKSTA; OKU-F6931C-PW; OST-F6033C-PW; OST-F6836C-PW; POW-F6034C-PW,,
Sloan,SLOAN,P111,PLUMB-LOT,pending,,,,11,4,7,BA0000749,Standard Plumbing Supply,true,3,0.7500,BA0000536:Southwest Plumbing Supply:1,CONFLICTING_HISTORY,186XL; 3082675; 3325500; 3400324; 3912744; 8198-0.5GR+3400318CX/GRAPHITE; DRS100-FIL-REF-BLK; ZDNU3082675; ZDNU3325500; ZDNU3400324,,
Hastings,HASTINGS,P112,PLUMB-LOT,pending,,,,2,2,0,BA0012677,Hastings Bath Collection,true,2,1.0000,,LIMITED_HISTORY,HASTINGSCUSTOM; SONIA-MC-1DR-6080-MB,,
Alape,ALAPE,P113,PLUMB-LOT,pending,,,,1,1,0,BA0001332,LAUFEN CZ - UniCredit Bank,true,1,1.0000,,LIMITED_HISTORY,9510106118,,
Allbrook,ALLBROOK,P114,PLUMB-LOT,pending,,,,3,2,1,BA0016021,Fiber Care Bath Inc.,true,2,1.0000,,LIMITED_HISTORY,6550.001.020; ET60-32-LWH; ET60-32-RWH,,
Sterling,STERLING,P115,PLUMB-LOT,pending,,,,3,3,0,BA0011918,Keller Supply Company,true,2,0.6667,BA0000749:Standard Plumbing Supply:1,CONFLICTING_HISTORY,71171110-0; 72131100-0; 995-0,,
Alfi Brand,ALFI BRAND,P116,PLUMB-LOT,pending,,,,9,5,4,BA0000701,Alfi Trade Inc.,true,5,1.0000,,STRONG_HISTORY,AB2017-WH; AB2317; AB48TR; AB9005-BN; AB9005-PC; AB9055-MB; ABC902-MB; ABC902-WH; ABF2418,,
Thermasol,THERMASOL,P117,PLUMB-LOT,pending,,BA0021334,Thermasol,8,8,0,BA0000749,Standard Plumbing Supply,true,6,0.7500,BA0021334:Thermasol:2,CONFLICTING_HISTORY,MTC-SRVD-AB; MTC-SVRD-BN; PROIII-240; PROIII-575; SLSRRD-SB; SPCM-BN; STCM-BN; TT7-SVRD-SB,,
Chambord,CHAMBORD,P118,PLUMB-LOT,pending,,,,5,5,0,BA0000712,"Forte Brands, LLC",true,4,0.8000,BA0000258:Forte Brands LLC:1,CONFLICTING_HISTORY,BIA-35SA-WH; MEN-33DA-WH; MEN-GD-33L; MEN-GD-33S; NOR-21SU-WH,,
EWS-Environmental Water Systems,EWS ENVIRONMENTAL WATER SYSTEMS,P119,PLUMB-LOT,pending,,,,5,5,0,BA0015315,"EWS, Inc. dba Environmental Water Systems",true,5,1.0000,,STRONG_HISTORY,EWS-SPECTRUM-V2; F.SET.BD-6000C; RO3-UV; SS-1.0 EWS; SS-2.5,,
Fiber Care Bath Inc,FIBER CARE BATH INC,P120,PLUMB-LOT,pending,,BA0016021,Fiber Care Bath Inc.,2,2,0,BA0016021,Fiber Care Bath Inc.,true,2,1.0000,,LIMITED_HISTORY,ES60-36WS-LWH; ES60-36WS-RWH,,
American Standard,AMERICAN STANDARD,P121,PLUMB-LOT,pending,,,,5,5,0,BA0000536,Southwest Plumbing Supply,true,4,0.8000,BA0000749:Standard Plumbing Supply:1,CONFLICTING_HISTORY,2891128.020; 3075000.020; 3419A100.020; 4000101.020; 4448A809.020,,
Devon & Devon,DEVON DEVON,P122,PLUMB-LOT,pending,,,,1,1,0,BA0011918,Keller Supply Company,true,1,1.0000,,LIMITED_HISTORY,1470529,,
Kraus,KRAUS,P123,PLUMB-LOT,pending,,,,7,7,0,BA0012625,"Kraus USA Plumbing, LLC",true,5,0.7143,BA0000714:Delta Faucet Company:2,CONFLICTING_HISTORY,KBU14; KGU-413B; KHU101-23; KHU101-24L; KHU24L; KWU100-23L; KWU110-32,,
Standard Plumbing,STANDARD PLUMBING,P124,PLUMB-LOT,pending,,,,6,6,0,BA0000749,Standard Plumbing Supply,true,3,0.5000,"BA0000006:California Faucets:1; BA0000008:Waterworks Operating Co., LLC:1; BA0016237:Phylrich:1",CONFLICTING_HISTORY,4102M-GP-BBU; 4-708/014; C74096; C74097; PX1C1; UNLD16-B,,
Stockmarket,STOCKMARKET,P125,PLUMB-LOT,pending,,,,1,1,0,BA0000750,The Stock Market,true,1,1.0000,,LIMITED_HISTORY,F-1000S,,
Cordova,CORDOVA,P126,PLUMB-LOT,pending,,,,2,2,0,BA0000719,Electric Mirror,true,2,1.0000,,LIMITED_HISTORY,CHA-4836; UNY-3042,,
Ceramica Cielo Spa,CERAMICA CIELO SPA,P127,PLUMB-LOT,pending,,,,4,4,0,BA0013229,Earth Elements LLC,true,4,1.0000,,STRONG_HISTORY,CPVERTF-AN; CSB/; ERVAK-AN; RPB,,
DXV,DXV,P128,PLUMB-LOT,pending,,,,1,1,0,BA0000749,Standard Plumbing Supply,true,1,1.0000,,LIMITED_HISTORY,D20050000.415,,
Bemis,BEMIS,P129,PLUMB-LOT,pending,,,,1,1,0,BA0000536,Southwest Plumbing Supply,true,1,1.0000,,LIMITED_HISTORY,TSPE100-SC,,
Badenhaus,BADENHAUS,P130,PLUMB-LOT,pending,,,,0,0,0,,,false,0,,,NO_EXISTING_ITEMS,,,
Berloni Bango,BERLONI BANGO,P131,PLUMB-LOT,pending,,,,0,0,0,,,false,0,,,NO_EXISTING_ITEMS,,,
Jee-O,JEE O,P132,PLUMB-LOT,pending,,,,0,0,0,,,false,0,,,NO_EXISTING_ITEMS,,,
Decor Walther,DECOR WALTHER,P133,PLUMB-LOT,pending,,,,0,0,0,,,false,0,,,NO_EXISTING_ITEMS,,,
Alice Ceramica,ALICE CERAMICA,P134,PLUMB-LOT,pending,,,,0,0,0,,,false,0,,,NO_EXISTING_ITEMS,,,
Pontem,PONTEM,P135,PLUMB-LOT,pending,,,,3,3,0,BA0012671,PONTEM LLC,true,3,1.0000,,STRONG_HISTORY,BHOL1410L.190; BHOL27200.190; BHOV41GR1.100,,
Western Pottery,WESTERN POTTERY,P136,PLUMB-LOT,pending,,,,3,3,0,BA0000536,Southwest Plumbing Supply,true,2,0.6667,BA0003290:Hajoca Corporation:1,CONFLICTING_HISTORY,B832-W; L186; T8ULF-HP-10-W,,
ICO Bath,ICO BATH,P137,PLUMB-LOT,pending,,BA0021299,Ico Bath,6,6,0,BA0021299,Ico Bath,true,6,1.0000,,STRONG_HISTORY,W0013.BG; W0013.PN; W0014.GM; W4100.GM; W6080.UB; W6086,,
Nantucket SInks,NANTUCKET SINKS,P138,PLUMB-LOT,pending,,,,2,2,0,BA0003290,Hajoca Corporation,true,2,1.0000,,LIMITED_HISTORY,3.5 KDPB; RS15-UB,,
Kingston Brass,KINGSTON BRASS,P139,PLUMB-LOT,pending,,,,0,0,0,,,false,0,,,NO_EXISTING_ITEMS,,,
MAAX,MAAX,P140,PLUMB-LOT,pending,,,,2,2,0,BA0003290,Hajoca Corporation,true,2,1.0000,,LIMITED_HISTORY,106172-R-000-001; OPT20137-084,,
Speakman,SPEAKMAN,P141,PLUMB-LOT,pending,,,,1,1,0,BA0000749,Standard Plumbing Supply,true,1,1.0000,,LIMITED_HISTORY,S-2251-PN,,
Ruvati,RUVATI,P142,PLUMB-LOT,pending,,,,4,4,0,BA0023614,RUVATI USA,false,4,1.0000,,LEADING_VENDOR_NOT_ACTIVE,RVH6333BL; RVH7015; RVU6100; RVU6124,,
Fleurco,FLEURCO,P143,PLUMB-LOT,pending,,BA0024377,Fleurco,1,1,0,BA0024377,Fleurco,true,1,1.0000,,LIMITED_HISTORY,BZWA5931-18,,
Karran,KARRAN,P144,PLUMB-LOT,pending,,,,1,1,0,BA0023191,Karran USA,true,1,1.0000,,LIMITED_HISTORY,QU-820-WH,,